concept_id;parent_id;level;label_fr;parent_label_fr
00;0;2;France;Géographie
01;0;2;Europe;Géographie
02;0;2;Amérique;Géographie
03;0;2;Afrique;Géographie
04;0;2;Asie;Géographie
05;0;2;Océanie;Géographie
06;0;2;Antarctique;Géographie
11;1;2;Gestion de l'entreprise;L'entreprise et son management
12;1;2;Marketing;L'entreprise et son management
13;1;2;Finance;L'entreprise et son management
14;1;2;Production;L'entreprise et son management
15;1;2;Recherche;L'entreprise et son management
16;1;2;Relations humaines;L'entreprise et son management
21;2;2;Science des données;Les outils pour gérer l'entreprise
22;2;2;Sciences et techniques de l'information;Les outils pour gérer l'entreprise
31;3;2;Politique;Les Environnements de l'entreprise
32;3;2;Droit;Les Environnements de l'entreprise
33;3;2;Economie;Les Environnements de l'entreprise
34;3;2;Environnement naturel;Les Environnements de l'entreprise
35;3;2;Société;Les Environnements de l'entreprise
36;3;2;Culture;Les Environnements de l'entreprise
41;4;2;Listes;Listes outils
42;4;2;Secteurs d'activité;Listes outils
001;00;3;REGION FRANCAISE;France
002;00;3;DOM TOM;France
011;01;3;EUROPE;Europe
021;02;3;AMERIQUE;Amérique
031;03;3;AFRIQUE;Afrique
041;04;3;ASIE;Asie
051;05;3;OCEANIE;Océanie
061;06;3;CERCLE POLAIRE;Antarctique
111;11;3;ORGANISATION;Gestion de l'entreprise
112;11;3;ENTREPRISE;Gestion de l'entreprise
113;11;3;STRATEGIE;Gestion de l'entreprise
121;12;3;GESTION DU MARKETING;Marketing
122;12;3;ETUDE DE MARCHE;Marketing
123;12;3;DISTRIBUTION;Marketing
124;12;3;VENTE;Marketing
125;12;3;PUBLICITE;Marketing
131;13;3;FINANCE D'ENTREPRISE;Finance
132;13;3;COMPTABILITE;Finance
133;13;3;CONTROLE DE GESTION;Finance
134;13;3;FINANCE DE MARCHE;Finance
141;14;3;GESTION DE LA PRODUCTION;Production
142;14;3;TECHNIQUE INDUSTRIELLE;Production
143;14;3;TRANSPORT;Production
151;15;3;RECHERCHE ET DEVELOPPEMENT;Recherche
152;15;3;TECHNOLOGIE;Recherche
161;16;3;GESTION DES RESSOURCES HUMAINES;Relations humaines
162;16;3;RELATIONS DU TRAVAIL;Relations humaines
163;16;3;FORMATION;Relations humaines
164;16;3;SCIENCE DU COMPORTEMENT;Relations humaines
211;21;3;MATHEMATIQUES;Science des données
212;21;3;STATISTIQUE;Science des données
213;21;3;INFORMATIQUE;Science des données
222;22;3;COMMUNICATION;Sciences et techniques de l'information
223;22;3;SCIENCE DE L'INFORMATION;Sciences et techniques de l'information
224;22;3;TIC;Sciences et techniques de l'information
311;31;3;ENVIRONNEMENT POLITIQUE;Politique
321;32;3;DROIT;Droit
322;32;3;DROIT COMMERCIAL;Droit
323;32;3;DROIT CIVIL;Droit
324;32;3;DROIT SOCIAL;Droit
331;33;3;THEORIE ECONOMIQUE;Economie
332;33;3;ECONOMIE POLITIQUE;Economie
333;33;3;ECONOMIE INTERNATIONALE;Economie
334;33;3;FISCALITE;Economie
335;33;3;BANQUE ET MONNAIE;Economie
341;34;3;ENERGIE;Environnement naturel
342;34;3;PROTECTION DE L'ENVIRONNEMENT;Environnement naturel
351;35;3;ENVIRONNEMENT SOCIAL;Société
352;35;3;DEMOGRAPHIE;Société
361;36;3;ENVIRONNEMENT CULTUREL ET ARTISTIQUE;Culture
362;36;3;ENVIRONNEMENT SCIENTIFIQUE;Culture
410;41;3;LANGUE VIVANTE;Listes
411;41;3;MOT OUTIL;Listes
412;41;3;TYPE DE DOCUMENT;Listes
413;41;3;ORGANISATION INTERNATIONALE;Listes
414;41;3;ORGANISME FRANCAIS;Listes
415;41;3;ZONE GEOPOLITIQUE;Listes
416;41;3;ACCORD INTERNATIONAL;Listes
420;42;3;AGROALIMENTAIRE SECTEUR;Secteurs d'activité
421;42;3;EXPLOITATION DU MILIEU NATUREL SECTEUR;Secteurs d'activité
422;42;3;TRAVAIL DES METAUX SECTEUR;Secteurs d'activité
423;42;3;ELECTRICITE ET ELECTRONIQUE SECTEUR;Secteurs d'activité
424;42;3;CHIMIE SECTEUR;Secteurs d'activité
425;42;3;INDUSTRIE DE TRANSFORMATION SECTEUR;Secteurs d'activité
426;42;3;INDUSTRIES DIVERSES SECTEUR;Secteurs d'activité
427;42;3;BATIMENT ET TRAVAUX PUBLICS SECTEUR;Secteurs d'activité
428;42;3;AUXILIAIRE DE L'ENTREPRISE SECTEUR;Secteurs d'activité
429;42;3;SERVICE SECTEUR;Secteurs d'activité
001_00;001;4;REGION FRANCAISE;REGION FRANCAISE
001_02;001;4;GRAND EST;REGION FRANCAISE
001_04;001;4;OCCITANIE;REGION FRANCAISE
001_07;001;4;PROVENCE ALPES COTE D'AZUR;REGION FRANCAISE
001_09;001;4;CORSE;REGION FRANCAISE
001_16;001;4;AUVERGNE-RHÔNE-ALPES;REGION FRANCAISE
001_30;001;4;NOUVELLE-AQUITAINE;REGION FRANCAISE
001_44;001;4;CENTRE-VAL DE LOIRE;REGION FRANCAISE
001_57;001;4;BOURGOGNE-FRANCHE-COMTE;REGION FRANCAISE
001_60;001;4;PAYS DE LA LOIRE;REGION FRANCAISE
001_75;001;4;ILE DE FRANCE;REGION FRANCAISE
001_80;001;4;BRETAGNE;REGION FRANCAISE
001_92;001;4;NORMANDIE;REGION FRANCAISE
001_96;001;4;HAUT-DE-FRANCE;REGION FRANCAISE
002_00;002;4;DOM TOM;DOM TOM
002_05;002;4;TERRES AUSTRALES ET ANTARCTIQUES;DOM TOM
002_34;002;4;ILE DE LA REUNION;DOM TOM
002_37;002;4;NOUVELLE CALEDONIE;DOM TOM
002_44;002;4;MAYOTTE;DOM TOM
002_48;002;4;WALLIS ET FUTUNA;DOM TOM
002_49;002;4;POLYNESIE FRANCAISE;DOM TOM
002_51;002;4;GUYANE;DOM TOM
002_61;002;4;MARTINIQUE;DOM TOM
002_71;002;4;GUADELOUPE;DOM TOM
002_92;002;4;SAINT PIERRE ET MIQUELON;DOM TOM
011_00;011;4;EUROPE;EUROPE
011_01;011;4;GIBRALTAR;EUROPE
011_02;011;4;BELARUS;EUROPE
011_03;011;4;BOSNIE HERZEGOVINE;EUROPE
011_04;011;4;CROATIE;EUROPE
011_05;011;4;KOSOVO;EUROPE
011_06;011;4;MALTE;EUROPE
011_07;011;4;REPUBLIQUE DE MACEDOINE;EUROPE
011_08;011;4;GRECE;EUROPE
011_09;011;4;TURQUIE;EUROPE
011_10;011;4;PORTUGAL;EUROPE
011_11;011;4;ESPAGNE;EUROPE
011_12;011;4;MOLDAVIE;EUROPE
011_13;011;4;MONACO;EUROPE
011_14;011;4;MONTENEGRO;EUROPE
011_15;011;4;VATICAN;EUROPE
011_17;011;4;RUSSIE;EUROPE
011_18;011;4;SERBIE;EUROPE
011_20;011;4;SLOVENIE;EUROPE
011_21;011;4;UKRAINE;EUROPE
011_25;011;4;ITALIE;EUROPE
011_27;011;4;ALBANIE;EUROPE
011_31;011;4;ANDORRE;EUROPE
011_37;011;4;YOUGOSLAVIE;EUROPE
011_39;011;4;BULGARIE;EUROPE
011_41;011;4;FRANCE;EUROPE
011_44;011;4;SUISSE;EUROPE
011_45;011;4;LIECHTENSTEIN;EUROPE
011_46;011;4;AUTRICHE;EUROPE
011_49;011;4;ROUMANIE;EUROPE
011_52;011;4;BELGIQUE;EUROPE
011_53;011;4;LUXEMBOURG;EUROPE
011_58;011;4;HONGRIE;EUROPE
011_60;011;4;IRLANDE;EUROPE
011_63;011;4;REPUBLIQUE DEMOCRATIQUE ALLEMANDE;EUROPE
011_64;011;4;REPUBLIQUE FEDERALE D'ALLEMAGNE;EUROPE
011_65;011;4;ALLEMAGNE;EUROPE
011_66;011;4;SLOVAQUIE;EUROPE
011_67;011;4;TCHECOSLOVAQUIE;EUROPE
011_68;011;4;REPUBLIQUE TCHEQUE;EUROPE
011_69;011;4;UNION SOVIETIQUE;EUROPE
011_71;011;4;ROYAUME UNI;EUROPE
011_73;011;4;PAYS BAS;EUROPE
011_79;011;4;LITUANIE;EUROPE
011_81;011;4;ILES FEROE;EUROPE
011_84;011;4;DANEMARK;EUROPE
011_88;011;4;POLOGNE;EUROPE
011_89;011;4;LETTONIE;EUROPE
011_91;011;4;ISLANDE;EUROPE
011_95;011;4;NORVEGE;EUROPE
011_96;011;4;SUEDE;EUROPE
011_98;011;4;FINLANDE;EUROPE
011_99;011;4;ESTONIE;EUROPE
021_00;021;4;AMERIQUE;AMERIQUE
021_01;021;4;ANTIGUA ET BARBUDA;AMERIQUE
021_02;021;4;ANTILLES NEERLANDAISES;AMERIQUE
021_03;021;4;ARGENTINE;AMERIQUE
021_04;021;4;BAHAMAS;AMERIQUE
021_05;021;4;BELIZE;AMERIQUE
021_06;021;4;BOLIVIE;AMERIQUE
021_07;021;4;BRESIL;AMERIQUE
021_09;021;4;CHILI;AMERIQUE
021_10;021;4;COLOMBIE;AMERIQUE
021_11;021;4;COSTA RICA;AMERIQUE
021_12;021;4;CUBA;AMERIQUE
021_13;021;4;DOMINIQUE;AMERIQUE
021_14;021;4;EL SALVADOR;AMERIQUE
021_15;021;4;EQUATEUR;AMERIQUE
021_17;021;4;GRENADE;AMERIQUE
021_18;021;4;GUATEMALA;AMERIQUE
021_19;021;4;GUYANA;AMERIQUE
021_20;021;4;HAITI;AMERIQUE
021_21;021;4;HONDURAS;AMERIQUE
021_22;021;4;ILES FALKLAND;AMERIQUE
021_23;021;4;INDES-OCCIDENTALES;AMERIQUE
021_24;021;4;JAMAIQUE;AMERIQUE
021_25;021;4;BARBADE;AMERIQUE
021_26;021;4;MEXIQUE;AMERIQUE
021_27;021;4;NICARAGUA;AMERIQUE
021_28;021;4;PANAMA;AMERIQUE
021_29;021;4;PARAGUAY;AMERIQUE
021_30;021;4;PEROU;AMERIQUE
021_31;021;4;REPUBLIQUE DOMINICAINE;AMERIQUE
021_32;021;4;ETATS-UNIS D'AMERIQUE;AMERIQUE
021_33;021;4;SAINT VINCENT;AMERIQUE
021_34;021;4;SAINTE LUCIE;AMERIQUE
021_35;021;4;SURINAME;AMERIQUE
021_36;021;4;TRINITE ET TOBAGO;AMERIQUE
021_37;021;4;URUGUAY;AMERIQUE
021_38;021;4;VENEZUELA;AMERIQUE
021_62;021;4;CANADA;AMERIQUE
031_00;031;4;AFRIQUE;AFRIQUE
031_01;031;4;AFRIQUE DU SUD;AFRIQUE
031_03;031;4;ANGOLA;AFRIQUE
031_04;031;4;BENIN;AFRIQUE
031_05;031;4;BOTSWANA;AFRIQUE
031_06;031;4;BURKINA FASO;AFRIQUE
031_07;031;4;BURUNDI;AFRIQUE
031_08;031;4;CAMEROUN;AFRIQUE
031_09;031;4;CAP VERT;AFRIQUE
031_10;031;4;COMORES;AFRIQUE
031_11;031;4;CONGO;AFRIQUE
031_12;031;4;COTE D'IVOIRE;AFRIQUE
031_13;031;4;DJIBOUTI;AFRIQUE
031_14;031;4;ETHIOPIE;AFRIQUE
031_15;031;4;GABON;AFRIQUE
031_16;031;4;GAMBIE;AFRIQUE
031_17;031;4;GHANA;AFRIQUE
031_18;031;4;GUINEE;AFRIQUE
031_19;031;4;GUINEE BISSAU;AFRIQUE
031_20;031;4;GUINEE EQUATORIALE;AFRIQUE
031_21;031;4;KENYA;AFRIQUE
031_22;031;4;LESOTHO;AFRIQUE
031_23;031;4;LIBERIA;AFRIQUE
031_24;031;4;REPUBLIQUE DEMOCRATIQUE DU CONGO;AFRIQUE
031_25;031;4;MADAGASCAR;AFRIQUE
031_26;031;4;MALAWI;AFRIQUE
031_27;031;4;MALI;AFRIQUE
031_29;031;4;MAURICE;AFRIQUE
031_30;031;4;MAURITANIE;AFRIQUE
031_31;031;4;MOZAMBIQUE;AFRIQUE
031_32;031;4;NAMIBIE;AFRIQUE
031_33;031;4;NIGER;AFRIQUE
031_34;031;4;NIGERIA;AFRIQUE
031_35;031;4;OUGANDA;AFRIQUE
031_36;031;4;REPUBLIQUE CENTRAFRICAINE;AFRIQUE
031_37;031;4;RWANDA;AFRIQUE
031_38;031;4;SAO TOMÉ ET PRINCIPE;AFRIQUE
031_39;031;4;SENEGAL;AFRIQUE
031_40;031;4;SEYCHELLES;AFRIQUE
031_41;031;4;SIERRA LEONE;AFRIQUE
031_42;031;4;SOMALIE;AFRIQUE
031_43;031;4;SOUDAN;AFRIQUE
031_44;031;4;SWAZILAND;AFRIQUE
031_45;031;4;TANZANIE;AFRIQUE
031_46;031;4;TCHAD;AFRIQUE
031_47;031;4;TOGO;AFRIQUE
031_49;031;4;ZAIRE;AFRIQUE
031_50;031;4;ZAMBIE;AFRIQUE
031_51;031;4;ZIMBABWE;AFRIQUE
031_52;031;4;ERYTHREE;AFRIQUE
031_53;031;4;EGYPTE;AFRIQUE
031_74;031;4;ALGERIE;AFRIQUE
031_76;031;4;LIBYE;AFRIQUE
031_82;031;4;MAROC;AFRIQUE
031_95;031;4;TUNISIE;AFRIQUE
041_00;041;4;ASIE;ASIE
041_01;041;4;AFGHANISTAN;ASIE
041_02;041;4;PALESTINE;ASIE
041_03;041;4;ARMENIE;ASIE
041_04;041;4;AZERBAIDJAN;ASIE
041_05;041;4;BAHREIN;ASIE
041_06;041;4;BANGLADESH;ASIE
041_07;041;4;MYANMAR;ASIE
041_08;041;4;BHOUTAN;ASIE
041_09;041;4;BRUNEI DARUSALAM;ASIE
041_10;041;4;CAMBODGE;ASIE
041_11;041;4;CHINE;ASIE
041_12;041;4;CHYPRE;ASIE
041_13;041;4;COREE;ASIE
041_14;041;4;COREE DU NORD;ASIE
041_15;041;4;COREE DU SUD;ASIE
041_17;041;4;EMIRATS ARABES UNIS;ASIE
041_18;041;4;GEORGIE;ASIE
041_19;041;4;HONG KONG;ASIE
041_20;041;4;INDE;ASIE
041_21;041;4;INDONESIE;ASIE
041_22;041;4;TIMOR ORIENTAL;ASIE
041_23;041;4;IRAN;ASIE
041_25;041;4;JAPON;ASIE
041_27;041;4;KAZAKHSTAN;ASIE
041_28;041;4;KIRGHIZISTAN;ASIE
041_29;041;4;KOWEIT;ASIE
041_30;041;4;LAOS;ASIE
041_32;041;4;MALAISIE;ASIE
041_33;041;4;MALDIVES;ASIE
041_34;041;4;MONGOLIE;ASIE
041_35;041;4;NEPAL;ASIE
041_36;041;4;OMAN;ASIE
041_37;041;4;OUZBEKISTAN;ASIE
041_38;041;4;PAKISTAN;ASIE
041_39;041;4;PHILIPPINES;ASIE
041_40;041;4;QATAR;ASIE
041_41;041;4;SINGAPOUR;ASIE
041_42;041;4;SRI LANKA;ASIE
041_44;041;4;TADJIKISTAN;ASIE
041_45;041;4;TAIWAN;ASIE
041_46;041;4;THAILANDE;ASIE
041_47;041;4;TURKMENISTAN;ASIE
041_48;041;4;VIET NAM;ASIE
041_49;041;4;YEMEN;ASIE
041_50;041;4;YEMEN DU NORD;ASIE
041_51;041;4;YEMEN DU SUD;ASIE
041_57;041;4;ARABIE SAOUDITE;ASIE
041_63;041;4;ISRAEL;ASIE
041_65;041;4;JORDANIE;ASIE
041_73;041;4;LIBAN;ASIE
041_77;041;4;IRAK;ASIE
041_84;041;4;SYRIE;ASIE
051_00;051;4;OCEANIE;OCEANIE
051_16;051;4;NOUVELLE ZELANDE;OCEANIE
051_42;051;4;AUSTRALIE;OCEANIE
051_48;051;4;TONGA;OCEANIE
051_57;051;4;FIDJI;OCEANIE
051_66;051;4;VANUATU;OCEANIE
051_69;051;4;SAMOA OCCIDENTALES;OCEANIE
051_73;051;4;PAPOUASIE NOUVELLE GUINEE;OCEANIE
051_75;051;4;ILES SALOMON;OCEANIE
051_78;051;4;TUVALU;OCEANIE
051_86;051;4;NAURU;OCEANIE
051_97;051;4;KIRIBATI;OCEANIE
061_00;061;4;CERCLE POLAIRE;CERCLE POLAIRE
061_01;061;4;ANTARCTIQUE;CERCLE POLAIRE
061_02;061;4;ARCTIQUE;CERCLE POLAIRE
111_01;111;4;DELEGATION DE RESPONSABILITE;ORGANISATION
111_02;111;4;CHEF D'ENTREPRISE;ORGANISATION
111_12;111;4;DIRECTION GENERALE;ORGANISATION
111_13;111;4;CONSEIL D'ADMINISTRATION;ORGANISATION
111_22;111;4;HIERARCHIE;ORGANISATION
111_23;111;4;GOUVERNANCE DE L'ENTREPRISE;ORGANISATION
111_25;111;4;COMPETITIVITE;ORGANISATION
111_30;111;4;ORGANIGRAMME;ORGANISATION
111_31;111;4;STRUCTURE FONCTIONNELLE;ORGANISATION
111_35;111;4;CHAINE DE VALEUR;ORGANISATION
111_40;111;4;RATIONALISATION;ORGANISATION
111_43;111;4;STRUCTURE DE L'ENTREPRISE;ORGANISATION
111_46;111;4;THEORIE DES ORGANISATIONS;ORGANISATION
111_47;111;4;THEORIE DES SYSTEMES;ORGANISATION
111_48;111;4;ANALYSE DES SYSTEMES;ORGANISATION
111_49;111;4;SYSTEMIQUE;ORGANISATION
111_55;111;4;ORGANISATION;ORGANISATION
111_57;111;4;DEVELOPPEMENT DES ORGANISATIONS;ORGANISATION
111_58;111;4;CHANGEMENT ORGANISATIONNEL;ORGANISATION
111_65;111;4;MANAGEMENT;ORGANISATION
111_68;111;4;APPRENTISSAGE ORGANISATIONNEL;ORGANISATION
111_72;111;4;MANAGEMENT ENVIRONNEMENTAL;ORGANISATION
111_73;111;4;MANAGEMENT INTERCULTUREL;ORGANISATION
111_74;111;4;MANAGEMENT INTERNATIONAL;ORGANISATION
111_75;111;4;RESPONSABILITE SOCIALE DE L'ENTREPRISE;ORGANISATION
111_76;111;4;STYLE DE MANAGEMENT;ORGANISATION
111_77;111;4;MANAGEMENT DES CONNAISSANCES;ORGANISATION
111_78;111;4;COMMUNAUTE DE PRATIQUE;ORGANISATION
111_82;111;4;MANAGEMENT TECHNOLOGIQUE;ORGANISATION
111_83;111;4;MANAGEMENT DU RISQUE;ORGANISATION
111_85;111;4;ETHIQUE PROFESSIONNELLE;ORGANISATION
111_87;111;4;CULTURE ORGANISATIONNELLE;ORGANISATION
111_94;111;4;MANAGEMENT COMPARE;ORGANISATION
111_96;111;4;BUREAUCRATIE;ORGANISATION
112_02;112;4;ENTREPRISE DE SERVICES;ENTREPRISE
112_04;112;4;EXPLOITATION AGRICOLE;ENTREPRISE
112_05;112;4;ENTREPRISE ARTISANALE;ENTREPRISE
112_06;112;4;ENTREPRISE INDIVIDUELLE;ENTREPRISE
112_07;112;4;CONGLOMERAT;ENTREPRISE
112_09;112;4;FILIALE ETRANGERE;ENTREPRISE
112_16;112;4;PME;ENTREPRISE
112_17;112;4;ETI;ENTREPRISE
112_18;112;4;FILIALE;ENTREPRISE
112_19;112;4;FILIALE A L'ETRANGER;ENTREPRISE
112_23;112;4;ENTREPRISE INDUSTRIELLE;ENTREPRISE
112_24;112;4;PROFESSION LIBERALE;ENTREPRISE
112_26;112;4;DIMENSION DE L'ENTREPRISE;ENTREPRISE
112_27;112;4;GRANDE ENTREPRISE;ENTREPRISE
112_28;112;4;HOLDING;ENTREPRISE
112_36;112;4;ENTREPRISE FAMILIALE;ENTREPRISE
112_37;112;4;ENTREPRISE MULTINATIONALE;ENTREPRISE
112_38;112;4;ENTREPRISE ETRANGERE;ENTREPRISE
112_41;112;4;SECTEUR PUBLIC;ENTREPRISE
112_51;112;4;SECTEUR PRIVE;ENTREPRISE
112_53;112;4;AIDE AUX ENTREPRISES;ENTREPRISE
112_55;112;4;ENTREPRISE;ENTREPRISE
112_56;112;4;MODELE D'ENTREPRISE;ENTREPRISE
112_58;112;4;ENTREPRISE LOCALE;ENTREPRISE
112_61;112;4;ENTREPRENEURIAT SOCIAL;ENTREPRISE
112_62;112;4;DELOCALISATION;ENTREPRISE
112_64;112;4;HISTOIRE DE L'ENTREPRISE;ENTREPRISE
112_66;112;4;COLLABORATION INTER ENTREPRISES;ENTREPRISE
112_70;112;4;ENTREPRISE EN DIFFICULTE;ENTREPRISE
112_71;112;4;PEPINIERE D'ENTREPRISES;ENTREPRISE
112_72;112;4;ENTREPRENEURIAT;ENTREPRISE
112_76;112;4;PARTENARIAT;ENTREPRISE
112_78;112;4;SOUS TRAITANCE;ENTREPRISE
112_79;112;4;PORTAGE SALARIAL;ENTREPRISE
112_80;112;4;CESSATION D'ACTIVITE;ENTREPRISE
112_81;112;4;CREATION D'ENTREPRISE;ENTREPRISE
112_82;112;4;INTRAPRENEURIAT;ENTREPRISE
112_83;112;4;SCISSION;ENTREPRISE
112_84;112;4;FUSION ACQUISITION;ENTREPRISE
112_85;112;4;ALLIANCE STRATEGIQUE;ENTREPRISE
112_86;112;4;CLUSTER;ENTREPRISE
112_87;112;4;FRANCHISE;ENTREPRISE
112_89;112;4;SPECIALISATION;ENTREPRISE
112_90;112;4;START-UP;ENTREPRISE
112_91;112;4;TRANSMISSION D'ENTREPRISE;ENTREPRISE
112_92;112;4;CROISSANCE DE L'ENTREPRISE;ENTREPRISE
112_94;112;4;LBO;ENTREPRISE
112_95;112;4;COOPETITION;ENTREPRISE
112_98;112;4;JOINT VENTURE;ENTREPRISE
113_05;113;4;PREVISION A COURT TERME;STRATEGIE
113_06;113;4;PREVISION A MOYEN TERME;STRATEGIE
113_07;113;4;PREVISION A LONG TERME;STRATEGIE
113_11;113;4;GESTION DE CRISE;STRATEGIE
113_16;113;4;GESTION PREVISIONNELLE;STRATEGIE
113_18;113;4;TABLEAU DE BORD;STRATEGIE
113_24;113;4;CREATION DE VALEUR;STRATEGIE
113_33;113;4;PRISE DE DECISION;STRATEGIE
113_36;113;4;PLANIFICATION STRATEGIQUE;STRATEGIE
113_37;113;4;PLAN DE DEVELOPPEMENT;STRATEGIE
113_41;113;4;SYSTEME DE MANAGEMENT INTEGRE;STRATEGIE
113_43;113;4;OBJECTIF DE L'ENTREPRISE;STRATEGIE
113_51;113;4;GESTION DE LA QUALITE;STRATEGIE
113_55;113;4;STRATEGIE;STRATEGIE
113_57;113;4;AFFECTATION DES RESSOURCES;STRATEGIE
113_63;113;4;DIAGNOSTIC STRATEGIQUE;STRATEGIE
113_75;113;4;INTELLIGENCE ECONOMIQUE;STRATEGIE
113_77;113;4;PROSPECTIVE;STRATEGIE
113_85;113;4;VEILLE STRATEGIQUE;STRATEGIE
113_95;113;4;BENCHMARKING;STRATEGIE
113_97;113;4;THEORIE DES JEUX;STRATEGIE
121_02;121;4;BIEN DURABLE;GESTION DU MARKETING
121_03;121;4;PRODUIT DE LUXE;GESTION DU MARKETING
121_06;121;4;MARKETING ACHAT;GESTION DU MARKETING
121_07;121;4;MARKETING DES SERVICES;GESTION DU MARKETING
121_09;121;4;MARKETING POLITIQUE;GESTION DU MARKETING
121_11;121;4;CYCLE DE VIE DE PRODUIT;GESTION DU MARKETING
121_14;121;4;BIEN DE GRANDE CONSOMMATION;GESTION DU MARKETING
121_16;121;4;MARKETING INDUSTRIEL;GESTION DU MARKETING
121_18;121;4;MARKETING FINANCIER;GESTION DU MARKETING
121_19;121;4;MARKETING ENVIRONNEMENTAL;GESTION DU MARKETING
121_21;121;4;ATTRIBUT DU PRODUIT;GESTION DU MARKETING
121_23;121;4;BIEN DE CONSOMMATION;GESTION DU MARKETING
121_25;121;4;RECHERCHE COMMERCIALE;GESTION DU MARKETING
121_26;121;4;MARKETING EXPERIENTIEL;GESTION DU MARKETING
121_27;121;4;MARKETING SENSORIEL;GESTION DU MARKETING
121_28;121;4;MARKETING CULTUREL;GESTION DU MARKETING
121_29;121;4;MARKETING SOCIAL;GESTION DU MARKETING
121_30;121;4;GAMME DE PRODUITS;GESTION DU MARKETING
121_31;121;4;GESTION PAR CATEGORIE;GESTION DU MARKETING
121_32;121;4;PRODUIT;GESTION DU MARKETING
121_34;121;4;BIEN INDUSTRIEL;GESTION DU MARKETING
121_36;121;4;MARKETING DE LA DISTRIBUTION;GESTION DU MARKETING
121_37;121;4;MARKETING PARTICIPATIF;GESTION DU MARKETING
121_38;121;4;RESEAU COMMERCIAL;GESTION DU MARKETING
121_40;121;4;PRODUIT DERIVE;GESTION DU MARKETING
121_47;121;4;WEBMARKETING;GESTION DU MARKETING
121_50;121;4;DIVERSIFICATION;GESTION DU MARKETING
121_52;121;4;POLITIQUE DE PRODUIT;GESTION DU MARKETING
121_53;121;4;POLITIQUE COMMERCIALE;GESTION DU MARKETING
121_54;121;4;GESTION DE LA RELATION CLIENT;GESTION DU MARKETING
121_55;121;4;GESTION DU MARKETING;GESTION DU MARKETING
121_57;121;4;MARKETING VIRAL;GESTION DU MARKETING
121_58;121;4;MARKETING INTERNATIONAL;GESTION DU MARKETING
121_60;121;4;POSITIONNEMENT;GESTION DU MARKETING
121_63;121;4;FIDELISATION;GESTION DU MARKETING
121_66;121;4;MODELE DE MARKETING;GESTION DU MARKETING
121_67;121;4;MARKETING STRATEGIQUE;GESTION DU MARKETING
121_71;121;4;LANCEMENT DE PRODUIT;GESTION DU MARKETING
121_74;121;4;POLITIQUE DES PRIX;GESTION DU MARKETING
121_76;121;4;THEORIE DU MARKETING;GESTION DU MARKETING
121_78;121;4;MARKETING MIX;GESTION DU MARKETING
121_80;121;4;TEST DE PRODUIT;GESTION DU MARKETING
121_81;121;4;TEST DE MARCHE;GESTION DU MARKETING
121_82;121;4;LABEL DE QUALITE;GESTION DU MARKETING
121_85;121;4;PRIX BAS;GESTION DU MARKETING
121_88;121;4;MARKETING OPERATIONNEL;GESTION DU MARKETING
121_89;121;4;PLAN MARKETING;GESTION DU MARKETING
121_90;121;4;MARQUE DE DISTRIBUTEUR;GESTION DU MARKETING
121_91;121;4;IMAGE DE MARQUE;GESTION DU MARKETING
121_92;121;4;MARQUE;GESTION DU MARKETING
121_93;121;4;PRIX DE GROS;GESTION DU MARKETING
121_94;121;4;FIXATION DES PRIX;GESTION DU MARKETING
121_95;121;4;PRIX DE DETAIL;GESTION DU MARKETING
122_14;122;4;CONSOMMATEUR INDUSTRIEL;ETUDE DE MARCHE
122_28;122;4;PANEL;ETUDE DE MARCHE
122_37;122;4;ETUDE DE MARCHE INDUSTRIEL;ETUDE DE MARCHE
122_39;122;4;PREVISION DE VENTE;ETUDE DE MARCHE
122_50;122;4;CONSUMERISME;ETUDE DE MARCHE
122_53;122;4;CONSOMMATEUR;ETUDE DE MARCHE
122_55;122;4;ETUDE DE MARCHE;ETUDE DE MARCHE
122_57;122;4;TECHNIQUE D'ETUDE DE MARCHE;ETUDE DE MARCHE
122_59;122;4;SEGMENTATION;ETUDE DE MARCHE
122_67;122;4;PART DE MARCHE;ETUDE DE MARCHE
122_69;122;4;GEOMARKETING;ETUDE DE MARCHE
122_70;122;4;INFORMATION DU CONSOMMATEUR;ETUDE DE MARCHE
122_75;122;4;AGENCE D'ETUDE DE MARCHE;ETUDE DE MARCHE
122_77;122;4;MARCHE;ETUDE DE MARCHE
122_79;122;4;MARCHE ETRANGER;ETUDE DE MARCHE
122_82;122;4;STYLE DE VIE;ETUDE DE MARCHE
122_89;122;4;MARCHE PUBLIC;ETUDE DE MARCHE
122_93;122;4;MODE;ETUDE DE MARCHE
122_94;122;4;COMPORTEMENT DU CONSOMMATEUR;ETUDE DE MARCHE
122_98;122;4;MARCHE INTERIEUR;ETUDE DE MARCHE
123_01;123;4;CENTRALE D'ACHAT;DISTRIBUTION
123_07;123;4;CHAINE VOLONTAIRE;DISTRIBUTION
123_13;123;4;GROUPEMENT DE DETAILLANTS;DISTRIBUTION
123_16;123;4;COMMERCE TRADITIONNEL;DISTRIBUTION
123_20;123;4;CASH AND CARRY;DISTRIBUTION
123_27;123;4;MAGASIN A SUCCURSALES;DISTRIBUTION
123_29;123;4;COOPERATIVE DE CONSOMMATION;DISTRIBUTION
123_31;123;4;COMMERCE DE GROS;DISTRIBUTION
123_33;123;4;COMMERCE DE DETAIL;DISTRIBUTION
123_42;123;4;CANAL DE DISTRIBUTION;DISTRIBUTION
123_49;123;4;COMMERCE INTEGRE;DISTRIBUTION
123_50;123;4;DISTRIBUTION PHYSIQUE;DISTRIBUTION
123_55;123;4;DISTRIBUTION;DISTRIBUTION
123_57;123;4;ENTREPRISE DE DISTRIBUTION;DISTRIBUTION
123_59;123;4;DISCOMPTEUR;DISTRIBUTION
123_61;123;4;ENSEIGNE;DISTRIBUTION
123_62;123;4;POINT DE VENTE;DISTRIBUTION
123_74;123;4;MOBILIER DE MAGASIN;DISTRIBUTION
123_78;123;4;GRANDE SURFACE;DISTRIBUTION
123_79;123;4;GRAND MAGASIN;DISTRIBUTION
123_80;123;4;PLV;DISTRIBUTION
123_81;123;4;MERCHANDISING;DISTRIBUTION
123_84;123;4;IMPLANTATION DE MAGASIN;DISTRIBUTION
123_86;123;4;CENTRE COMMERCIAL;DISTRIBUTION
123_89;123;4;SUPERMARCHE;DISTRIBUTION
123_90;123;4;ETIQUETAGE;DISTRIBUTION
123_92;123;4;DEMARQUE INCONNUE;DISTRIBUTION
123_93;123;4;CAISSE;DISTRIBUTION
123_97;123;4;URBANISME COMMERCIAL;DISTRIBUTION
123_99;123;4;HYPERMARCHE;DISTRIBUTION
124_02;124;4;ENCHERE;VENTE
124_07;124;4;FOURNISSEUR;VENTE
124_11;124;4;VENTE PROMOTIONNELLE;VENTE
124_16;124;4;CLIENT;VENTE
124_19;124;4;FACTURE;VENTE
124_20;124;4;LIBRE SERVICE;VENTE
124_24;124;4;EXPORTATION;VENTE
124_25;124;4;IMPORTATION;VENTE
124_27;124;4;SERVICE APRES-VENTE;VENTE
124_28;124;4;DEVIS;VENTE
124_29;124;4;BON DE LIVRAISON;VENTE
124_31;124;4;VENTE AUTOMATIQUE;VENTE
124_33;124;4;IMPLANTATION A L'ETRANGER;VENTE
124_34;124;4;COMPENSATION;VENTE
124_35;124;4;COMMERCE INTERNATIONAL;VENTE
124_37;124;4;SERVICE CLIENT;VENTE
124_38;124;4;DOCUMENT DE VENTE;VENTE
124_39;124;4;BON DE COMMANDE;VENTE
124_40;124;4;VENTE GROUPEE;VENTE
124_46;124;4;VENTE ILLICITE;VENTE
124_51;124;4;VENTE DIRECTE;VENTE
124_53;124;4;TECHNIQUE DE VENTE;VENTE
124_54;124;4;NEGOCIATION COMMERCIALE;VENTE
124_55;124;4;VENTE;VENTE
124_57;124;4;DIRECTION DES VENTES;VENTE
124_59;124;4;CORRESPONDANCE COMMERCIALE;VENTE
124_60;124;4;VENTE A DOMICILE;VENTE
124_62;124;4;MARKETING DIRECT;VENTE
124_65;124;4;FORCE DE VENTE;VENTE
124_67;124;4;CONDITION DE VENTE;VENTE
124_68;124;4;CARNET DE COMMANDES;VENTE
124_70;124;4;VENTE PAR TELEPHONE;VENTE
124_71;124;4;VENTE A DISTANCE;VENTE
124_73;124;4;PRESCRIPTEUR;VENTE
124_75;124;4;VENDEUR;VENTE
124_76;124;4;COURTIER;VENTE
124_77;124;4;PRIX DE VENTE;VENTE
124_78;124;4;DELAI DE PAIEMENT;VENTE
124_79;124;4;VENTE A CREDIT;VENTE
124_81;124;4;PLACE DE MARCHE ELECTRONIQUE;VENTE
124_82;124;4;COMMERCE ELECTRONIQUE;VENTE
124_85;124;4;AGENT COMMERCIAL;VENTE
124_93;124;4;TERRITOIRE DE VENTE;VENTE
124_94;124;4;QUOTA DE VENTE;VENTE
124_96;124;4;CONCESSIONNAIRE;VENTE
125_04;125;4;SALON;PUBLICITE
125_20;125;4;PUBLICITE COOPERATIVE;PUBLICITE
125_26;125;4;PUBLICITE INDUSTRIELLE;PUBLICITE
125_29;125;4;AFFICHE PUBLICITAIRE;PUBLICITE
125_34;125;4;PROMOTION DES VENTES;PUBLICITE
125_37;125;4;PUBLICITE GRAND PUBLIC;PUBLICITE
125_39;125;4;PUBLICITE EXTERIEURE;PUBLICITE
125_40;125;4;PUBLICITE DIRECTE;PUBLICITE
125_42;125;4;PUBLICITE COMPARATIVE;PUBLICITE
125_45;125;4;BUDGET PUBLICITAIRE;PUBLICITE
125_46;125;4;PLAN MEDIA;PUBLICITE
125_51;125;4;PLACEMENT DE PRODUIT;PUBLICITE
125_52;125;4;TECHNIQUE PUBLICITAIRE;PUBLICITE
125_55;125;4;PUBLICITE;PUBLICITE
125_57;125;4;SUPPORT PUBLICITAIRE;PUBLICITE
125_59;125;4;PUBLICITE AUDIOVISUELLE;PUBLICITE
125_63;125;4;SPONSORING;PUBLICITE
125_65;125;4;RECHERCHE PUBLICITAIRE;PUBLICITE
125_67;125;4;REGIE PUBLICITAIRE;PUBLICITE
125_68;125;4;EMBALLAGE;PUBLICITE
125_70;125;4;CAMPAGNE PUBLICITAIRE;PUBLICITE
125_72;125;4;CREATION PUBLICITAIRE;PUBLICITE
125_83;125;4;AGENCE DE PUBLICITE;PUBLICITE
125_85;125;4;IMPACT PUBLICITAIRE;PUBLICITE
125_91;125;4;PUBLICITE MENSONGERE;PUBLICITE
125_92;125;4;MESSAGE PUBLICITAIRE;PUBLICITE
125_93;125;4;ANNONCE;PUBLICITE
125_94;125;4;RELATIONS PUBLIQUES;PUBLICITE
125_95;125;4;EFFICACITE PUBLICITAIRE;PUBLICITE
125_96;125;4;MESURE D'AUDIENCE;PUBLICITE
131_07;131;4;LIAISONS FINANCIERES;FINANCE D'ENTREPRISE
131_10;131;4;CREDIT DOCUMENTAIRE;FINANCE D'ENTREPRISE
131_14;131;4;GESTION DE TRESORERIE;FINANCE D'ENTREPRISE
131_20;131;4;CREDIT FOURNISSEUR;FINANCE D'ENTREPRISE
131_23;131;4;LIQUIDITE;FINANCE D'ENTREPRISE
131_24;131;4;TRESORERIE;FINANCE D'ENTREPRISE
131_30;131;4;BON DE CAISSE;FINANCE D'ENTREPRISE
131_36;131;4;PLACEMENT;FINANCE D'ENTREPRISE
131_37;131;4;GESTION FINANCIERE INTERNATIONALE;FINANCE D'ENTREPRISE
131_38;131;4;FINANCE ISLAMIQUE;FINANCE D'ENTREPRISE
131_39;131;4;RENTABILITE;FINANCE D'ENTREPRISE
131_40;131;4;EFFET DE COMMERCE;FINANCE D'ENTREPRISE
131_42;131;4;CREDIT A COURT TERME;FINANCE D'ENTREPRISE
131_43;131;4;FINANCEMENT A COURT TERME;FINANCE D'ENTREPRISE
131_45;131;4;THEORIE FINANCIERE;FINANCE D'ENTREPRISE
131_47;131;4;RISQUE DE CREDIT;FINANCE D'ENTREPRISE
131_48;131;4;PROFIT;FINANCE D'ENTREPRISE
131_49;131;4;VALEUR AJOUTEE;FINANCE D'ENTREPRISE
131_50;131;4;CREDIT BANCAIRE;FINANCE D'ENTREPRISE
131_53;131;4;FINANCEMENT A MOYEN TERME;FINANCE D'ENTREPRISE
131_55;131;4;FINANCE D'ENTREPRISE;FINANCE D'ENTREPRISE
131_56;131;4;RISQUE FINANCIER;FINANCE D'ENTREPRISE
131_58;131;4;DIVIDENDE;FINANCE D'ENTREPRISE
131_60;131;4;MICROFINANCE;FINANCE D'ENTREPRISE
131_62;131;4;CREDIT A MOYEN TERME;FINANCE D'ENTREPRISE
131_64;131;4;FINANCEMENT EXTERNE;FINANCE D'ENTREPRISE
131_65;131;4;FINANCEMENT;FINANCE D'ENTREPRISE
131_67;131;4;INVESTISSEMENT;FINANCE D'ENTREPRISE
131_68;131;4;INVESTISSEMENT SOCIALEMENT RESPONSABLE;FINANCE D'ENTREPRISE
131_71;131;4;CREDIT BAIL;FINANCE D'ENTREPRISE
131_72;131;4;SYSTEME BANCAIRE PARALLELE;FINANCE D'ENTREPRISE
131_73;131;4;FINANCEMENT A LONG TERME;FINANCE D'ENTREPRISE
131_75;131;4;PLAN DE FINANCEMENT;FINANCE D'ENTREPRISE
131_76;131;4;AUTOFINANCEMENT;FINANCE D'ENTREPRISE
131_77;131;4;INGENIERIE FINANCIERE;FINANCE D'ENTREPRISE
131_78;131;4;CRITERE D'INVESTISSEMENT;FINANCE D'ENTREPRISE
131_79;131;4;INVESTISSEMENT IMMATERIEL;FINANCE D'ENTREPRISE
131_80;131;4;WARRANT;FINANCE D'ENTREPRISE
131_82;131;4;CREDIT A LONG TERME;FINANCE D'ENTREPRISE
131_83;131;4;CAPITAL INVESTISSEMENT;FINANCE D'ENTREPRISE
131_85;131;4;FINANCEMENT PARTICIPATIF;FINANCE D'ENTREPRISE
131_86;131;4;FINANCE VERTE;FINANCE D'ENTREPRISE
131_87;131;4;CAPITAL;FINANCE D'ENTREPRISE
131_88;131;4;VALEUR ACTUALISEE;FINANCE D'ENTREPRISE
131_89;131;4;ROI;FINANCE D'ENTREPRISE
131_90;131;4;HYPOTHEQUE;FINANCE D'ENTREPRISE
131_91;131;4;EMPRUNT;FINANCE D'ENTREPRISE
131_93;131;4;CAPITAL RISQUE;FINANCE D'ENTREPRISE
131_99;131;4;MATHEMATIQUES FINANCIERES;FINANCE D'ENTREPRISE
132_00;132;4;EVALUATION D'UNE ENTREPRISE;COMPTABILITE
132_03;132;4;BENEFICE;COMPTABILITE
132_04;132;4;DEFICIT;COMPTABILITE
132_07;132;4;MARGE COMPTABLE;COMPTABILITE
132_09;132;4;REDRESSEMENT COMPTABLE;COMPTABILITE
132_10;132;4;PER;COMPTABILITE
132_11;132;4;CAPITALISATION BOURSIERE;COMPTABILITE
132_12;132;4;REPORT A NOUVEAU;COMPTABILITE
132_13;132;4;RESULTAT DE L'EXERCICE;COMPTABILITE
132_15;132;4;CASH FLOW;COMPTABILITE
132_18;132;4;REGULARISATION COMPTABLE;COMPTABILITE
132_21;132;4;DCF;COMPTABILITE
132_25;132;4;SOLDES INTERMEDIAIRES DE GESTION;COMPTABILITE
132_27;132;4;CHIFFRE D'AFFAIRES;COMPTABILITE
132_29;132;4;ECRITURE COMPTABLE;COMPTABILITE
132_31;132;4;FONDS DE ROULEMENT;COMPTABILITE
132_33;132;4;STRUCTURE FINANCIERE;COMPTABILITE
132_34;132;4;CHARGE COMPTABLE;COMPTABILITE
132_36;132;4;PRODUIT COMPTABLE;COMPTABILITE
132_38;132;4;OPERATION COMPTABLE;COMPTABILITE
132_39;132;4;IMPUTATION;COMPTABILITE
132_40;132;4;TAUX D'ENDETTEMENT;COMPTABILITE
132_43;132;4;ANALYSE FINANCIERE;COMPTABILITE
132_44;132;4;INFORMATION FINANCIERE;COMPTABILITE
132_45;132;4;COMPTE DE RESULTAT;COMPTABILITE
132_46;132;4;COMPTABILITE INTERNATIONALE;COMPTABILITE
132_47;132;4;NORME COMPTABLE;COMPTABILITE
132_49;132;4;DOCUMENT COMPTABLE;COMPTABILITE
132_50;132;4;RATIO DE LIQUIDITE;COMPTABILITE
132_52;132;4;RATIO FINANCIER;COMPTABILITE
132_54;132;4;CONSOLIDATION DES COMPTES;COMPTABILITE
132_55;132;4;COMPTABILITE;COMPTABILITE
132_57;132;4;PLAN COMPTABLE;COMPTABILITE
132_61;132;4;ACTIF IMMATERIEL;COMPTABILITE
132_63;132;4;COMPTABILITE ENVIRONNEMENTALE;COMPTABILITE
132_64;132;4;BILAN CONSOLIDE;COMPTABILITE
132_66;132;4;COMMISSARIAT AUX COMPTES;COMPTABILITE
132_67;132;4;EXERCICE FISCAL;COMPTABILITE
132_69;132;4;EXPERTISE COMPTABLE;COMPTABILITE
132_70;132;4;ACTIF NET;COMPTABILITE
132_72;132;4;ACTIF CIRCULANT;COMPTABILITE
132_73;132;4;ACTIF;COMPTABILITE
132_75;132;4;BILAN;COMPTABILITE
132_79;132;4;REEVALUATION DU BILAN;COMPTABILITE
132_81;132;4;COMPTE DE STOCK;COMPTABILITE
132_83;132;4;IMMOBILISATION;COMPTABILITE
132_85;132;4;GESTION ACTIF PASSIF;COMPTABILITE
132_87;132;4;PASSIF;COMPTABILITE
132_88;132;4;DETTE;COMPTABILITE
132_90;132;4;INVENTAIRE;COMPTABILITE
132_91;132;4;CREANCE;COMPTABILITE
132_92;132;4;DISPONIBILITES;COMPTABILITE
132_93;132;4;AMORTISSEMENT;COMPTABILITE
132_95;132;4;PROVISION COMPTABLE;COMPTABILITE
132_97;132;4;RESERVE COMPTABLE;COMPTABILITE
132_99;132;4;CAPITAUX PROPRES;COMPTABILITE
133_04;133;4;FRAIS GENERAUX;CONTROLE DE GESTION
133_08;133;4;SEUIL DE RENTABILITE;CONTROLE DE GESTION
133_18;133;4;DIRECT COSTING;CONTROLE DE GESTION
133_19;133;4;COUT DIRECT;CONTROLE DE GESTION
133_22;133;4;BUDGET;CONTROLE DE GESTION
133_24;133;4;CHARGES FIXES;CONTROLE DE GESTION
133_25;133;4;CHARGES INDIRECTES;CONTROLE DE GESTION
133_27;133;4;COUT STANDARD;CONTROLE DE GESTION
133_28;133;4;COUT COMPLET;CONTROLE DE GESTION
133_29;133;4;COUT PARTIEL;CONTROLE DE GESTION
133_33;133;4;CHARGES VARIABLES;CONTROLE DE GESTION
133_34;133;4;CHARGES DIRECTES;CONTROLE DE GESTION
133_36;133;4;COUT DE REVIENT;CONTROLE DE GESTION
133_39;133;4;COUT MARGINAL;CONTROLE DE GESTION
133_40;133;4;RCB;CONTROLE DE GESTION
133_42;133;4;CONTROLE BUDGETAIRE;CONTROLE DE GESTION
133_47;133;4;ANALYSE DES COUTS;CONTROLE DE GESTION
133_53;133;4;AUDIT FINANCIER;CONTROLE DE GESTION
133_55;133;4;CONTROLE DE GESTION;CONTROLE DE GESTION
133_57;133;4;COMPTABILITE DE GESTION;CONTROLE DE GESTION
133_59;133;4;PRIX DE CESSION INTERNE;CONTROLE DE GESTION
133_68;133;4;COMPTABILITE MATIERE;CONTROLE DE GESTION
133_79;133;4;STOCK;CONTROLE DE GESTION
133_85;133;4;ANALYSE DES ECARTS;CONTROLE DE GESTION
133_87;133;4;CENTRE D'ANALYSE;CONTROLE DE GESTION
133_93;133;4;CONTROLEUR DE GESTION;CONTROLE DE GESTION
133_94;133;4;ANALYSE COUT BENEFICE;CONTROLE DE GESTION
134_02;134;4;OBLIGATION CONVERTIBLE;FINANCE DE MARCHE
134_03;134;4;OPTION;FINANCE DE MARCHE
134_04;134;4;MATIF;FINANCE DE MARCHE
134_06;134;4;MARCHE DERIVE;FINANCE DE MARCHE
134_10;134;4;EMISSION DES TITRES;FINANCE DE MARCHE
134_12;134;4;OBLIGATION;FINANCE DE MARCHE
134_14;134;4;ACTIF CONDITIONNEL;FINANCE DE MARCHE
134_15;134;4;SOCIETE DE BOURSE;FINANCE DE MARCHE
134_16;134;4;MARCHE A TERME;FINANCE DE MARCHE
134_17;134;4;BOURSE DE COMMERCE;FINANCE DE MARCHE
134_20;134;4;COTATION DES TITRES;FINANCE DE MARCHE
134_22;134;4;TITRE BOURSIER;FINANCE DE MARCHE
134_24;134;4;INTRODUCTION EN BOURSE;FINANCE DE MARCHE
134_25;134;4;TECHNIQUE BOURSIERE;FINANCE DE MARCHE
134_26;134;4;MARCHE AU COMPTANT;FINANCE DE MARCHE
134_27;134;4;PRISE DE PARTICIPATION;FINANCE DE MARCHE
134_30;134;4;INDICE BOURSIER;FINANCE DE MARCHE
134_32;134;4;ACTION;FINANCE DE MARCHE
134_33;134;4;AGENCE DE NOTATION FINANCIERE;FINANCE DE MARCHE
134_34;134;4;SPECULATION;FINANCE DE MARCHE
134_35;134;4;BOURSE DES VALEURS;FINANCE DE MARCHE
134_36;134;4;OPE;FINANCE DE MARCHE
134_37;134;4;OPA;FINANCE DE MARCHE
134_43;134;4;SWAP;FINANCE DE MARCHE
134_44;134;4;FINANCE COMPORTEMENTALE;FINANCE DE MARCHE
134_53;134;4;MARCHE FINANCIER;FINANCE DE MARCHE
134_54;134;4;MARCHE DES CAPITAUX;FINANCE DE MARCHE
134_55;134;4;FINANCE DE MARCHE;FINANCE DE MARCHE
134_58;134;4;RISQUE DE MARCHE;FINANCE DE MARCHE
134_59;134;4;MODELE DEVALUATION DES ACTIFS FINANCIERS;FINANCE DE MARCHE
134_62;134;4;TITRISATION;FINANCE DE MARCHE
134_63;134;4;SOCIETE D'INVESTISSEMENT;FINANCE DE MARCHE
134_67;134;4;GESTION DE PATRIMOINE;FINANCE DE MARCHE
134_72;134;4;OPCVM;FINANCE DE MARCHE
134_73;134;4;FONDS D'INVESTISSEMENT;FINANCE DE MARCHE
134_77;134;4;GESTION DE PORTEFEUILLE;FINANCE DE MARCHE
134_79;134;4;GESTION ALTERNATIVE;FINANCE DE MARCHE
134_82;134;4;FONDS DE PENSION;FINANCE DE MARCHE
134_84;134;4;FONDS SOUVERAIN;FINANCE DE MARCHE
134_87;134;4;REPARTITION D'ACTIFS;FINANCE DE MARCHE
134_88;134;4;ANALYSE DE PORTEFEUILLE;FINANCE DE MARCHE
134_89;134;4;PRODUIT STRUCTURE;FINANCE DE MARCHE
134_92;134;4;SICAV;FINANCE DE MARCHE
134_93;134;4;FONDS COMMUN DE PLACEMENT;FINANCE DE MARCHE
134_96;134;4;STATISTIQUES FINANCIERES;FINANCE DE MARCHE
141_00;141;4;STOCKAGE;GESTION DE LA PRODUCTION
141_01;141;4;GESTION DES STOCKS;GESTION DE LA PRODUCTION
141_03;141;4;SERIE ECONOMIQUE DE LANCEMENT;GESTION DE LA PRODUCTION
141_10;141;4;EXPEDITION;GESTION DE LA PRODUCTION
141_11;141;4;RECEPTION DES MARCHANDISES;GESTION DE LA PRODUCTION
141_12;141;4;LIVRAISON;GESTION DE LA PRODUCTION
141_13;141;4;DELAI;GESTION DE LA PRODUCTION
141_14;141;4;TRACABILITE;GESTION DE LA PRODUCTION
141_16;141;4;ORGANISATION DU TRAVAIL;GESTION DE LA PRODUCTION
141_20;141;4;ENTREPOT;GESTION DE LA PRODUCTION
141_21;141;4;ACHAT INDUSTRIEL;GESTION DE LA PRODUCTION
141_22;141;4;ACHAT;GESTION DE LA PRODUCTION
141_24;141;4;ETUDE DES TEMPS;GESTION DE LA PRODUCTION
141_25;141;4;ETUDE DE CIRCUIT;GESTION DE LA PRODUCTION
141_28;141;4;JUSTE A TEMPS;GESTION DE LA PRODUCTION
141_31;141;4;APPEL D'OFFRES;GESTION DE LA PRODUCTION
141_32;141;4;DOCUMENT D'ATELIER;GESTION DE LA PRODUCTION
141_33;141;4;ORDONNANCEMENT;GESTION DE LA PRODUCTION
141_34;141;4;CHAINE LOGISTIQUE;GESTION DE LA PRODUCTION
141_35;141;4;BUREAU DES METHODES;GESTION DE LA PRODUCTION
141_36;141;4;ETUDE DU TRAVAIL;GESTION DE LA PRODUCTION
141_41;141;4;MANUTENTION;GESTION DE LA PRODUCTION
141_43;141;4;LOGISTIQUE;GESTION DE LA PRODUCTION
141_49;141;4;CAPACITE DE PRODUCTION;GESTION DE LA PRODUCTION
141_50;141;4;ATELIER;GESTION DE LA PRODUCTION
141_51;141;4;USINE;GESTION DE LA PRODUCTION
141_52;141;4;FABRICATION;GESTION DE LA PRODUCTION
141_53;141;4;PROCESSUS INDUSTRIEL;GESTION DE LA PRODUCTION
141_55;141;4;GESTION DE LA PRODUCTION;GESTION DE LA PRODUCTION
141_57;141;4;EQUIPEMENT;GESTION DE LA PRODUCTION
141_59;141;4;USURE;GESTION DE LA PRODUCTION
141_60;141;4;CHANTIER;GESTION DE LA PRODUCTION
141_61;141;4;CFAO;GESTION DE LA PRODUCTION
141_62;141;4;CHAINE DE PRODUCTION;GESTION DE LA PRODUCTION
141_63;141;4;GPAO;GESTION DE LA PRODUCTION
141_64;141;4;STANDARDISATION;GESTION DE LA PRODUCTION
141_66;141;4;ANALYSE DE LA VALEUR;GESTION DE LA PRODUCTION
141_69;141;4;DEPRECIATION TECHNIQUE;GESTION DE LA PRODUCTION
141_74;141;4;NORMALISATION;GESTION DE LA PRODUCTION
141_75;141;4;BUREAU D'ETUDES;GESTION DE LA PRODUCTION
141_76;141;4;ETUDE DE PRODUIT;GESTION DE LA PRODUCTION
141_77;141;4;PRODUIT NOUVEAU;GESTION DE LA PRODUCTION
141_79;141;4;MAINTENANCE;GESTION DE LA PRODUCTION
141_82;141;4;PRODUIT MANUFACTURE;GESTION DE LA PRODUCTION
141_84;141;4;DESSIN INDUSTRIEL;GESTION DE LA PRODUCTION
141_86;141;4;CAO;GESTION DE LA PRODUCTION
141_87;141;4;CONCEPTION INDUSTRIELLE;GESTION DE LA PRODUCTION
141_91;141;4;SOUS PRODUIT;GESTION DE LA PRODUCTION
141_92;141;4;PRODUIT FINI;GESTION DE LA PRODUCTION
141_93;141;4;PRODUIT SEMI FINI;GESTION DE LA PRODUCTION
141_96;141;4;INGENIERIE;GESTION DE LA PRODUCTION
141_98;141;4;ESTHETIQUE INDUSTRIELLE;GESTION DE LA PRODUCTION
141_99;141;4;CONDITIONNEMENT;GESTION DE LA PRODUCTION
142_14;142;4;MACHINE SPECIALE;TECHNIQUE INDUSTRIELLE
142_24;142;4;MACHINE TRANSFERT;TECHNIQUE INDUSTRIELLE
142_26;142;4;CAPTEUR;TECHNIQUE INDUSTRIELLE
142_28;142;4;SERVOMECANISME;TECHNIQUE INDUSTRIELLE
142_32;142;4;MACHINE OUTIL;TECHNIQUE INDUSTRIELLE
142_34;142;4;ROBOTIQUE;TECHNIQUE INDUSTRIELLE
142_37;142;4;REGULATION AUTOMATIQUE;TECHNIQUE INDUSTRIELLE
142_43;142;4;MACHINE;TECHNIQUE INDUSTRIELLE
142_44;142;4;MECANISATION;TECHNIQUE INDUSTRIELLE
142_45;142;4;AUTOMATISATION;TECHNIQUE INDUSTRIELLE
142_46;142;4;AUTOMATISME;TECHNIQUE INDUSTRIELLE
142_48;142;4;CERTIFICATION;TECHNIQUE INDUSTRIELLE
142_55;142;4;TECHNIQUE INDUSTRIELLE;TECHNIQUE INDUSTRIELLE
142_58;142;4;ASSURANCE QUALITE;TECHNIQUE INDUSTRIELLE
142_59;142;4;ESSAI TECHNIQUE;TECHNIQUE INDUSTRIELLE
142_61;142;4;COMMANDE NUMERIQUE;TECHNIQUE INDUSTRIELLE
142_63;142;4;COMMANDE;TECHNIQUE INDUSTRIELLE
142_68;142;4;CONTROLE QUALITE;TECHNIQUE INDUSTRIELLE
142_69;142;4;FIABILITE;TECHNIQUE INDUSTRIELLE
142_70;142;4;ASSEMBLAGE;TECHNIQUE INDUSTRIELLE
142_71;142;4;USINAGE;TECHNIQUE INDUSTRIELLE
142_73;142;4;PROCEDE DE FABRICATION;TECHNIQUE INDUSTRIELLE
142_75;142;4;MATIERE PREMIERE;TECHNIQUE INDUSTRIELLE
142_76;142;4;OUTILLAGE;TECHNIQUE INDUSTRIELLE
142_79;142;4;CONTROLE STATISTIQUE;TECHNIQUE INDUSTRIELLE
142_85;142;4;MINERAI;TECHNIQUE INDUSTRIELLE
142_92;142;4;SOUDAGE;TECHNIQUE INDUSTRIELLE
142_93;142;4;FORMAGE;TECHNIQUE INDUSTRIELLE
143_10;143;4;CAMION;TRANSPORT
143_12;143;4;TRANSPORT FERROVIAIRE;TRANSPORT
143_13;143;4;CONTENEUR;TRANSPORT
143_21;143;4;TRANSPORT ROUTIER;TRANSPORT
143_23;143;4;TRANSPORT DE MARCHANDISE;TRANSPORT
143_25;143;4;NAVIRE;TRANSPORT
143_26;143;4;ARMATEUR;TRANSPORT
143_27;143;4;FLOTTE;TRANSPORT
143_30;143;4;PARKING;TRANSPORT
143_33;143;4;TRANSPORT DE PASSAGER;TRANSPORT
143_35;143;4;TRANSPORT MARITIME;TRANSPORT
143_37;143;4;PORT;TRANSPORT
143_38;143;4;NAVIGATION INTERIEURE;TRANSPORT
143_40;143;4;VOITURE PARTICULIERE;TRANSPORT
143_41;143;4;PARC AUTOMOBILE;TRANSPORT
143_42;143;4;TRANSPORT TERRESTRE;TRANSPORT
143_47;143;4;NAVIGATION SPATIALE;TRANSPORT
143_50;143;4;AUTOBUS;TRANSPORT
143_53;143;4;METRO;TRANSPORT
143_55;143;4;TRANSPORT;TRANSPORT
143_57;143;4;TRANSPORT AERIEN;TRANSPORT
143_59;143;4;COMPAGNIE AERIENNE;TRANSPORT
143_60;143;4;TRAMWAY;TRANSPORT
143_61;143;4;TRANSPORT EN COMMUN;TRANSPORT
143_63;143;4;POLITIQUE DES TRANSPORTS;TRANSPORT
143_67;143;4;AEROPORT;TRANSPORT
143_69;143;4;CHARTER;TRANSPORT
143_74;143;4;MOBILITE DURABLE;TRANSPORT
143_76;143;4;TUNNEL;TRANSPORT
143_82;143;4;GESTION DES TRANSPORTS;TRANSPORT
143_85;143;4;TRANSPORT PAR CANALISATION;TRANSPORT
143_90;143;4;ENTREPRISE DE TRANSPORT;TRANSPORT
143_91;143;4;SECURITE DES TRANSPORTS;TRANSPORT
151_34;151;4;TRANSFERT DE TECHNOLOGIE;RECHERCHE ET DEVELOPPEMENT
151_35;151;4;BREVET;RECHERCHE ET DEVELOPPEMENT
151_36;151;4;RESSOURCE TECHNOLOGIQUE;RECHERCHE ET DEVELOPPEMENT
151_37;151;4;VEILLE TECHNOLOGIQUE;RECHERCHE ET DEVELOPPEMENT
151_43;151;4;COLLABORATION ENTREPRISE ENSEIGNEMENT;RECHERCHE ET DEVELOPPEMENT
151_48;151;4;INNOVATION TECHNOLOGIQUE;RECHERCHE ET DEVELOPPEMENT
151_53;151;4;GESTION DE PROJET;RECHERCHE ET DEVELOPPEMENT
151_55;151;4;RECHERCHE ET DEVELOPPEMENT;RECHERCHE ET DEVELOPPEMENT
151_57;151;4;INNOVATION;RECHERCHE ET DEVELOPPEMENT
151_61;151;4;RECHERCHE INTERCULTURELLE;RECHERCHE ET DEVELOPPEMENT
151_66;151;4;CREATIVITE;RECHERCHE ET DEVELOPPEMENT
151_67;151;4;PROGRES TECHNIQUE;RECHERCHE ET DEVELOPPEMENT
151_68;151;4;RETARD TECHNOLOGIQUE;RECHERCHE ET DEVELOPPEMENT
151_73;151;4;RECHERCHE FONDAMENTALE;RECHERCHE ET DEVELOPPEMENT
151_75;151;4;RECHERCHE;RECHERCHE ET DEVELOPPEMENT
151_77;151;4;TECHNOLOGIE DE RUPTURE;RECHERCHE ET DEVELOPPEMENT
151_84;151;4;CENTRE DE RECHERCHE;RECHERCHE ET DEVELOPPEMENT
151_86;151;4;RECHERCHE APPLIQUEE;RECHERCHE ET DEVELOPPEMENT
151_91;151;4;CHERCHEUR;RECHERCHE ET DEVELOPPEMENT
151_95;151;4;METHODOLOGIE DE LA RECHERCHE;RECHERCHE ET DEVELOPPEMENT
152_11;152;4;METAL PRECIEUX;TECHNOLOGIE
152_12;152;4;METAL NON FERREUX;TECHNOLOGIE
152_20;152;4;ACIER;TECHNOLOGIE
152_21;152;4;ALUMINIUM;TECHNOLOGIE
152_22;152;4;ALLIAGE;TECHNOLOGIE
152_24;152;4;MOTEUR ET TURBINE;TECHNOLOGIE
152_26;152;4;MOTEUR ELECTRIQUE;TECHNOLOGIE
152_27;152;4;APPAREILLAGE ELECTRIQUE;TECHNOLOGIE
152_30;152;4;CERAMIQUE;TECHNOLOGIE
152_31;152;4;CIMENT ET BETON;TECHNOLOGIE
152_32;152;4;METAL;TECHNOLOGIE
152_34;152;4;MECANIQUE;TECHNOLOGIE
152_36;152;4;ELECTROTECHNIQUE;TECHNOLOGIE
152_40;152;4;COMPOSITE;TECHNOLOGIE
152_41;152;4;MATIERE PLASTIQUE;TECHNOLOGIE
152_43;152;4;MATERIAU;TECHNOLOGIE
152_47;152;4;COMPOSANT;TECHNOLOGIE
152_50;152;4;FLUIDE;TECHNOLOGIE
152_51;152;4;VERRE;TECHNOLOGIE
152_52;152;4;MEMBRANE;TECHNOLOGIE
152_53;152;4;HAUTE TECHNOLOGIE;TECHNOLOGIE
152_55;152;4;TECHNOLOGIE;TECHNOLOGIE
152_57;152;4;ELECTRONIQUE;TECHNOLOGIE
152_62;152;4;BIOMATERIAU;TECHNOLOGIE
152_68;152;4;FIBRE OPTIQUE;TECHNOLOGIE
152_73;152;4;BIOTECHNOLOGIE;TECHNOLOGIE
152_75;152;4;THERMODYNAMIQUE;TECHNOLOGIE
152_81;152;4;BIOCAPTEUR;TECHNOLOGIE
152_84;152;4;NANOTECHNOLOGIE;TECHNOLOGIE
161_00;161;4;MANAGER;GESTION DES RESSOURCES HUMAINES
161_01;161;4;INGENIEUR;GESTION DES RESSOURCES HUMAINES
161_03;161;4;CHEF DE SERVICE;GESTION DES RESSOURCES HUMAINES
161_05;161;4;TECHNICIEN;GESTION DES RESSOURCES HUMAINES
161_08;161;4;OUVRIER QUALIFIE;GESTION DES RESSOURCES HUMAINES
161_13;161;4;CADRE COMMERCIAL;GESTION DES RESSOURCES HUMAINES
161_14;161;4;CONTREMAITRE;GESTION DES RESSOURCES HUMAINES
161_19;161;4;OUVRIER SPECIALISE;GESTION DES RESSOURCES HUMAINES
161_22;161;4;CADRE;GESTION DES RESSOURCES HUMAINES
161_26;161;4;OUVRIER;GESTION DES RESSOURCES HUMAINES
161_28;161;4;MANOEUVRE;GESTION DES RESSOURCES HUMAINES
161_30;161;4;FONCTIONNAIRE;GESTION DES RESSOURCES HUMAINES
161_31;161;4;EMPLOYE;GESTION DES RESSOURCES HUMAINES
161_33;161;4;SALARIE;GESTION DES RESSOURCES HUMAINES
161_35;161;4;PROFESSION;GESTION DES RESSOURCES HUMAINES
161_37;161;4;MAIN D'OEUVRE;GESTION DES RESSOURCES HUMAINES
161_42;161;4;GESTION D'EQUIPE;GESTION DES RESSOURCES HUMAINES
161_43;161;4;CAPITAL SOCIAL;GESTION DES RESSOURCES HUMAINES
161_44;161;4;CAPITAL HUMAIN;GESTION DES RESSOURCES HUMAINES
161_48;161;4;TRAVAIL A DISTANCE;GESTION DES RESSOURCES HUMAINES
161_52;161;4;PROMOTION PROFESSIONNELLE;GESTION DES RESSOURCES HUMAINES
161_53;161;4;EVALUATION DU PERSONNEL;GESTION DES RESSOURCES HUMAINES
161_55;161;4;GESTION DES RESSOURCES HUMAINES;GESTION DES RESSOURCES HUMAINES
161_58;161;4;TRAVAIL TEMPORAIRE;GESTION DES RESSOURCES HUMAINES
161_62;161;4;BILAN DE COMPETENCES;GESTION DES RESSOURCES HUMAINES
161_64;161;4;CAPITAL INTELLECTUEL;GESTION DES RESSOURCES HUMAINES
161_67;161;4;RECHERCHE D'EMPLOI;GESTION DES RESSOURCES HUMAINES
161_68;161;4;TRAVAIL A TEMPS PARTIEL;GESTION DES RESSOURCES HUMAINES
161_70;161;4;SALAIRE GARANTI;GESTION DES RESSOURCES HUMAINES
161_71;161;4;REMUNERATION;GESTION DES RESSOURCES HUMAINES
161_73;161;4;POSTE DE TRAVAIL;GESTION DES RESSOURCES HUMAINES
161_74;161;4;COMPETENCE;GESTION DES RESSOURCES HUMAINES
161_75;161;4;CARRIERE;GESTION DES RESSOURCES HUMAINES
161_77;161;4;EFFECTIF DE L'ENTREPRISE;GESTION DES RESSOURCES HUMAINES
161_78;161;4;EMBAUCHE;GESTION DES RESSOURCES HUMAINES
161_79;161;4;INSERTION PROFESSIONNELLE;GESTION DES RESSOURCES HUMAINES
161_80;161;4;PLAN EPARGNE ENTREPRISE;GESTION DES RESSOURCES HUMAINES
161_81;161;4;PARTICIPATION;GESTION DES RESSOURCES HUMAINES
161_82;161;4;EPARGNE SALARIALE;GESTION DES RESSOURCES HUMAINES
161_84;161;4;QUALIFICATION;GESTION DES RESSOURCES HUMAINES
161_85;161;4;GESTION PREVISIONNELLE DES EMPLOIS;GESTION DES RESSOURCES HUMAINES
161_86;161;4;LICENCIEMENT;GESTION DES RESSOURCES HUMAINES
161_87;161;4;ROTATION DU PERSONNEL;GESTION DES RESSOURCES HUMAINES
161_88;161;4;SELECTION PROFESSIONNELLE;GESTION DES RESSOURCES HUMAINES
161_89;161;4;DEFINITION DES TACHES;GESTION DES RESSOURCES HUMAINES
161_90;161;4;INTERESSEMENT;GESTION DES RESSOURCES HUMAINES
161_91;161;4;ENRICHISSEMENT DES TACHES;GESTION DES RESSOURCES HUMAINES
161_92;161;4;STOCK OPTION;GESTION DES RESSOURCES HUMAINES
161_93;161;4;ETUDE DE POSTE;GESTION DES RESSOURCES HUMAINES
161_95;161;4;GESTION DES AGES;GESTION DES RESSOURCES HUMAINES
161_99;161;4;ENTRETIEN D'EMBAUCHE;GESTION DES RESSOURCES HUMAINES
162_06;162;4;OEUVRES SOCIALES;RELATIONS DU TRAVAIL
162_14;162;4;ARBITRAGE;RELATIONS DU TRAVAIL
162_17;162;4;COGESTION;RELATIONS DU TRAVAIL
162_20;162;4;ABSENTEISME;RELATIONS DU TRAVAIL
162_23;162;4;REVENDICATION;RELATIONS DU TRAVAIL
162_26;162;4;DIALOGUE SOCIAL;RELATIONS DU TRAVAIL
162_28;162;4;COMITE D'ENTREPRISE;RELATIONS DU TRAVAIL
162_36;162;4;EGALITE PROFESSIONNELLE;RELATIONS DU TRAVAIL
162_37;162;4;EXPRESSION DES SALARIES;RELATIONS DU TRAVAIL
162_38;162;4;REPRESENTATION DES SALARIES;RELATIONS DU TRAVAIL
162_39;162;4;DELEGUE DU PERSONNEL;RELATIONS DU TRAVAIL
162_40;162;4;ACCIDENT DU TRAVAIL;RELATIONS DU TRAVAIL
162_44;162;4;CONFLIT DU TRAVAIL;RELATIONS DU TRAVAIL
162_51;162;4;RISQUES PSYCHOSOCIAUX;RELATIONS DU TRAVAIL
162_52;162;4;SECURITE AU TRAVAIL;RELATIONS DU TRAVAIL
162_54;162;4;REGLEMENT INTERIEUR;RELATIONS DU TRAVAIL
162_55;162;4;RELATIONS DU TRAVAIL;RELATIONS DU TRAVAIL
162_62;162;4;ERGONOMIE;RELATIONS DU TRAVAIL
162_63;162;4;CONDITIONS DE TRAVAIL;RELATIONS DU TRAVAIL
162_68;162;4;SYNDICALISME;RELATIONS DU TRAVAIL
162_72;162;4;AMENAGEMENT DES LOCAUX;RELATIONS DU TRAVAIL
162_75;162;4;QUALITE DE VIE AU TRAVAIL;RELATIONS DU TRAVAIL
162_76;162;4;CLIMAT SOCIAL DE L'ENTREPRISE;RELATIONS DU TRAVAIL
162_83;162;4;DUREE DU TRAVAIL;RELATIONS DU TRAVAIL
162_84;162;4;HORAIRE VARIABLE;RELATIONS DU TRAVAIL
162_85;162;4;FATIGUE;RELATIONS DU TRAVAIL
162_87;162;4;AUDIT SOCIAL;RELATIONS DU TRAVAIL
162_89;162;4;SYNDICAT PATRONAL;RELATIONS DU TRAVAIL
162_91;162;4;TRAVAIL DE NUIT;RELATIONS DU TRAVAIL
162_92;162;4;TRAVAIL POSTE;RELATIONS DU TRAVAIL
162_93;162;4;CONGE;RELATIONS DU TRAVAIL
162_94;162;4;AMENAGEMENT DU TEMPS DE TRAVAIL;RELATIONS DU TRAVAIL
162_97;162;4;BILAN SOCIAL;RELATIONS DU TRAVAIL
162_98;162;4;SYNDICAT DE SALARIES;RELATIONS DU TRAVAIL
163_10;163;4;STAGE;FORMATION
163_11;163;4;TRAVAUX PRATIQUES;FORMATION
163_14;163;4;ALPHABETISATION;FORMATION
163_22;163;4;SEMINAIRE;FORMATION
163_23;163;4;JEU SERIEUX;FORMATION
163_25;163;4;TROISIEME CYCLE;FORMATION
163_26;163;4;UNIVERSITE;FORMATION
163_27;163;4;GRANDE ECOLE;FORMATION
163_30;163;4;ETUDE DE CAS;FORMATION
163_31;163;4;METHODE DES CAS;FORMATION
163_33;163;4;JEU DE ROLE;FORMATION
163_34;163;4;ENSEIGNEMENT SCOLAIRE;FORMATION
163_36;163;4;ENSEIGNEMENT SUPERIEUR;FORMATION
163_37;163;4;ETUDIANT;FORMATION
163_40;163;4;JEU D'ENTREPRISE;FORMATION
163_43;163;4;COACHING;FORMATION
163_45;163;4;ENSEIGNEMENT;FORMATION
163_46;163;4;ADMISSION SELECTIVE;FORMATION
163_48;163;4;ENSEIGNEMENT DU MANAGEMENT;FORMATION
163_51;163;4;ENSEIGNEMENT PROGRAMME;FORMATION
163_53;163;4;METHODE DE FORMATION;FORMATION
163_55;163;4;FORMATION;FORMATION
163_56;163;4;EXAMEN;FORMATION
163_59;163;4;FORMATION AGRICOLE;FORMATION
163_60;163;4;EAO;FORMATION
163_61;163;4;LECTURE RAPIDE;FORMATION
163_62;163;4;LECTURE;FORMATION
163_64;163;4;PEDAGOGIE;FORMATION
163_65;163;4;EDUCATION;FORMATION
163_66;163;4;DIPLOME;FORMATION
163_67;163;4;FORMATION PROFESSIONNELLE;FORMATION
163_69;163;4;FORMATION COMMERCIALE;FORMATION
163_72;163;4;ENSEIGNEMENT AUDIOVISUEL;FORMATION
163_76;163;4;FORMATION CONTINUE;FORMATION
163_79;163;4;FORMATION TECHNIQUE;FORMATION
163_80;163;4;ENSEIGNEMENT A DISTANCE;FORMATION
163_84;163;4;FORMATION A L'ETRANGER;FORMATION
163_88;163;4;FORMATION EN ALTERNANCE;FORMATION
163_93;163;4;ENSEIGNEMENT DES LANGUES;FORMATION
163_95;163;4;BESOIN EN FORMATION;FORMATION
163_96;163;4;PLAN DE FORMATION;FORMATION
163_97;163;4;VALIDATION DES ACQUIS DE L'EXPERIENCE;FORMATION
163_98;163;4;FORMATION DES FORMATEURS;FORMATION
164_00;164;4;SOCIOLOGIE POLITIQUE;SCIENCE DU COMPORTEMENT
164_04;164;4;SEXISME;SCIENCE DU COMPORTEMENT
164_10;164;4;SOCIOLOGIE ECONOMIQUE;SCIENCE DU COMPORTEMENT
164_11;164;4;SOCIOLOGIE CULTURELLE;SCIENCE DU COMPORTEMENT
164_12;164;4;CONFLIT D'ORGANISATION;SCIENCE DU COMPORTEMENT
164_14;164;4;RACISME;SCIENCE DU COMPORTEMENT
164_17;164;4;CONTESTATION;SCIENCE DU COMPORTEMENT
164_18;164;4;LUTTE DES CLASSES;SCIENCE DU COMPORTEMENT
164_20;164;4;SOCIETE DE CONSOMMATION;SCIENCE DU COMPORTEMENT
164_22;164;4;SOCIOLOGIE DES ORGANISATIONS;SCIENCE DU COMPORTEMENT
164_25;164;4;RELATIONS HOMME MACHINE;SCIENCE DU COMPORTEMENT
164_26;164;4;RESEAU SOCIAL;SCIENCE DU COMPORTEMENT
164_31;164;4;GESTION DU TEMPS;SCIENCE DU COMPORTEMENT
164_33;164;4;SOCIOLOGIE DU TRAVAIL;SCIENCE DU COMPORTEMENT
164_34;164;4;DISCRIMINATION;SCIENCE DU COMPORTEMENT
164_35;164;4;PSYCHOLOGIE DU TRAVAIL;SCIENCE DU COMPORTEMENT
164_36;164;4;RELATIONS INTERPERSONNELLES;SCIENCE DU COMPORTEMENT
164_37;164;4;CONFLIT SOCIAL;SCIENCE DU COMPORTEMENT
164_38;164;4;CHANGEMENT SOCIAL;SCIENCE DU COMPORTEMENT
164_39;164;4;RESISTANCE AU CHANGEMENT;SCIENCE DU COMPORTEMENT
164_40;164;4;ETHNOGRAPHIE;SCIENCE DU COMPORTEMENT
164_41;164;4;ETHNOLOGIE;SCIENCE DU COMPORTEMENT
164_42;164;4;ANTHROPOLOGIE;SCIENCE DU COMPORTEMENT
164_43;164;4;SOCIOLOGIE;SCIENCE DU COMPORTEMENT
164_46;164;4;RELATIONS HUMAINES;SCIENCE DU COMPORTEMENT
164_47;164;4;GROUPE SOCIAL;SCIENCE DU COMPORTEMENT
164_50;164;4;PSYCHANALYSE;SCIENCE DU COMPORTEMENT
164_51;164;4;PSYCHOPATHOLOGIE;SCIENCE DU COMPORTEMENT
164_52;164;4;PERSONNALITE;SCIENCE DU COMPORTEMENT
164_53;164;4;HARCELEMENT;SCIENCE DU COMPORTEMENT
164_55;164;4;SCIENCE DU COMPORTEMENT;SCIENCE DU COMPORTEMENT
164_56;164;4;PSYCHOLOGIE SOCIALE;SCIENCE DU COMPORTEMENT
164_58;164;4;DECISION;SCIENCE DU COMPORTEMENT
164_59;164;4;POUVOIR;SCIENCE DU COMPORTEMENT
164_60;164;4;INTELLIGENCE EMOTIONNELLE;SCIENCE DU COMPORTEMENT
164_61;164;4;STRESS;SCIENCE DU COMPORTEMENT
164_62;164;4;EMOTION;SCIENCE DU COMPORTEMENT
164_63;164;4;PSYCHOLOGIE;SCIENCE DU COMPORTEMENT
164_67;164;4;DYNAMIQUE DE GROUPE;SCIENCE DU COMPORTEMENT
164_68;164;4;SOCIOMETRIE;SCIENCE DU COMPORTEMENT
164_69;164;4;LEADERSHIP;SCIENCE DU COMPORTEMENT
164_70;164;4;PLEINE CONSCIENCE;SCIENCE DU COMPORTEMENT
164_71;164;4;PSYCHOMETRIE;SCIENCE DU COMPORTEMENT
164_72;164;4;APTITUDE;SCIENCE DU COMPORTEMENT
164_73;164;4;MOTIVATION;SCIENCE DU COMPORTEMENT
164_74;164;4;DEVELOPPEMENT PERSONNEL;SCIENCE DU COMPORTEMENT
164_75;164;4;EXPERIENCE DE VIE;SCIENCE DU COMPORTEMENT
164_76;164;4;ENQUETE;SCIENCE DU COMPORTEMENT
164_79;164;4;GROUPE DE TRAVAIL;SCIENCE DU COMPORTEMENT
164_80;164;4;TEST PSYCHOTECHNIQUE;SCIENCE DU COMPORTEMENT
164_83;164;4;COMPORTEMENT;SCIENCE DU COMPORTEMENT
164_84;164;4;OPINION;SCIENCE DU COMPORTEMENT
164_86;164;4;SONDAGE;SCIENCE DU COMPORTEMENT
164_89;164;4;GROUPE DE CREATIVITE;SCIENCE DU COMPORTEMENT
164_90;164;4;TEST MORPHOPSYCHOLOGIQUE;SCIENCE DU COMPORTEMENT
164_91;164;4;TEST CARACTEROLOGIQUE;SCIENCE DU COMPORTEMENT
164_92;164;4;TEST GRAPHOLOGIQUE;SCIENCE DU COMPORTEMENT
164_93;164;4;VIOLENCE;SCIENCE DU COMPORTEMENT
164_94;164;4;CONFIANCE;SCIENCE DU COMPORTEMENT
164_95;164;4;OPINION PUBLIQUE;SCIENCE DU COMPORTEMENT
164_97;164;4;QUESTIONNAIRE;SCIENCE DU COMPORTEMENT
164_98;164;4;ENTRETIEN;SCIENCE DU COMPORTEMENT
211_15;211;4;PROGRAMMATION LINEAIRE;MATHEMATIQUES
211_18;211;4;OPTIMISATION;MATHEMATIQUES
211_24;211;4;MODELISATION;MATHEMATIQUES
211_25;211;4;PROGRAMMATION MATHEMATIQUE;MATHEMATIQUES
211_28;211;4;AIDE A LA DECISION;MATHEMATIQUES
211_32;211;4;THEORIE DES GRAPHES;MATHEMATIQUES
211_35;211;4;RECHERCHE OPERATIONNELLE;MATHEMATIQUES
211_37;211;4;THEORIE DE LA DECISION;MATHEMATIQUES
211_44;211;4;PROGRAMMATION DYNAMIQUE;MATHEMATIQUES
211_46;211;4;PROGRAMMATION NON LINEAIRE;MATHEMATIQUES
211_50;211;4;LISSAGE;MATHEMATIQUES
211_55;211;4;MATHEMATIQUES;MATHEMATIQUES
211_57;211;4;ALGEBRE;MATHEMATIQUES
211_62;211;4;ANALYSE NUMERIQUE;MATHEMATIQUES
211_64;211;4;GEOMETRIE;MATHEMATIQUES
211_66;211;4;ARITHMETIQUE;MATHEMATIQUES
211_69;211;4;LOGIQUE;MATHEMATIQUES
211_75;211;4;CALCUL;MATHEMATIQUES
211_77;211;4;CALCUL MATRICIEL;MATHEMATIQUES
211_82;211;4;ALGORITHME;MATHEMATIQUES
211_95;211;4;ANALYSE MATHEMATIQUE;MATHEMATIQUES
212_26;212;4;SERIE CHRONOLOGIQUE;STATISTIQUE
212_31;212;4;THEORIE DES FONCTIONS ALEATOIRES;STATISTIQUE
212_53;212;4;PROBABILITES;STATISTIQUE
212_55;212;4;STATISTIQUE;STATISTIQUE
212_59;212;4;ANALYSE QUANTITATIVE;STATISTIQUE
212_61;212;4;DISTRIBUTION STATISTIQUE;STATISTIQUE
212_63;212;4;ANALYSE COMBINATOIRE;STATISTIQUE
212_65;212;4;STATISTIQUE MATHEMATIQUE;STATISTIQUE
212_67;212;4;STATISTIQUE DESCRIPTIVE;STATISTIQUE
212_68;212;4;ANALYSE DES DONNEES;STATISTIQUE
212_79;212;4;ANALYSE QUALITATIVE;STATISTIQUE
212_81;212;4;PROCESSUS STOCHASTIQUE;STATISTIQUE
212_84;212;4;ECHANTILLONNAGE;STATISTIQUE
212_85;212;4;ESTIMATION STATISTIQUE;STATISTIQUE
212_86;212;4;TEST;STATISTIQUE
212_95;212;4;PREVISION;STATISTIQUE
212_96;212;4;TEST PARAMETRIQUE;STATISTIQUE
212_97;212;4;TEST NON PARAMETRIQUE;STATISTIQUE
213_02;213;4;CHAINE DE BLOC;INFORMATIQUE
213_03;213;4;BASE DE DONNEES;INFORMATIQUE
213_04;213;4;TABLEUR;INFORMATIQUE
213_05;213;4;TRAITEMENT DE TEXTE;INFORMATIQUE
213_07;213;4;SYSTEME D'EXPLOITATION;INFORMATIQUE
213_11;213;4;INFORMATIQUE DOCUMENTAIRE;INFORMATIQUE
213_13;213;4;BIG DATA;INFORMATIQUE
213_14;213;4;FICHIER;INFORMATIQUE
213_15;213;4;BUREAUTIQUE;INFORMATIQUE
213_16;213;4;LOGICIEL;INFORMATIQUE
213_20;213;4;INTELLIGENCE ARTIFICIELLE;INFORMATIQUE
213_25;213;4;PROGRAMMATION INFORMATIQUE;INFORMATIQUE
213_27;213;4;LANGAGE INFORMATIQUE;INFORMATIQUE
213_33;213;4;ANALYSE INFORMATIQUE;INFORMATIQUE
213_34;213;4;SCHEMA DIRECTEUR;INFORMATIQUE
213_41;213;4;APPLICATION MOBILE;INFORMATIQUE
213_45;213;4;SYSTEME D'INFORMATION;INFORMATIQUE
213_46;213;4;INFRASTRUCTURE INFORMATIQUE;INFORMATIQUE
213_47;213;4;INFORMATIQUE EN NUAGE;INFORMATIQUE
213_49;213;4;ORDINATEUR;INFORMATIQUE
213_51;213;4;INFORMATIQUE INDUSTRIELLE;INFORMATIQUE
213_53;213;4;APPLICATION DE L'INFORMATIQUE;INFORMATIQUE
213_55;213;4;INFORMATIQUE;INFORMATIQUE
213_57;213;4;MATERIEL INFORMATIQUE;INFORMATIQUE
213_59;213;4;PERIPHERIQUE INFORMATIQUE;INFORMATIQUE
213_63;213;4;ARCHITECTURE INFORMATIQUE;INFORMATIQUE
213_69;213;4;TERMINAL;INFORMATIQUE
213_71;213;4;INFORMATIQUE DE GESTION;INFORMATIQUE
213_73;213;4;MODE D'EXPLOITATION;INFORMATIQUE
213_75;213;4;SECURITE INFORMATIQUE;INFORMATIQUE
213_77;213;4;SUPPORT INFORMATIQUE;INFORMATIQUE
213_82;213;4;CLIENT SERVEUR;INFORMATIQUE
213_85;213;4;AUTHENTIFICATION;INFORMATIQUE
213_92;213;4;RESEAU INFORMATIQUE;INFORMATIQUE
213_94;213;4;INFORMATISATION;INFORMATIQUE
213_97;213;4;DISQUE MAGNETIQUE;INFORMATIQUE
213_98;213;4;DISQUE OPTIQUE;INFORMATIQUE
213_99;213;4;CARTE A MEMOIRE;INFORMATIQUE
222_02;222;4;COMMUNICATION PAR L'IMAGE;COMMUNICATION
222_13;222;4;COMMUNICATION ECRITE;COMMUNICATION
222_15;222;4;COMMUNICATION ORALE;COMMUNICATION
222_17;222;4;DISCOURS;COMMUNICATION
222_22;222;4;COMMUNICATION NON VERBALE;COMMUNICATION
222_26;222;4;PROPAGANDE;COMMUNICATION
222_27;222;4;EXPOSE;COMMUNICATION
222_29;222;4;CONGRES;COMMUNICATION
222_30;222;4;SUGGESTION;COMMUNICATION
222_31;222;4;INFORMATION ASCENDANTE;COMMUNICATION
222_33;222;4;INFORMATION LATERALE;COMMUNICATION
222_34;222;4;COMMUNICATION INTERCULTURELLE;COMMUNICATION
222_36;222;4;SLOGAN;COMMUNICATION
222_37;222;4;CONFERENCE;COMMUNICATION
222_45;222;4;NEGOCIATION;COMMUNICATION
222_46;222;4;PERSUASION;COMMUNICATION
222_51;222;4;INFORMATION DU PERSONNEL;COMMUNICATION
222_53;222;4;COMMUNICATION INTERNE;COMMUNICATION
222_55;222;4;COMMUNICATION;COMMUNICATION
222_58;222;4;COMMUNICATION DE GROUPE;COMMUNICATION
222_59;222;4;REUNION;COMMUNICATION
222_60;222;4;MECENAT;COMMUNICATION
222_61;222;4;COMMUNICATION EVENEMENTIELLE;COMMUNICATION
222_62;222;4;COMMUNICATION INSTITUTIONNELLE;COMMUNICATION
222_63;222;4;POLITIQUE DE COMMUNICATION;COMMUNICATION
222_70;222;4;JOURNAL D'ENTREPRISE;COMMUNICATION
222_71;222;4;PRESSE GENERALISTE;COMMUNICATION
222_75;222;4;MEDIA;COMMUNICATION
222_77;222;4;AUDIOVISUEL;COMMUNICATION
222_81;222;4;PRESSE SPECIALISEE;COMMUNICATION
222_83;222;4;PRESSE;COMMUNICATION
222_89;222;4;FILM D'ENTREPRISE;COMMUNICATION
222_90;222;4;PRESSE PROFESSIONNELLE;COMMUNICATION
222_91;222;4;PRESSE GRAND PUBLIC;COMMUNICATION
222_92;222;4;PRESSE GRATUITE;COMMUNICATION
222_93;222;4;PRESSE MAGAZINE;COMMUNICATION
222_94;222;4;PRESSE QUOTIDIENNE;COMMUNICATION
222_96;222;4;RADIO;COMMUNICATION
222_97;222;4;VIDEO;COMMUNICATION
222_98;222;4;TELEVISION;COMMUNICATION
223_04;223;4;BANQUE DE DONNEES;SCIENCE DE L'INFORMATION
223_07;223;4;DISTORSION DE L'INFORMATION;SCIENCE DE L'INFORMATION
223_12;223;4;DOCUMENT NUMERIQUE;SCIENCE DE L'INFORMATION
223_13;223;4;DOCUMENT;SCIENCE DE L'INFORMATION
223_15;223;4;SOURCE DE L'INFORMATION;SCIENCE DE L'INFORMATION
223_16;223;4;ORGANISME D'INFORMATION;SCIENCE DE L'INFORMATION
223_18;223;4;RETENTION DE L'INFORMATION;SCIENCE DE L'INFORMATION
223_33;223;4;SUPPORT DE L'INFORMATION;SCIENCE DE L'INFORMATION
223_35;223;4;RECHERCHE DE L'INFORMATION;SCIENCE DE L'INFORMATION
223_37;223;4;TRANSMISSION DE L'INFORMATION;SCIENCE DE L'INFORMATION
223_42;223;4;LECTURE OPTIQUE;SCIENCE DE L'INFORMATION
223_44;223;4;GESTION DE CONTENU;SCIENCE DE L'INFORMATION
223_46;223;4;THEORIE DE L'INFORMATION;SCIENCE DE L'INFORMATION
223_51;223;4;ANALYSE DE L'INFORMATION;SCIENCE DE L'INFORMATION
223_53;223;4;ENREGISTREMENT DE L'INFORMATION;SCIENCE DE L'INFORMATION
223_55;223;4;SCIENCE DE L'INFORMATION;SCIENCE DE L'INFORMATION
223_56;223;4;INFORMATION;SCIENCE DE L'INFORMATION
223_62;223;4;RFID;SCIENCE DE L'INFORMATION
223_64;223;4;ARCHIVAGE;SCIENCE DE L'INFORMATION
224_13;224;4;MESSAGERIE ELECTRONIQUE;TIC
224_21;224;4;TELEPHONIE;TIC
224_23;224;4;CENTRE D'APPELS;TIC
224_24;224;4;TELECONFERENCE;TIC
224_25;224;4;TELEMATIQUE;TIC
224_31;224;4;TELECOPIE;TIC
224_32;224;4;EQUIPEMENT DE TELECOMMUNICATION;TIC
224_44;224;4;SERVICE DE TELECOMMUNICATION;TIC
224_46;224;4;ECONOMIE NUMERIQUE;TIC
224_54;224;4;TELECOMMUNICATION;TIC
224_55;224;4;TIC;TIC
224_57;224;4;MULTIMEDIA;TIC
224_62;224;4;EXTRANET;TIC
224_63;224;4;MOTEUR DE RECHERCHE;TIC
224_72;224;4;INTRANET;TIC
224_73;224;4;INTERNET;TIC
224_74;224;4;RESEAU DE TELECOMMUNICATION;TIC
224_76;224;4;EDITION ELECTRONIQUE;TIC
224_82;224;4;SITE INTERNET;TIC
224_83;224;4;INTERNET DES OBJETS;TIC
224_85;224;4;EDI;TIC
224_86;224;4;GED;TIC
224_87;224;4;GROUPWARE;TIC
224_88;224;4;WORKFLOW;TIC
224_92;224;4;MEDIA SOCIAL;TIC
224_93;224;4;UX DESIGN;TIC
311_01;311;4;DESARMEMENT;ENVIRONNEMENT POLITIQUE
311_02;311;4;COLLECTIVITE TERRITORIALE;ENVIRONNEMENT POLITIQUE
311_04;311;4;CONSTITUTION;ENVIRONNEMENT POLITIQUE
311_10;311;4;ESPIONNAGE;ENVIRONNEMENT POLITIQUE
311_11;311;4;DEFENSE;ENVIRONNEMENT POLITIQUE
311_12;311;4;DECENTRALISATION;ENVIRONNEMENT POLITIQUE
311_13;311;4;JUSTICE;ENVIRONNEMENT POLITIQUE
311_16;311;4;TERRORISME;ENVIRONNEMENT POLITIQUE
311_17;311;4;CORRUPTION;ENVIRONNEMENT POLITIQUE
311_20;311;4;POLICE;ENVIRONNEMENT POLITIQUE
311_22;311;4;ADMINISTRATION PUBLIQUE;ENVIRONNEMENT POLITIQUE
311_23;311;4;COLONIALITE;ENVIRONNEMENT POLITIQUE
311_24;311;4;PARLEMENT;ENVIRONNEMENT POLITIQUE
311_26;311;4;GROUPE DE PRESSION;ENVIRONNEMENT POLITIQUE
311_28;311;4;REGIME COMMUNISTE;ENVIRONNEMENT POLITIQUE
311_30;311;4;SECURITE INTERIEURE;ENVIRONNEMENT POLITIQUE
311_31;311;4;GOUVERNEMENT;ENVIRONNEMENT POLITIQUE
311_33;311;4;SOUVERAINETE;ENVIRONNEMENT POLITIQUE
311_35;311;4;SCIENCE POLITIQUE;ENVIRONNEMENT POLITIQUE
311_37;311;4;PARTI POLITIQUE;ENVIRONNEMENT POLITIQUE
311_40;311;4;POLITIQUE INTERIEURE;ENVIRONNEMENT POLITIQUE
311_42;311;4;POUVOIRS PUBLICS;ENVIRONNEMENT POLITIQUE
311_43;311;4;ETAT;ENVIRONNEMENT POLITIQUE
311_46;311;4;ELECTION;ENVIRONNEMENT POLITIQUE
311_49;311;4;DICTATURE;ENVIRONNEMENT POLITIQUE
311_51;311;4;POLITIQUE PUBLIQUE;ENVIRONNEMENT POLITIQUE
311_53;311;4;RISQUE POLITIQUE;ENVIRONNEMENT POLITIQUE
311_55;311;4;ENVIRONNEMENT POLITIQUE;ENVIRONNEMENT POLITIQUE
311_57;311;4;REGIME POLITIQUE;ENVIRONNEMENT POLITIQUE
311_58;311;4;DEMOCRATIE;ENVIRONNEMENT POLITIQUE
311_60;311;4;FRONTIERE;ENVIRONNEMENT POLITIQUE
311_61;311;4;POLITIQUE EXTERIEURE;ENVIRONNEMENT POLITIQUE
311_70;311;4;CONFLIT INTERNATIONAL;ENVIRONNEMENT POLITIQUE
311_72;311;4;RELATIONS INTERNATIONALES;ENVIRONNEMENT POLITIQUE
311_73;311;4;UNION POLITIQUE;ENVIRONNEMENT POLITIQUE
311_75;311;4;FEDERALISME;ENVIRONNEMENT POLITIQUE
311_76;311;4;NATION;ENVIRONNEMENT POLITIQUE
311_79;311;4;PAYS SOCIALISTE;ENVIRONNEMENT POLITIQUE
311_83;311;4;AIDE AU DEVELOPPEMENT;ENVIRONNEMENT POLITIQUE
311_87;311;4;NATIONALISME;ENVIRONNEMENT POLITIQUE
311_91;311;4;AIDE INTERNATIONALE;ENVIRONNEMENT POLITIQUE
321_03;321;4;DROIT DE LA PRESSE;DROIT
321_04;321;4;DROIT DE L'INFORMATIQUE;DROIT
321_06;321;4;PROCEDURE CIVILE;DROIT
321_07;321;4;DROIT RURAL;DROIT
321_15;321;4;DROIT PRIVE;DROIT
321_17;321;4;DROIT DES ASSURANCES;DROIT
321_21;321;4;HARMONISATION DES LEGISLATIONS;DROIT
321_22;321;4;LEGISLATION INTERNATIONALE;DROIT
321_23;321;4;LEGISLATION INTERNE;DROIT
321_28;321;4;CONTRAVENTION;DROIT
321_33;321;4;LEGISLATION;DROIT
321_34;321;4;JURISPRUDENCE;DROIT
321_35;321;4;PROCEDURE PENALE;DROIT
321_36;321;4;RESPONSABILITE PENALE;DROIT
321_37;321;4;INFRACTION;DROIT
321_38;321;4;DELIT;DROIT
321_42;321;4;USAGE;DROIT
321_43;321;4;COUTUME;DROIT
321_44;321;4;SOURCE DU DROIT;DROIT
321_46;321;4;DROIT PENAL;DROIT
321_48;321;4;CRIME;DROIT
321_53;321;4;DOCTRINE JURIDIQUE;DROIT
321_54;321;4;ORGANISATION JUDICIAIRE;DROIT
321_55;321;4;DROIT;DROIT
321_61;321;4;DROIT INTERNATIONAL PRIVE;DROIT
321_62;321;4;DROIT COMPARE;DROIT
321_67;321;4;DROIT PUBLIC DES AFFAIRES;DROIT
321_68;321;4;DROIT CONSTITUTIONNEL;DROIT
321_69;321;4;CITOYENNETE;DROIT
321_71;321;4;ARBITRAGE INTERNATIONAL;DROIT
321_72;321;4;CONTENTIEUX INTERNATIONAL;DROIT
321_73;321;4;DROIT INTERNATIONAL;DROIT
321_77;321;4;DROIT PUBLIC;DROIT
321_78;321;4;DROIT DE L'ENVIRONNEMENT;DROIT
321_81;321;4;DROIT DU COMMERCE INTERNATIONAL;DROIT
321_82;321;4;DROITS DE L'HOMME;DROIT
321_83;321;4;DROIT EUROPEEN;DROIT
321_85;321;4;FRAUDE;DROIT
321_86;321;4;CONTENTIEUX ADMINISTRATIF;DROIT
321_87;321;4;DROIT ADMINISTRATIF;DROIT
321_88;321;4;DROIT FISCAL;DROIT
321_92;321;4;EQUITE;DROIT
321_98;321;4;DROIT DE L'URBANISME;DROIT
322_16;322;4;ACTE DE COMMERCE;DROIT COMMERCIAL
322_17;322;4;FONDS DE COMMERCE;DROIT COMMERCIAL
322_18;322;4;BAIL COMMERCIAL;DROIT COMMERCIAL
322_21;322;4;DROIT PROFESSIONNEL;DROIT COMMERCIAL
322_24;322;4;PROCEDURE COLLECTIVE;DROIT COMMERCIAL
322_26;322;4;DROIT COMMERCIAL GENERAL;DROIT COMMERCIAL
322_37;322;4;DROIT DE LA CONCURRENCE;DROIT COMMERCIAL
322_41;322;4;MUTUELLE;DROIT COMMERCIAL
322_42;322;4;SOCIETE D'ASSURANCE;DROIT COMMERCIAL
322_43;322;4;SOCIETE EUROPEENNE;DROIT COMMERCIAL
322_44;322;4;SOCIETE D'ECONOMIE MIXTE;DROIT COMMERCIAL
322_51;322;4;COOPERATIVE AGRICOLE;DROIT COMMERCIAL
322_52;322;4;SOCIETE COOPERATIVE;DROIT COMMERCIAL
322_53;322;4;SOCIETE COMMERCIALE;DROIT COMMERCIAL
322_55;322;4;DROIT COMMERCIAL;DROIT COMMERCIAL
322_57;322;4;DROIT DES TRANSPORTS;DROIT COMMERCIAL
322_61;322;4;GEIE;DROIT COMMERCIAL
322_62;322;4;GIE;DROIT COMMERCIAL
322_64;322;4;SOCIETE EN NOM COLLECTIF;DROIT COMMERCIAL
322_65;322;4;DROIT COMPTABLE;DROIT COMMERCIAL
322_66;322;4;DROIT BANCAIRE ET BOURSIER;DROIT COMMERCIAL
322_68;322;4;DROIT MARITIME;DROIT COMMERCIAL
322_71;322;4;EURL;DROIT COMMERCIAL
322_72;322;4;SARL;DROIT COMMERCIAL
322_74;322;4;PARTIES PRENANTES;DROIT COMMERCIAL
322_77;322;4;RESPONSABILITE DU BANQUIER;DROIT COMMERCIAL
322_83;322;4;SOCIETE PAR ACTIONS;DROIT COMMERCIAL
322_84;322;4;ACTIONNAIRE;DROIT COMMERCIAL
322_85;322;4;ACTIONNAIRE SALARIE;DROIT COMMERCIAL
322_92;322;4;SOCIETE CONVENTIONNEE;DROIT COMMERCIAL
322_93;322;4;SOCIETE ANONYME;DROIT COMMERCIAL
322_94;322;4;SOCIETE PAR ACTIONS SIMPLIFIEE;DROIT COMMERCIAL
323_00;323;4;ASSOCIATION HUMANITAIRE;DROIT CIVIL
323_01;323;4;ONG;DROIT CIVIL
323_10;323;4;ASSOCIATION PROFESSIONNELLE;DROIT CIVIL
323_11;323;4;ASSOCIATION;DROIT CIVIL
323_13;323;4;SOCIETE CIVILE IMMOBILIERE;DROIT CIVIL
323_14;323;4;SOCIETE CIVILE PROFESSIONNELLE;DROIT CIVIL
323_21;323;4;FONDATION;DROIT CIVIL
323_22;323;4;ORGANISME SANS BUT LUCRATIF;DROIT CIVIL
323_23;323;4;PERSONNE MORALE;DROIT CIVIL
323_24;323;4;SOCIETE CIVILE;DROIT CIVIL
323_28;323;4;RESPONSABILITE DELICTUELLE;DROIT CIVIL
323_32;323;4;PERSONNE PHYSIQUE;DROIT CIVIL
323_33;323;4;PERSONNE JURIDIQUE;DROIT CIVIL
323_35;323;4;GARANTIE;DROIT CIVIL
323_37;323;4;RESPONSABILITE CIVILE;DROIT CIVIL
323_38;323;4;RESPONSABILITE CONTRACTUELLE;DROIT CIVIL
323_42;323;4;DONNEE PERSONNELLE;DROIT CIVIL
323_44;323;4;DROIT DES PERSONNES;DROIT CIVIL
323_45;323;4;DROIT DES SURETES;DROIT CIVIL
323_48;323;4;CONTRAT DE DEPOT;DROIT CIVIL
323_49;323;4;CONCESSION;DROIT CIVIL
323_53;323;4;DROIT DE LA FAMILLE;DROIT CIVIL
323_55;323;4;DROIT CIVIL;DROIT CIVIL
323_56;323;4;DROIT DES OBLIGATIONS;DROIT CIVIL
323_58;323;4;CONTRAT DE VENTE;DROIT CIVIL
323_59;323;4;MANDAT;DROIT CIVIL
323_62;323;4;ESPIONNAGE INDUSTRIEL;DROIT CIVIL
323_64;323;4;DROIT DES BIENS;DROIT CIVIL
323_65;323;4;DROIT DE LA CONSOMMATION;DROIT CIVIL
323_67;323;4;DROIT DES CONTRATS;DROIT CIVIL
323_68;323;4;CONTRATS SPECIAUX;DROIT CIVIL
323_69;323;4;CONTRAT D'ENTREPRISE;DROIT CIVIL
323_71;323;4;PROPRIETE INDUSTRIELLE;DROIT CIVIL
323_72;323;4;PROPRIETE INTELLECTUELLE;DROIT CIVIL
323_73;323;4;DROIT DE PROPRIETE;DROIT CIVIL
323_74;323;4;PATRIMOINE;DROIT CIVIL
323_77;323;4;CONTRAT;DROIT CIVIL
323_79;323;4;BAIL;DROIT CIVIL
323_81;323;4;CONTREFACON;DROIT CIVIL
323_82;323;4;PROPRIETE LITTERAIRE ET ARTISTIQUE;DROIT CIVIL
323_89;323;4;LOCATION;DROIT CIVIL
323_92;323;4;DROIT D'AUTEUR;DROIT CIVIL
323_99;323;4;LOYER;DROIT CIVIL
324_22;324;4;ACCORD COLLECTIF;DROIT SOCIAL
324_32;324;4;NEGOCIATION COLLECTIVE;DROIT SOCIAL
324_33;324;4;GREVE;DROIT SOCIAL
324_36;324;4;CONTENTIEUX DE LA SECURITE SOCIALE;DROIT SOCIAL
324_42;324;4;RELATIONS COLLECTIVES DU TRAVAIL;DROIT SOCIAL
324_46;324;4;ORGANISATION DE LA SECURITE SOCIALE;DROIT SOCIAL
324_48;324;4;REGIMES SPECIAUX;DROIT SOCIAL
324_53;324;4;DROIT DU TRAVAIL;DROIT SOCIAL
324_55;324;4;DROIT SOCIAL;DROIT SOCIAL
324_57;324;4;DROIT DE LA SECURITE SOCIALE;DROIT SOCIAL
324_62;324;4;RELATIONS INDIVIDUELLES DU TRAVAIL;DROIT SOCIAL
324_66;324;4;FINANCEMENT DE LA SECURITE SOCIALE;DROIT SOCIAL
324_68;324;4;REGIME GENERAL;DROIT SOCIAL
324_69;324;4;ASSURANCE VIEILLESSE;DROIT SOCIAL
324_70;324;4;CDD;DROIT SOCIAL
324_71;324;4;CONTRAT DE TRAVAIL;DROIT SOCIAL
324_72;324;4;CONTENTIEUX DU TRAVAIL;DROIT SOCIAL
324_74;324;4;DROIT DE LA SANTE;DROIT SOCIAL
324_77;324;4;ASSURANCE MALADIE;DROIT SOCIAL
324_79;324;4;ASSURANCE CHOMAGE;DROIT SOCIAL
324_80;324;4;CDI;DROIT SOCIAL
324_82;324;4;CONSEIL DE PRUD'HOMMES;DROIT SOCIAL
331_02;331;4;MODELE ECONOMIQUE;THEORIE ECONOMIQUE
331_04;331;4;ACCELERATEUR;THEORIE ECONOMIQUE
331_06;331;4;PRODUCTIVITE;THEORIE ECONOMIQUE
331_10;331;4;ECONOMIE COMPORTEMENTALE;THEORIE ECONOMIQUE
331_11;331;4;MICROECONOMIE;THEORIE ECONOMIQUE
331_15;331;4;MULTIPLICATEUR;THEORIE ECONOMIQUE
331_17;331;4;PRODUCTION;THEORIE ECONOMIQUE
331_19;331;4;THEORIE DE L'EMPLOI;THEORIE ECONOMIQUE
331_23;331;4;ECONOMETRIE;THEORIE ECONOMIQUE
331_27;331;4;THEORIE DE LA VALEUR;THEORIE ECONOMIQUE
331_31;331;4;MACROECONOMIE;THEORIE ECONOMIQUE
331_35;331;4;ANALYSE ECONOMIQUE;THEORIE ECONOMIQUE
331_36;331;4;THEORIE DES CONVENTIONS;THEORIE ECONOMIQUE
331_37;331;4;THEORIE DE LA REGULATION;THEORIE ECONOMIQUE
331_38;331;4;THEORIE DU CAPITAL;THEORIE ECONOMIQUE
331_44;331;4;INFLATION;THEORIE ECONOMIQUE
331_47;331;4;THEORIE DE L'AGENCE;THEORIE ECONOMIQUE
331_48;331;4;THEORIE DES COUTS DE TRANSACTION;THEORIE ECONOMIQUE
331_49;331;4;THEORIE DE L'INVESTISSEMENT;THEORIE ECONOMIQUE
331_50;331;4;HISTOIRE ECONOMIQUE;THEORIE ECONOMIQUE
331_52;331;4;LIBERALISME ECONOMIQUE;THEORIE ECONOMIQUE
331_55;331;4;THEORIE ECONOMIQUE;THEORIE ECONOMIQUE
331_58;331;4;THEORIE DE L'UTILITE;THEORIE ECONOMIQUE
331_62;331;4;MARXISME;THEORIE ECONOMIQUE
331_64;331;4;DEMANDE;THEORIE ECONOMIQUE
331_67;331;4;CONJONCTURE;THEORIE ECONOMIQUE
331_69;331;4;INDICATEUR ECONOMIQUE;THEORIE ECONOMIQUE
331_72;331;4;THEORIE DES PRIX;THEORIE ECONOMIQUE
331_74;331;4;OFFRE;THEORIE ECONOMIQUE
331_75;331;4;THEORIE DU MARCHE;THEORIE ECONOMIQUE
331_79;331;4;PREVISION ECONOMIQUE;THEORIE ECONOMIQUE
331_82;331;4;PRIX;THEORIE ECONOMIQUE
331_84;331;4;MONOPOLE;THEORIE ECONOMIQUE
331_87;331;4;CYCLE ECONOMIQUE;THEORIE ECONOMIQUE
331_88;331;4;DEVELOPPEMENT ECONOMIQUE;THEORIE ECONOMIQUE
331_93;331;4;INDICE DES PRIX;THEORIE ECONOMIQUE
331_94;331;4;OLIGOPOLE;THEORIE ECONOMIQUE
331_95;331;4;CONCURRENCE;THEORIE ECONOMIQUE
331_96;331;4;RECESSION;THEORIE ECONOMIQUE
331_97;331;4;CRISE ECONOMIQUE;THEORIE ECONOMIQUE
331_98;331;4;CROISSANCE ECONOMIQUE;THEORIE ECONOMIQUE
331_99;331;4;EXPANSION;THEORIE ECONOMIQUE
332_04;332;4;INVESTISSEMENT PUBLIC;ECONOMIE POLITIQUE
332_06;332;4;INVESTISSEMENT INDUSTRIEL;ECONOMIE POLITIQUE
332_11;332;4;ENVIRONNEMENT ECONOMIQUE;ECONOMIE POLITIQUE
332_13;332;4;RECETTES PUBLIQUES;ECONOMIE POLITIQUE
332_14;332;4;SUBVENTION;ECONOMIE POLITIQUE
332_17;332;4;REVENU NATIONAL;ECONOMIE POLITIQUE
332_18;332;4;AGREGAT;ECONOMIE POLITIQUE
332_19;332;4;PRODUIT NATIONAL;ECONOMIE POLITIQUE
332_21;332;4;ECONOMIE PLANIFIEE;ECONOMIE POLITIQUE
332_22;332;4;ECONOMIE DE MARCHE;ECONOMIE POLITIQUE
332_24;332;4;DEPENSE PUBLIQUE;ECONOMIE POLITIQUE
332_25;332;4;DEPENSE D'INVESTISSEMENT;ECONOMIE POLITIQUE
332_26;332;4;CONSOMMATION;ECONOMIE POLITIQUE
332_28;332;4;COMPTABILITE NATIONALE;ECONOMIE POLITIQUE
332_30;332;4;ECONOMIE MIXTE;ECONOMIE POLITIQUE
332_31;332;4;SOCIALISME;ECONOMIE POLITIQUE
332_32;332;4;CAPITALISME;ECONOMIE POLITIQUE
332_34;332;4;BUDGET DE L'ETAT;ECONOMIE POLITIQUE
332_35;332;4;DEPENSE;ECONOMIE POLITIQUE
332_36;332;4;REVENU;ECONOMIE POLITIQUE
332_38;332;4;STATISTIQUES ECONOMIQUES;ECONOMIE POLITIQUE
332_40;332;4;ECONOMIE CREATIVE;ECONOMIE POLITIQUE
332_42;332;4;REGIME ECONOMIQUE;ECONOMIE POLITIQUE
332_44;332;4;FINANCES PUBLIQUES;ECONOMIE POLITIQUE
332_47;332;4;ECONOMIE DU TRAVAIL;ECONOMIE POLITIQUE
332_51;332;4;ECONOMIE DU SAVOIR;ECONOMIE POLITIQUE
332_52;332;4;ECONOMIE SOCIALE ET SOLIDAIRE;ECONOMIE POLITIQUE
332_53;332;4;ECONOMIE DES SERVICES;ECONOMIE POLITIQUE
332_55;332;4;ECONOMIE POLITIQUE;ECONOMIE POLITIQUE
332_56;332;4;ECONOMIE NATIONALE;ECONOMIE POLITIQUE
332_58;332;4;REGION;ECONOMIE POLITIQUE
332_59;332;4;PLANIFICATION REGIONALE;ECONOMIE POLITIQUE
332_61;332;4;EQUIPEMENT COLLECTIF;ECONOMIE POLITIQUE
332_63;332;4;ECONOMIE PUBLIQUE;ECONOMIE POLITIQUE
332_65;332;4;POLITIQUE ECONOMIQUE;ECONOMIE POLITIQUE
332_67;332;4;POLITIQUE REGIONALE;ECONOMIE POLITIQUE
332_68;332;4;ZONE D'ACTIVITE;ECONOMIE POLITIQUE
332_69;332;4;ZONE URBAINE;ECONOMIE POLITIQUE
332_71;332;4;TARIF PUBLIC;ECONOMIE POLITIQUE
332_72;332;4;SERVICE PUBLIC;ECONOMIE POLITIQUE
332_73;332;4;ECONOMIE INDUSTRIELLE;ECONOMIE POLITIQUE
332_74;332;4;POLITIQUE INDUSTRIELLE;ECONOMIE POLITIQUE
332_75;332;4;POLITIQUE DES REVENUS;ECONOMIE POLITIQUE
332_77;332;4;PLANIFICATION;ECONOMIE POLITIQUE
332_79;332;4;AMENAGEMENT DU TERRITOIRE;ECONOMIE POLITIQUE
332_80;332;4;CONCENTRATION;ECONOMIE POLITIQUE
332_81;332;4;INDUSTRIE;ECONOMIE POLITIQUE
332_82;332;4;ECONOMIE CIRCULAIRE;ECONOMIE POLITIQUE
332_83;332;4;PRODUCTION INDUSTRIELLE;ECONOMIE POLITIQUE
332_86;332;4;POLITIQUE AGRICOLE;ECONOMIE POLITIQUE
332_87;332;4;AGROECOLOGIE;ECONOMIE POLITIQUE
332_88;332;4;AGRICULTURE BIOLOGIQUE;ECONOMIE POLITIQUE
332_89;332;4;AMENAGEMENT RURAL;ECONOMIE POLITIQUE
332_91;332;4;RECONVERSION INDUSTRIELLE;ECONOMIE POLITIQUE
332_92;332;4;MARCHE DE L'OCCASION;ECONOMIE POLITIQUE
332_94;332;4;STRUCTURE INDUSTRIELLE;ECONOMIE POLITIQUE
332_96;332;4;PRODUCTION AGRICOLE;ECONOMIE POLITIQUE
332_97;332;4;AGRICULTURE;ECONOMIE POLITIQUE
332_98;332;4;AGRICULTURE RAISONNEE;ECONOMIE POLITIQUE
332_99;332;4;ZONE RURALE;ECONOMIE POLITIQUE
333_14;333;4;PROTECTIONNISME;ECONOMIE INTERNATIONALE
333_15;333;4;DIVISION INTERNATIONALE DU TRAVAIL;ECONOMIE INTERNATIONALE
333_16;333;4;LIBRE ECHANGE;ECONOMIE INTERNATIONALE
333_17;333;4;MARCHE UNIQUE EUROPEEN;ECONOMIE INTERNATIONALE
333_21;333;4;COMMERCE EQUITABLE;ECONOMIE INTERNATIONALE
333_22;333;4;DOUANE;ECONOMIE INTERNATIONALE
333_23;333;4;ECONOMIE CRIMINELLE;ECONOMIE INTERNATIONALE
333_27;333;4;UNION ECONOMIQUE;ECONOMIE INTERNATIONALE
333_30;333;4;COMMERCE EST OUEST;ECONOMIE INTERNATIONALE
333_31;333;4;COMMERCE NORD SUD;ECONOMIE INTERNATIONALE
333_33;333;4;RISQUE PAYS;ECONOMIE INTERNATIONALE
333_34;333;4;ECHANGES INTERNATIONAUX;ECONOMIE INTERNATIONALE
333_42;333;4;COMMERCE EXTERIEUR;ECONOMIE INTERNATIONALE
333_45;333;4;RELATIONS ECONOMIQUES INTERNATIONALES;ECONOMIE INTERNATIONALE
333_48;333;4;ECONOMIE DE PENURIE;ECONOMIE INTERNATIONALE
333_50;333;4;TERME DES ECHANGES;ECONOMIE INTERNATIONALE
333_54;333;4;MONDIALISATION;ECONOMIE INTERNATIONALE
333_55;333;4;ECONOMIE INTERNATIONALE;ECONOMIE INTERNATIONALE
333_57;333;4;CONJONCTURE INTERNATIONALE;ECONOMIE INTERNATIONALE
333_60;333;4;AVANTAGE COMPARATIF;ECONOMIE INTERNATIONALE
333_61;333;4;BALANCE COMMERCIALE;ECONOMIE INTERNATIONALE
333_63;333;4;FINANCE INTERNATIONALE;ECONOMIE INTERNATIONALE
333_69;333;4;EXPLOITATION DES OCEANS;ECONOMIE INTERNATIONALE
333_71;333;4;DETTE EXTERIEURE;ECONOMIE INTERNATIONALE
333_72;333;4;BALANCE DES PAIEMENTS;ECONOMIE INTERNATIONALE
333_73;333;4;MOUVEMENT DES CAPITAUX;ECONOMIE INTERNATIONALE
333_75;333;4;INVESTISSEMENT DIRECT A L'ETRANGER;ECONOMIE INTERNATIONALE
333_84;333;4;COOPERATION INTERNATIONALE;ECONOMIE INTERNATIONALE
333_86;333;4;PAYS EN DEVELOPPEMENT;ECONOMIE INTERNATIONALE
333_88;333;4;PAYS INDUSTRIALISE;ECONOMIE INTERNATIONALE
334_00;334;4;PARAFISCALITE;FISCALITE
334_01;334;4;PARADIS FISCAL;FISCALITE
334_02;334;4;DOUBLE IMPOSITION;FISCALITE
334_03;334;4;HARMONISATION DE LA FISCALITE;FISCALITE
334_20;334;4;IMPOT SUR LES BENEFICES;FISCALITE
334_22;334;4;CONVENTION FISCALE;FISCALITE
334_30;334;4;TAXE D'APPRENTISSAGE;FISCALITE
334_31;334;4;TAXE PROFESSIONNELLE;FISCALITE
334_33;334;4;FISCALITE INTERNATIONALE;FISCALITE
334_41;334;4;IMPOT SUR LES SOCIETES;FISCALITE
334_50;334;4;IMPOT SUR LE REVENU;FISCALITE
334_52;334;4;FISCALITE LOCALE;FISCALITE
334_53;334;4;FISCALITE;FISCALITE
334_61;334;4;FISCALITE DIRECTE;FISCALITE
334_70;334;4;DROIT D'ENREGISTREMENT;FISCALITE
334_73;334;4;FISCALITE INDIRECTE;FISCALITE
334_80;334;4;IMPOT SUR LES PLUS-VALUES;FISCALITE
334_81;334;4;IMPOT SUR LE CAPITAL;FISCALITE
334_82;334;4;FISCALITE MOBILIERE;FISCALITE
334_83;334;4;IMPOT SUR LA CONSOMMATION;FISCALITE
334_90;334;4;DROIT DE MUTATION;FISCALITE
334_92;334;4;FISCALITE IMMOBILIERE;FISCALITE
334_93;334;4;TVA;FISCALITE
335_03;335;4;TAUX DE CHANGE;BANQUE ET MONNAIE
335_06;335;4;BON DU TRESOR;BANQUE ET MONNAIE
335_07;335;4;CRYPTOMONNAIE;BANQUE ET MONNAIE
335_08;335;4;AFFACTURAGE;BANQUE ET MONNAIE
335_14;335;4;CONTROLE DES CHANGES;BANQUE ET MONNAIE
335_17;335;4;MONNAIE ELECTRONIQUE;BANQUE ET MONNAIE
335_18;335;4;CHEQUE;BANQUE ET MONNAIE
335_19;335;4;PRET;BANQUE ET MONNAIE
335_21;335;4;FLOTTEMENT DES COURS;BANQUE ET MONNAIE
335_24;335;4;RISQUE DE CHANGE;BANQUE ET MONNAIE
335_26;335;4;EMISSION DE MONNAIE;BANQUE ET MONNAIE
335_27;335;4;MOYEN DE PAIEMENT;BANQUE ET MONNAIE
335_30;335;4;INTEGRATION MONETAIRE;BANQUE ET MONNAIE
335_31;335;4;CHANGEMENT DE PARITE;BANQUE ET MONNAIE
335_33;335;4;MARCHE DES CHANGES;BANQUE ET MONNAIE
335_34;335;4;OPERATION DE CHANGE;BANQUE ET MONNAIE
335_39;335;4;MARCHE HYPOTHECAIRE;BANQUE ET MONNAIE
335_41;335;4;POLITIQUE MONETAIRE;BANQUE ET MONNAIE
335_42;335;4;THEORIE MONETAIRE;BANQUE ET MONNAIE
335_43;335;4;MARCHE MONETAIRE;BANQUE ET MONNAIE
335_45;335;4;TECHNOLOGIE FINANCIERE;BANQUE ET MONNAIE
335_46;335;4;TAUX D'INTERET;BANQUE ET MONNAIE
335_47;335;4;OPERATION DE BANQUE;BANQUE ET MONNAIE
335_48;335;4;OPERATION DE CREDIT;BANQUE ET MONNAIE
335_49;335;4;CREDIT A LA CONSOMMATION;BANQUE ET MONNAIE
335_50;335;4;STATISTIQUES MONETAIRES;BANQUE ET MONNAIE
335_53;335;4;MONNAIE;BANQUE ET MONNAIE
335_55;335;4;ETABLISSEMENT FINANCIER;BANQUE ET MONNAIE
335_63;335;4;LIVRE STERLING;BANQUE ET MONNAIE
335_64;335;4;DEVISE;BANQUE ET MONNAIE
335_65;335;4;EPARGNE;BANQUE ET MONNAIE
335_66;335;4;DEPOT;BANQUE ET MONNAIE
335_67;335;4;BANQUE;BANQUE ET MONNAIE
335_68;335;4;BANQUE D'AFFAIRES;BANQUE ET MONNAIE
335_70;335;4;OR;BANQUE ET MONNAIE
335_71;335;4;DROITS DE TIRAGE SPECIAUX;BANQUE ET MONNAIE
335_72;335;4;ZONE MONETAIRE;BANQUE ET MONNAIE
335_73;335;4;FRANC;BANQUE ET MONNAIE
335_74;335;4;ROUBLE;BANQUE ET MONNAIE
335_79;335;4;BANQUE DE DEPOT;BANQUE ET MONNAIE
335_80;335;4;PETRODOLLAR;BANQUE ET MONNAIE
335_81;335;4;SMI;BANQUE ET MONNAIE
335_82;335;4;SME;BANQUE ET MONNAIE
335_83;335;4;EURO;BANQUE ET MONNAIE
335_84;335;4;YEN;BANQUE ET MONNAIE
335_85;335;4;YUAN;BANQUE ET MONNAIE
335_89;335;4;BANQUE SPECIALISEE;BANQUE ET MONNAIE
335_91;335;4;EURODEVISE;BANQUE ET MONNAIE
335_93;335;4;DOLLAR;BANQUE ET MONNAIE
335_94;335;4;MARK;BANQUE ET MONNAIE
335_95;335;4;BANQUE INTERNATIONALE;BANQUE ET MONNAIE
335_98;335;4;BANQUE CENTRALE;BANQUE ET MONNAIE
335_99;335;4;CAISSE DES DEPOTS ET CONSIGNATIONS;BANQUE ET MONNAIE
341_02;341;4;GAZ INDUSTRIEL;ENERGIE
341_03;341;4;GAZ NATUREL;ENERGIE
341_13;341;4;GAZ;ENERGIE
341_14;341;4;PETROLE;ENERGIE
341_18;341;4;RAFFINAGE;ENERGIE
341_22;341;4;BIOCARBURANT;ENERGIE
341_23;341;4;HYDROCARBURE;ENERGIE
341_24;341;4;CHARBON;ENERGIE
341_32;341;4;BIOMASSE;ENERGIE
341_33;341;4;COMBUSTIBLE;ENERGIE
341_37;341;4;EXPLOITATION DE L'ENERGIE;ENERGIE
341_41;341;4;ENERGIE HYDRAULIQUE;ENERGIE
341_50;341;4;ENERGIE EOLIENNE;ENERGIE
341_52;341;4;TRANSITION ENERGETIQUE;ENERGIE
341_53;341;4;ENERGIE FOSSILE;ENERGIE
341_55;341;4;ENERGIE;ENERGIE
341_57;341;4;POLITIQUE ENERGETIQUE;ENERGIE
341_58;341;4;CRISE DE L'ENERGIE;ENERGIE
341_62;341;4;ENERGIE RENOUVELABLE;ENERGIE
341_63;341;4;SOURCE D'ENERGIE;ENERGIE
341_65;341;4;ELECTRICITE;ENERGIE
341_68;341;4;CONSOMMATION D'ENERGIE;ENERGIE
341_70;341;4;ENERGIE GEOTHERMIQUE;ENERGIE
341_79;341;4;ECONOMIE D'ENERGIE;ENERGIE
341_81;341;4;ENERGIE SOLAIRE;ENERGIE
341_84;341;4;ENERGIE NUCLEAIRE;ENERGIE
341_87;341;4;CONVERSION DE L'ENERGIE;ENERGIE
341_88;341;4;TRANSPORT DE L'ENERGIE;ENERGIE
341_91;341;4;LASER;ENERGIE
341_92;341;4;ENERGIE CHIMIQUE;ENERGIE
341_95;341;4;CENTRALE ELECTRIQUE;ENERGIE
342_08;342;4;POLLUTION ATMOSPHERIQUE;PROTECTION DE L'ENVIRONNEMENT
342_11;342;4;DECHET INDUSTRIEL;PROTECTION DE L'ENVIRONNEMENT
342_13;342;4;ORDURE MENAGERE;PROTECTION DE L'ENVIRONNEMENT
342_14;342;4;RECYCLAGE;PROTECTION DE L'ENVIRONNEMENT
342_17;342;4;POLLUTION DU SOL;PROTECTION DE L'ENVIRONNEMENT
342_22;342;4;DECHET;PROTECTION DE L'ENVIRONNEMENT
342_24;342;4;TRAITEMENT DES DECHETS;PROTECTION DE L'ENVIRONNEMENT
342_27;342;4;POLLUTION THERMIQUE;PROTECTION DE L'ENVIRONNEMENT
342_36;342;4;LUTTE ANTIPOLLUTION;PROTECTION DE L'ENVIRONNEMENT
342_38;342;4;POLLUTION;PROTECTION DE L'ENVIRONNEMENT
342_42;342;4;RISQUE TECHNOLOGIQUE;PROTECTION DE L'ENVIRONNEMENT
342_48;342;4;POLLUTION DE L'EAU;PROTECTION DE L'ENVIRONNEMENT
342_51;342;4;DEVELOPPEMENT DURABLE;PROTECTION DE L'ENVIRONNEMENT
342_55;342;4;PROTECTION DE L'ENVIRONNEMENT;PROTECTION DE L'ENVIRONNEMENT
342_58;342;4;ALIMENTATION EN EAU;PROTECTION DE L'ENVIRONNEMENT
342_61;342;4;TRANSITION ECOLOGIQUE;PROTECTION DE L'ENVIRONNEMENT
342_62;342;4;POLITIQUE DE L'ENVIRONNEMENT;PROTECTION DE L'ENVIRONNEMENT
342_67;342;4;CLIMAT;PROTECTION DE L'ENVIRONNEMENT
342_68;342;4;EAU;PROTECTION DE L'ENVIRONNEMENT
342_72;342;4;QUALITE DE LA VIE;PROTECTION DE L'ENVIRONNEMENT
342_73;342;4;CADRE DE VIE;PROTECTION DE L'ENVIRONNEMENT
342_75;342;4;ECOLOGIE;PROTECTION DE L'ENVIRONNEMENT
342_77;342;4;PATRIMOINE NATUREL;PROTECTION DE L'ENVIRONNEMENT
342_81;342;4;BRUIT;PROTECTION DE L'ENVIRONNEMENT
342_86;342;4;FAUNE;PROTECTION DE L'ENVIRONNEMENT
342_94;342;4;AMENAGEMENT DE L'ESPACE;PROTECTION DE L'ENVIRONNEMENT
342_97;342;4;FLORE;PROTECTION DE L'ENVIRONNEMENT
342_99;342;4;CATASTROPHE NATURELLE;PROTECTION DE L'ENVIRONNEMENT
351_03;351;4;MEDECINE DU TRAVAIL;ENVIRONNEMENT SOCIAL
351_04;351;4;HANDICAP;ENVIRONNEMENT SOCIAL
351_06;351;4;GESTION HOSPITALIERE;ENVIRONNEMENT SOCIAL
351_10;351;4;MUTUALITE;ENVIRONNEMENT SOCIAL
351_12;351;4;ALCOOLISME;ENVIRONNEMENT SOCIAL
351_14;351;4;DROGUE;ENVIRONNEMENT SOCIAL
351_17;351;4;POLITIQUE DE L'HABITAT;ENVIRONNEMENT SOCIAL
351_22;351;4;MALADIE PROFESSIONNELLE;ENVIRONNEMENT SOCIAL
351_24;351;4;ALIMENTATION;ENVIRONNEMENT SOCIAL
351_29;351;4;URBANISME;ENVIRONNEMENT SOCIAL
351_30;351;4;ASSURANCE VIE;ENVIRONNEMENT SOCIAL
351_31;351;4;ASSURANCE;ENVIRONNEMENT SOCIAL
351_36;351;4;BIEN COMMUN;ENVIRONNEMENT SOCIAL
351_40;351;4;ASSURANCE DEPENDANCE;ENVIRONNEMENT SOCIAL
351_42;351;4;CRISE SANITAIRE;ENVIRONNEMENT SOCIAL
351_44;351;4;ETABLISSEMENT DE SOINS;ENVIRONNEMENT SOCIAL
351_47;351;4;HABITAT;ENVIRONNEMENT SOCIAL
351_48;351;4;IMMOBILIER;ENVIRONNEMENT SOCIAL
351_50;351;4;ASSURANCE INVALIDITE;ENVIRONNEMENT SOCIAL
351_53;351;4;SANTE;ENVIRONNEMENT SOCIAL
351_54;351;4;INFRASTRUCTURE SANITAIRE ET SOCIALE;ENVIRONNEMENT SOCIAL
351_55;351;4;ENVIRONNEMENT SOCIAL;ENVIRONNEMENT SOCIAL
351_58;351;4;LOGEMENT;ENVIRONNEMENT SOCIAL
351_61;351;4;SECURITE SOCIALE;ENVIRONNEMENT SOCIAL
351_62;351;4;PROTECTION SOCIALE;ENVIRONNEMENT SOCIAL
351_67;351;4;DEVELOPPEMENT HUMAIN;ENVIRONNEMENT SOCIAL
351_69;351;4;NIVEAU DE VIE;ENVIRONNEMENT SOCIAL
351_70;351;4;ASSURANCE ACCIDENT;ENVIRONNEMENT SOCIAL
351_74;351;4;CHOMAGE;ENVIRONNEMENT SOCIAL
351_78;351;4;SITUATION SOCIALE;ENVIRONNEMENT SOCIAL
351_79;351;4;POUVOIR D'ACHAT;ENVIRONNEMENT SOCIAL
351_82;351;4;PRESTATION DE RETRAITE;ENVIRONNEMENT SOCIAL
351_85;351;4;EMPLOI;ENVIRONNEMENT SOCIAL
351_86;351;4;DELINQUANCE;ENVIRONNEMENT SOCIAL
351_87;351;4;CRIMINALITE;ENVIRONNEMENT SOCIAL
351_89;351;4;PAUVRETE;ENVIRONNEMENT SOCIAL
351_90;351;4;PRESTATION SOCIALE;ENVIRONNEMENT SOCIAL
351_95;351;4;POLITIQUE DE L'EMPLOI;ENVIRONNEMENT SOCIAL
351_96;351;4;ECONOMIE SOUTERRAINE;ENVIRONNEMENT SOCIAL
351_97;351;4;POLITIQUE SOCIALE;ENVIRONNEMENT SOCIAL
351_98;351;4;STATISTIQUES SOCIALES;ENVIRONNEMENT SOCIAL
351_99;351;4;INEGALITE SOCIALE;ENVIRONNEMENT SOCIAL
352_08;352;4;FAMILLE;DEMOGRAPHIE
352_13;352;4;SENIOR;DEMOGRAPHIE
352_14;352;4;PERSONNE AGEE;DEMOGRAPHIE
352_15;352;4;ADOLESCENT;DEMOGRAPHIE
352_16;352;4;JEUNE;DEMOGRAPHIE
352_21;352;4;FECONDITE;DEMOGRAPHIE
352_23;352;4;ADULTE;DEMOGRAPHIE
352_27;352;4;ENFANT;DEMOGRAPHIE
352_28;352;4;MENAGE;DEMOGRAPHIE
352_29;352;4;FEMME;DEMOGRAPHIE
352_31;352;4;NUPTIALITE;DEMOGRAPHIE
352_33;352;4;RECENSEMENT;DEMOGRAPHIE
352_35;352;4;CLASSE D'AGE;DEMOGRAPHIE
352_39;352;4;HOMME;DEMOGRAPHIE
352_41;352;4;NATALITE;DEMOGRAPHIE
352_46;352;4;MINORITE;DEMOGRAPHIE
352_47;352;4;STRUCTURE DE LA POPULATION;DEMOGRAPHIE
352_48;352;4;GENRE;DEMOGRAPHIE
352_51;352;4;MORTALITE;DEMOGRAPHIE
352_53;352;4;MOUVEMENT DEMOGRAPHIQUE;DEMOGRAPHIE
352_55;352;4;DEMOGRAPHIE;DEMOGRAPHIE
352_56;352;4;POPULATION;DEMOGRAPHIE
352_58;352;4;POPULATION ACTIVE;DEMOGRAPHIE
352_59;352;4;POPULATION INACTIVE;DEMOGRAPHIE
352_60;352;4;MOBILITE PROFESSIONNELLE;DEMOGRAPHIE
352_62;352;4;MOBILITE SOCIALE;DEMOGRAPHIE
352_67;352;4;CATEGORIE SOCIOPROFESSIONNELLE;DEMOGRAPHIE
352_70;352;4;MOBILITE INTERNATIONALE;DEMOGRAPHIE
352_71;352;4;EMIGRATION;DEMOGRAPHIE
352_73;352;4;MIGRATION;DEMOGRAPHIE
352_75;352;4;POPULATION URBAINE;DEMOGRAPHIE
352_80;352;4;TRAVAILLEUR ETRANGER;DEMOGRAPHIE
352_91;352;4;IMMIGRATION;DEMOGRAPHIE
352_93;352;4;MIGRATION INTERIEURE;DEMOGRAPHIE
352_95;352;4;POPULATION RURALE;DEMOGRAPHIE
361_10;361;4;POEME;ENVIRONNEMENT CULTUREL ET ARTISTIQUE
361_15;361;4;VOYAGE TOURISTIQUE;ENVIRONNEMENT CULTUREL ET ARTISTIQUE
361_16;361;4;VOYAGE D'AFFAIRES;ENVIRONNEMENT CULTUREL ET ARTISTIQUE
361_18;361;4;JEU;ENVIRONNEMENT CULTUREL ET ARTISTIQUE
361_20;361;4;CONTE;ENVIRONNEMENT CULTUREL ET ARTISTIQUE
361_25;361;4;VOYAGE;ENVIRONNEMENT CULTUREL ET ARTISTIQUE
361_30;361;4;PIECE DE THEATRE;ENVIRONNEMENT CULTUREL ET ARTISTIQUE
361_38;361;4;LOISIR;ENVIRONNEMENT CULTUREL ET ARTISTIQUE
361_40;361;4;NOUVELLE;ENVIRONNEMENT CULTUREL ET ARTISTIQUE
361_42;361;4;SPORT;ENVIRONNEMENT CULTUREL ET ARTISTIQUE
361_45;361;4;TOURISME;ENVIRONNEMENT CULTUREL ET ARTISTIQUE
361_50;361;4;BIOGRAPHIE;ENVIRONNEMENT CULTUREL ET ARTISTIQUE
361_55;361;4;ENVIRONNEMENT CULTUREL ET ARTISTIQUE;ENVIRONNEMENT CULTUREL ET ARTISTIQUE
361_57;361;4;RELIGION;ENVIRONNEMENT CULTUREL ET ARTISTIQUE
361_60;361;4;ESSAI LITTERAIRE;ENVIRONNEMENT CULTUREL ET ARTISTIQUE
361_61;361;4;LITTERATURE;ENVIRONNEMENT CULTUREL ET ARTISTIQUE
361_63;361;4;ART;ENVIRONNEMENT CULTUREL ET ARTISTIQUE
361_66;361;4;CULTURE;ENVIRONNEMENT CULTUREL ET ARTISTIQUE
361_68;361;4;POLITIQUE CULTURELLE;ENVIRONNEMENT CULTUREL ET ARTISTIQUE
361_70;361;4;ROMAN;ENVIRONNEMENT CULTUREL ET ARTISTIQUE
361_74;361;4;SPECTACLE;ENVIRONNEMENT CULTUREL ET ARTISTIQUE
361_78;361;4;PATRIMOINE CULTUREL;ENVIRONNEMENT CULTUREL ET ARTISTIQUE
361_80;361;4;BANDE DESSINEE;ENVIRONNEMENT CULTUREL ET ARTISTIQUE
361_81;361;4;CINEMA;ENVIRONNEMENT CULTUREL ET ARTISTIQUE
361_83;361;4;ARCHITECTURE;ENVIRONNEMENT CULTUREL ET ARTISTIQUE
361_84;361;4;MUSIQUE;ENVIRONNEMENT CULTUREL ET ARTISTIQUE
361_87;361;4;ETABLISSEMENT CULTUREL;ENVIRONNEMENT CULTUREL ET ARTISTIQUE
361_88;361;4;MUSEE;ENVIRONNEMENT CULTUREL ET ARTISTIQUE
361_91;361;4;PHOTOGRAPHIE;ENVIRONNEMENT CULTUREL ET ARTISTIQUE
361_92;361;4;ARTS PLASTIQUES;ENVIRONNEMENT CULTUREL ET ARTISTIQUE
361_93;361;4;ARTS GRAPHIQUES;ENVIRONNEMENT CULTUREL ET ARTISTIQUE
362_08;362;4;BIOETHIQUE;ENVIRONNEMENT SCIENTIFIQUE
362_15;362;4;SEMIOLOGIE;ENVIRONNEMENT SCIENTIFIQUE
362_18;362;4;ETHIQUE;ENVIRONNEMENT SCIENTIFIQUE
362_19;362;4;DOCTRINE;ENVIRONNEMENT SCIENTIFIQUE
362_22;362;4;HISTOIRE;ENVIRONNEMENT SCIENTIFIQUE
362_25;362;4;LINGUISTIQUE;ENVIRONNEMENT SCIENTIFIQUE
362_28;362;4;PHILOSOPHIE;ENVIRONNEMENT SCIENTIFIQUE
362_33;362;4;INTELLIGENCE COLLECTIVE;ENVIRONNEMENT SCIENTIFIQUE
362_35;362;4;SCIENCES HUMAINES ET SOCIALES;ENVIRONNEMENT SCIENTIFIQUE
362_38;362;4;DOCTRINE;ENVIRONNEMENT SCIENTIFIQUE
362_39;362;4;FEMINISME;ENVIRONNEMENT SCIENTIFIQUE
362_43;362;4;SCIENCE COGNITIVE;ENVIRONNEMENT SCIENTIFIQUE
362_44;362;4;EPISTEMOLOGIE;ENVIRONNEMENT SCIENTIFIQUE
362_47;362;4;POLITIQUE SCIENTIFIQUE;ENVIRONNEMENT SCIENTIFIQUE
362_52;362;4;BIODIVERSITE;ENVIRONNEMENT SCIENTIFIQUE
362_53;362;4;NEURODIVERSITE;ENVIRONNEMENT SCIENTIFIQUE
362_55;362;4;ENVIRONNEMENT SCIENTIFIQUE;ENVIRONNEMENT SCIENTIFIQUE
362_62;362;4;BIOLOGIE;ENVIRONNEMENT SCIENTIFIQUE
362_63;362;4;MEDECINE;ENVIRONNEMENT SCIENTIFIQUE
362_64;362;4;NEUROSCIENCES;ENVIRONNEMENT SCIENTIFIQUE
362_68;362;4;GEOGRAPHIE;ENVIRONNEMENT SCIENTIFIQUE
362_71;362;4;PHYSIOLOGIE;ENVIRONNEMENT SCIENTIFIQUE
362_73;362;4;CHIMIE;ENVIRONNEMENT SCIENTIFIQUE
362_75;362;4;PHYSIQUE;ENVIRONNEMENT SCIENTIFIQUE
362_77;362;4;GEOLOGIE;ENVIRONNEMENT SCIENTIFIQUE
362_80;362;4;CORPS HUMAIN;ENVIRONNEMENT SCIENTIFIQUE
362_81;362;4;SEXUALITE;ENVIRONNEMENT SCIENTIFIQUE
410_00;410;4;LANGUE VIVANTE;LANGUE VIVANTE
410_01;410;4;ALLEMAND;LANGUE VIVANTE
410_02;410;4;ANGLAIS;LANGUE VIVANTE
410_03;410;4;ARABE;LANGUE VIVANTE
410_04;410;4;BULGARE;LANGUE VIVANTE
410_05;410;4;CHINOIS;LANGUE VIVANTE
410_06;410;4;COREEN;LANGUE VIVANTE
410_07;410;4;CROATE;LANGUE VIVANTE
410_08;410;4;DANOIS;LANGUE VIVANTE
410_09;410;4;ESPAGNOL;LANGUE VIVANTE
410_10;410;4;ESTONIEN;LANGUE VIVANTE
410_11;410;4;FINNOIS;LANGUE VIVANTE
410_12;410;4;FRANCAIS;LANGUE VIVANTE
410_13;410;4;GREC;LANGUE VIVANTE
410_14;410;4;HEBREU;LANGUE VIVANTE
410_15;410;4;HINDI;LANGUE VIVANTE
410_16;410;4;HONGROIS;LANGUE VIVANTE
410_17;410;4;INDONESIEN;LANGUE VIVANTE
410_18;410;4;ISLANDAIS;LANGUE VIVANTE
410_19;410;4;ITALIEN;LANGUE VIVANTE
410_20;410;4;JAPONAIS;LANGUE VIVANTE
410_21;410;4;LETTON;LANGUE VIVANTE
410_22;410;4;LITUANIEN;LANGUE VIVANTE
410_23;410;4;NEERLANDAIS;LANGUE VIVANTE
410_24;410;4;NORVEGIEN;LANGUE VIVANTE
410_25;410;4;POLONAIS;LANGUE VIVANTE
410_26;410;4;PORTUGAIS;LANGUE VIVANTE
410_27;410;4;ROUMAIN;LANGUE VIVANTE
410_28;410;4;RUSSE;LANGUE VIVANTE
410_29;410;4;SLOVAQUE;LANGUE VIVANTE
410_30;410;4;SLOVENE;LANGUE VIVANTE
410_31;410;4;SUEDOIS;LANGUE VIVANTE
410_32;410;4;TCHEQUE;LANGUE VIVANTE
410_33;410;4;TURC;LANGUE VIVANTE
410_34;410;4;VIETNAMIEN;LANGUE VIVANTE
411_00;411;4;MOT OUTIL;MOT OUTIL
411_01;411;4;RELATION;MOT OUTIL
411_02;411;4;ANALYSE;MOT OUTIL
411_03;411;4;CAS;MOT OUTIL
411_04;411;4;REFORME;MOT OUTIL
411_05;411;4;SIGLE;MOT OUTIL
411_06;411;4;FLUX;MOT OUTIL
411_07;411;4;SATISFACTION;MOT OUTIL
411_08;411;4;CHANGEMENT;MOT OUTIL
411_09;411;4;COMPLEXITE;MOT OUTIL
411_10;411;4;COMPARAISON;MOT OUTIL
411_11;411;4;PROCESSUS;MOT OUTIL
411_12;411;4;CONCEPT;MOT OUTIL
411_13;411;4;EGALITE;MOT OUTIL
411_14;411;4;CONFLIT;MOT OUTIL
411_15;411;4;CONSEQUENCE;MOT OUTIL
411_16;411;4;CONTROLE;MOT OUTIL
411_17;411;4;COURT TERME;MOT OUTIL
411_18;411;4;GRATUITE;MOT OUTIL
411_19;411;4;CROISSANCE;MOT OUTIL
411_20;411;4;REGULATION;MOT OUTIL
411_21;411;4;EFFICACITE;MOT OUTIL
411_22;411;4;ENVIRONNEMENT;MOT OUTIL
411_23;411;4;EVALUATION;MOT OUTIL
411_24;411;4;EVOLUTION;MOT OUTIL
411_25;411;4;EXPERTISE;MOT OUTIL
411_26;411;4;FONCTIONNEMENT;MOT OUTIL
411_27;411;4;FRAIS;MOT OUTIL
411_28;411;4;ACCESSIBILITE;MOT OUTIL
411_29;411;4;BEAUTE;MOT OUTIL
411_30;411;4;GUERRE;MOT OUTIL
411_31;411;4;BONHEUR;MOT OUTIL
411_32;411;4;IMAGE;MOT OUTIL
411_33;411;4;IMPLANTATION;MOT OUTIL
411_34;411;4;INDICATEUR;MOT OUTIL
411_36;411;4;INTERNATIONAL;MOT OUTIL
411_37;411;4;LIBERTE;MOT OUTIL
411_38;411;4;LONG TERME;MOT OUTIL
411_39;411;4;METHODE;MOT OUTIL
411_40;411;4;METHODOLOGIE;MOT OUTIL
411_42;411;4;MODELE;MOT OUTIL
411_43;411;4;PREVENTION;MOT OUTIL
411_44;411;4;MOYEN TERME;MOT OUTIL
411_46;411;4;OBJECTIF;MOT OUTIL
411_50;411;4;ORGANISME;MOT OUTIL
411_52;411;4;PAIX;MOT OUTIL
411_54;411;4;PERFORMANCE;MOT OUTIL
411_56;411;4;PERSPECTIVE;MOT OUTIL
411_57;411;4;PLAN;MOT OUTIL
411_58;411;4;PRECISION;MOT OUTIL
411_60;411;4;PROBLEME;MOT OUTIL
411_61;411;4;DEMATERIALISATION;MOT OUTIL
411_62;411;4;PROGRAMME;MOT OUTIL
411_63;411;4;PROJET;MOT OUTIL
411_69;411;4;RESSOURCE;MOT OUTIL
411_70;411;4;RESULTAT;MOT OUTIL
411_71;411;4;RISQUE;MOT OUTIL
411_72;411;4;SERVICE;MOT OUTIL
411_73;411;4;SIMULATION;MOT OUTIL
411_75;411;4;INFLUENCEUR;MOT OUTIL
411_76;411;4;SYMBOLE;MOT OUTIL
411_77;411;4;TENDANCE;MOT OUTIL
411_78;411;4;TECHNIQUE;MOT OUTIL
411_79;411;4;TEMPORAIRE;MOT OUTIL
411_80;411;4;TEMPS;MOT OUTIL
411_82;411;4;THEORIE;MOT OUTIL
411_83;411;4;TYPOLOGIE;MOT OUTIL
411_84;411;4;USAGER;MOT OUTIL
411_86;411;4;SECTEUR D'ACTIVITE;MOT OUTIL
411_87;411;4;FLEXIBILITE;MOT OUTIL
411_88;411;4;PLANNING;MOT OUTIL
411_94;411;4;MODERNISATION;MOT OUTIL
411_95;411;4;SAVOIR FAIRE;MOT OUTIL
411_96;411;4;RESEAU;MOT OUTIL
411_97;411;4;TAUX;MOT OUTIL
411_98;411;4;MESURE;MOT OUTIL
411_99;411;4;SAVOIR-ETRE;MOT OUTIL
412_00;412;4;TYPE DE DOCUMENT;TYPE DE DOCUMENT
412_01;412;4;ANNUAIRE;TYPE DE DOCUMENT
412_02;412;4;ARTICLE;TYPE DE DOCUMENT
412_03;412;4;ATLAS;TYPE DE DOCUMENT
412_04;412;4;BIBLIOGRAPHIE;TYPE DE DOCUMENT
412_06;412;4;BROCHURE;TYPE DE DOCUMENT
412_07;412;4;CIRCULAIRE;TYPE DE DOCUMENT
412_08;412;4;CODE;TYPE DE DOCUMENT
412_09;412;4;CLASSEMENT;TYPE DE DOCUMENT
412_10;412;4;COMMUNICATION DE CONGRES;TYPE DE DOCUMENT
412_11;412;4;CHARTE;TYPE DE DOCUMENT
412_12;412;4;COMPTE RENDU;TYPE DE DOCUMENT
412_13;412;4;CRITIQUE;TYPE DE DOCUMENT
412_14;412;4;DEFINITION;TYPE DE DOCUMENT
412_15;412;4;DEPLIANT;TYPE DE DOCUMENT
412_16;412;4;DESCRIPTION;TYPE DE DOCUMENT
412_17;412;4;DICTIONNAIRE;TYPE DE DOCUMENT
412_18;412;4;ENCYCLOPEDIE;TYPE DE DOCUMENT
412_19;412;4;ETUDE;TYPE DE DOCUMENT
412_21;412;4;GRAPHIQUE;TYPE DE DOCUMENT
412_22;412;4;GUIDE;TYPE DE DOCUMENT
412_23;412;4;INDEX;TYPE DE DOCUMENT
412_24;412;4;LEXIQUE;TYPE DE DOCUMENT
412_25;412;4;LIVRE;TYPE DE DOCUMENT
412_26;412;4;MANUEL;TYPE DE DOCUMENT
412_27;412;4;MAQUETTE;TYPE DE DOCUMENT
412_28;412;4;MEMOIRE;TYPE DE DOCUMENT
412_29;412;4;MONOGRAPHIE;TYPE DE DOCUMENT
412_30;412;4;NOMENCLATURE;TYPE DE DOCUMENT
412_31;412;4;NORME;TYPE DE DOCUMENT
412_32;412;4;NOTE INTERNE;TYPE DE DOCUMENT
412_33;412;4;NOTE TECHNIQUE;TYPE DE DOCUMENT
412_35;412;4;OUVRAGE DE REFERENCE;TYPE DE DOCUMENT
412_36;412;4;RAPPORT;TYPE DE DOCUMENT
412_37;412;4;REPERTOIRE;TYPE DE DOCUMENT
412_38;412;4;RESUME;TYPE DE DOCUMENT
412_39;412;4;SYNTHESE;TYPE DE DOCUMENT
412_40;412;4;TABLE NUMERIQUE;TYPE DE DOCUMENT
412_41;412;4;TERMINOLOGIE;TYPE DE DOCUMENT
412_42;412;4;THESE;TYPE DE DOCUMENT
412_43;412;4;TRADUCTION;TYPE DE DOCUMENT
412_44;412;4;CAHIER DE RECHERCHE;TYPE DE DOCUMENT
412_45;412;4;GRAMMAIRE;TYPE DE DOCUMENT
412_46;412;4;CAHIER DES CHARGES;TYPE DE DOCUMENT
412_47;412;4;ANNALES;TYPE DE DOCUMENT
412_48;412;4;CARTE;TYPE DE DOCUMENT
412_49;412;4;ETUDE DE FAISABILITE;TYPE DE DOCUMENT
412_56;412;4;DONNEES CHIFFREES;TYPE DE DOCUMENT
413_00;413;4;ORGANISATION INTERNATIONALE;ORGANISATION INTERNATIONALE
413_01;413;4;AEN;ORGANISATION INTERNATIONALE
413_02;413;4;AIEA;ORGANISATION INTERNATIONALE
413_03;413;4;UNION AFRICAINE;ORGANISATION INTERNATIONALE
413_04;413;4;BANQUE MONDIALE;ORGANISATION INTERNATIONALE
413_05;413;4;BANQUE DES REGLEMENTS INTERNATIONAUX;ORGANISATION INTERNATIONALE
413_06;413;4;BEI;ORGANISATION INTERNATIONALE
413_07;413;4;BIRD;ORGANISATION INTERNATIONALE
413_08;413;4;OIF;ORGANISATION INTERNATIONALE
413_10;413;4;CECA;ORGANISATION INTERNATIONALE
413_12;413;4;CERN;ORGANISATION INTERNATIONALE
413_13;413;4;CNUCED;ORGANISATION INTERNATIONALE
413_14;413;4;CONSEIL DE L'EUROPE;ORGANISATION INTERNATIONALE
413_15;413;4;COMMONWEALTH;ORGANISATION INTERNATIONALE
413_16;413;4;EURATOM;ORGANISATION INTERNATIONALE
413_17;413;4;BERD;ORGANISATION INTERNATIONALE
413_18;413;4;FAO;ORGANISATION INTERNATIONALE
413_19;413;4;FMI;ORGANISATION INTERNATIONALE
413_20;413;4;ASEAN;ORGANISATION INTERNATIONALE
413_22;413;4;IASC;ORGANISATION INTERNATIONALE
413_23;413;4;IATA;ORGANISATION INTERNATIONALE
413_24;413;4;IME;ORGANISATION INTERNATIONALE
413_25;413;4;ONU;ORGANISATION INTERNATIONALE
413_27;413;4;OCDE;ORGANISATION INTERNATIONALE
413_28;413;4;COMMISSION EUROPEENNE;ORGANISATION INTERNATIONALE
413_29;413;4;UNION EUROPEENNE;ORGANISATION INTERNATIONALE
413_30;413;4;OMS;ORGANISATION INTERNATIONALE
413_31;413;4;OTAN;ORGANISATION INTERNATIONALE
413_32;413;4;OTASE;ORGANISATION INTERNATIONALE
413_33;413;4;OMC;ORGANISATION INTERNATIONALE
413_34;413;4;OIT;ORGANISATION INTERNATIONALE
413_35;413;4;UNESCO;ORGANISATION INTERNATIONALE
413_36;413;4;CONSEIL EUROPEEN;ORGANISATION INTERNATIONALE
413_37;413;4;OCAM;ORGANISATION INTERNATIONALE
413_38;413;4;OPEP;ORGANISATION INTERNATIONALE
413_39;413;4;BCE;ORGANISATION INTERNATIONALE
413_40;413;4;ASE;ORGANISATION INTERNATIONALE
413_41;413;4;ISO;ORGANISATION INTERNATIONALE
413_42;413;4;CEI;ORGANISATION INTERNATIONALE
413_43;413;4;UEM;ORGANISATION INTERNATIONALE
413_45;413;4;PARLEMENT EUROPEEN;ORGANISATION INTERNATIONALE
413_46;413;4;CONSEIL DE L'UNION EUROPEENNE;ORGANISATION INTERNATIONALE
413_47;413;4;CHAMBRE DE COMMERCE INTERNATIONALE;ORGANISATION INTERNATIONALE
413_48;413;4;FONDS STRUCTUREL EUROPEEN;ORGANISATION INTERNATIONALE
413_49;413;4;ORGANISATION MONDIALE DU TOURISME;ORGANISATION INTERNATIONALE
413_50;413;4;OMPI;ORGANISATION INTERNATIONALE
414_00;414;4;ORGANISME FRANCAIS;ORGANISME FRANCAIS
414_01;414;4;AFNOR;ORGANISME FRANCAIS
414_03;414;4;AFPA;ORGANISME FRANCAIS
414_04;414;4;APCE;ORGANISME FRANCAIS
414_05;414;4;POLE EMPLOI;ORGANISME FRANCAIS
414_06;414;4;ANRT;ORGANISME FRANCAIS
414_07;414;4;BPI FRANCE FINANCEMENT;ORGANISME FRANCAIS
414_08;414;4;APEC;ORGANISME FRANCAIS
414_09;414;4;ARIST;ORGANISME FRANCAIS
414_10;414;4;NATEXIS;ORGANISME FRANCAIS
414_11;414;4;BIPE;ORGANISME FRANCAIS
414_12;414;4;CECOD;ORGANISME FRANCAIS
414_13;414;4;CEREQ;ORGANISME FRANCAIS
414_14;414;4;BUSINESS FRANCE;ORGANISME FRANCAIS
414_15;414;4;ORANGE;ORGANISME FRANCAIS
414_16;414;4;CNRS;ORGANISME FRANCAIS
414_18;414;4;COFACE;ORGANISME FRANCAIS
414_19;414;4;INC;ORGANISME FRANCAIS
414_20;414;4;INIST;ORGANISME FRANCAIS
414_21;414;4;INPI;ORGANISME FRANCAIS
414_22;414;4;INRA;ORGANISME FRANCAIS
414_23;414;4;INSEE;ORGANISME FRANCAIS
414_24;414;4;INSERM;ORGANISME FRANCAIS
414_25;414;4;CDIA;ORGANISME FRANCAIS
414_26;414;4;CGSP;ORGANISME FRANCAIS
414_27;414;4;INED;ORGANISME FRANCAIS
414_29;414;4;CONSEIL ECONOMIQUE ET SOCIAL;ORGANISME FRANCAIS
414_31;414;4;CHAMBRE DE COMMERCE ET D'INDUSTRIE;ORGANISME FRANCAIS
414_32;414;4;AMF;ORGANISME FRANCAIS
414_33;414;4;ADEME;ORGANISME FRANCAIS
414_34;414;4;AFD;ORGANISME FRANCAIS
414_35;414;4;CERTU;ORGANISME FRANCAIS
414_36;414;4;CREDOC;ORGANISME FRANCAIS
414_37;414;4;FNEGE;ORGANISME FRANCAIS
415_00;415;4;ZONE GEOPOLITIQUE;ZONE GEOPOLITIQUE
415_01;415;4;AFRIQUE AUSTRALE;ZONE GEOPOLITIQUE
415_02;415;4;AFRIQUE DE L'EST;ZONE GEOPOLITIQUE
415_03;415;4;AFRIQUE DE L'OUEST;ZONE GEOPOLITIQUE
415_04;415;4;AFRIQUE DU NORD;ZONE GEOPOLITIQUE
415_05;415;4;AFRIQUE SUBSAHARIENNE;ZONE GEOPOLITIQUE
415_06;415;4;AMERIQUE CENTRALE;ZONE GEOPOLITIQUE
415_07;415;4;AMERIQUE DU NORD;ZONE GEOPOLITIQUE
415_08;415;4;AMERIQUE DU SUD;ZONE GEOPOLITIQUE
415_09;415;4;AMERIQUE LATINE;ZONE GEOPOLITIQUE
415_11;415;4;BALKANS;ZONE GEOPOLITIQUE
415_12;415;4;CAUCASE;ZONE GEOPOLITIQUE
415_13;415;4;EUROPE CENTRALE;ZONE GEOPOLITIQUE
415_14;415;4;EUROPE DE L'EST;ZONE GEOPOLITIQUE
415_15;415;4;EUROPE DE L'OUEST;ZONE GEOPOLITIQUE
415_16;415;4;EUROPE DU NORD;ZONE GEOPOLITIQUE
415_17;415;4;EUROPE DU SUD;ZONE GEOPOLITIQUE
415_20;415;4;SCANDINAVIE;ZONE GEOPOLITIQUE
415_21;415;4;PAYS MEDITERRANEEN;ZONE GEOPOLITIQUE
415_22;415;4;PAYS DE L'UE;ZONE GEOPOLITIQUE
415_23;415;4;ASIE CENTRALE;ZONE GEOPOLITIQUE
415_24;415;4;EXTREME ORIENT;ZONE GEOPOLITIQUE
415_25;415;4;MOYEN ORIENT;ZONE GEOPOLITIQUE
415_26;415;4;PAYS ARABE;ZONE GEOPOLITIQUE
415_27;415;4;PAYS DU PACIFIQUE;ZONE GEOPOLITIQUE
415_28;415;4;PAYS PRODUCTEUR DE PETROLE;ZONE GEOPOLITIQUE
415_29;415;4;PROCHE ORIENT;ZONE GEOPOLITIQUE
415_30;415;4;SUD EST ASIATIQUE;ZONE GEOPOLITIQUE
415_31;415;4;PAYS ACP;ZONE GEOPOLITIQUE
415_32;415;4;PAYS DU GOLFE;ZONE GEOPOLITIQUE
415_33;415;4;MONDE;ZONE GEOPOLITIQUE
415_34;415;4;ESPACE MARITIME;ZONE GEOPOLITIQUE
415_35;415;4;ESPACE;ZONE GEOPOLITIQUE
416_00;416;4;ACCORD INTERNATIONAL;ACCORD INTERNATIONAL
416_01;416;4;AELE;ACCORD INTERNATIONAL
416_02;416;4;ALADI;ACCORD INTERNATIONAL
416_03;416;4;ALENA;ACCORD INTERNATIONAL
416_05;416;4;ANZCERTA;ACCORD INTERNATIONAL
416_06;416;4;CEDEAO;ACCORD INTERNATIONAL
416_07;416;4;CEEAC;ACCORD INTERNATIONAL
416_08;416;4;EEE;ACCORD INTERNATIONAL
416_09;416;4;GATT;ACCORD INTERNATIONAL
416_10;416;4;LOME;ACCORD INTERNATIONAL
416_11;416;4;MCCA;ACCORD INTERNATIONAL
416_12;416;4;MERCOSUR;ACCORD INTERNATIONAL
416_13;416;4;PACTE ANDIN;ACCORD INTERNATIONAL
416_14;416;4;PACTE DE VISEGRAD;ACCORD INTERNATIONAL
416_15;416;4;COMESA;ACCORD INTERNATIONAL
416_16;416;4;ACCORD DE COTONOU;ACCORD INTERNATIONAL
416_17;416;4;ACCORD DE BALE;ACCORD INTERNATIONAL
420_06;420;4;YAOURT SECTEUR;AGROALIMENTAIRE SECTEUR
420_07;420;4;FROMAGE SECTEUR;AGROALIMENTAIRE SECTEUR
420_08;420;4;OEUF SECTEUR;AGROALIMENTAIRE SECTEUR
420_16;420;4;BEURRE SECTEUR;AGROALIMENTAIRE SECTEUR
420_18;420;4;VOLAILLE SECTEUR;AGROALIMENTAIRE SECTEUR
420_19;420;4;CHARCUTERIE SECTEUR;AGROALIMENTAIRE SECTEUR
420_24;420;4;THE ET CAFE SECTEUR;AGROALIMENTAIRE SECTEUR
420_25;420;4;FRUIT ET LEGUME SECTEUR;AGROALIMENTAIRE SECTEUR
420_27;420;4;PRODUIT LAITIER SECTEUR;AGROALIMENTAIRE SECTEUR
420_29;420;4;VIANDE SECTEUR;AGROALIMENTAIRE SECTEUR
420_32;420;4;BISCUITERIE SECTEUR;AGROALIMENTAIRE SECTEUR
420_34;420;4;CHOCOLAT ET CONFISERIE SECTEUR;AGROALIMENTAIRE SECTEUR
420_37;420;4;INDUSTRIE DU LAIT SECTEUR;AGROALIMENTAIRE SECTEUR
420_38;420;4;INDUSTRIE DE LA VIANDE SECTEUR;AGROALIMENTAIRE SECTEUR
420_42;420;4;BOULANGERIE ET PATISSERIE SECTEUR;AGROALIMENTAIRE SECTEUR
420_44;420;4;SUCRE ET DERIVES SECTEUR;AGROALIMENTAIRE SECTEUR
420_48;420;4;INDUSTRIE DU POISSON SECTEUR;AGROALIMENTAIRE SECTEUR
420_52;420;4;CEREALES POUR PETIT DEJEUNER SECTEUR;AGROALIMENTAIRE SECTEUR
420_53;420;4;MEUNERIE SECTEUR;AGROALIMENTAIRE SECTEUR
420_55;420;4;AGROALIMENTAIRE SECTEUR;AGROALIMENTAIRE SECTEUR
420_57;420;4;ALIMENT POUR ANIMAUX SECTEUR;AGROALIMENTAIRE SECTEUR
420_64;420;4;CORPS GRAS ALIMENTAIRE SECTEUR;AGROALIMENTAIRE SECTEUR
420_67;420;4;CONSERVE ET SURGELE SECTEUR;AGROALIMENTAIRE SECTEUR
420_69;420;4;PLAT CUISINE SECTEUR;AGROALIMENTAIRE SECTEUR
420_73;420;4;ALIMENT POUR BEBE SECTEUR;AGROALIMENTAIRE SECTEUR
420_74;420;4;PRODUIT ALIMENTAIRE DIVERS SECTEUR;AGROALIMENTAIRE SECTEUR
420_76;420;4;INDUSTRIE DE LA BOISSON SECTEUR;AGROALIMENTAIRE SECTEUR
420_77;420;4;BOISSON ALCOOLISEE SECTEUR;AGROALIMENTAIRE SECTEUR
420_79;420;4;CIDRE SECTEUR;AGROALIMENTAIRE SECTEUR
420_83;420;4;PRODUIT DIETETIQUE SECTEUR;AGROALIMENTAIRE SECTEUR
420_86;420;4;BOISSON NON ALCOOLISEE SECTEUR;AGROALIMENTAIRE SECTEUR
420_88;420;4;VIN SECTEUR;AGROALIMENTAIRE SECTEUR
420_89;420;4;BIERE SECTEUR;AGROALIMENTAIRE SECTEUR
420_92;420;4;CONDIMENT SECTEUR;AGROALIMENTAIRE SECTEUR
420_93;420;4;EPICERIE SECTEUR;AGROALIMENTAIRE SECTEUR
420_96;420;4;EAU MINERALE SECTEUR;AGROALIMENTAIRE SECTEUR
420_97;420;4;BOISSON AUX FRUITS SECTEUR;AGROALIMENTAIRE SECTEUR
420_98;420;4;WHISKY SECTEUR;AGROALIMENTAIRE SECTEUR
420_99;420;4;SPIRITUEUX SECTEUR;AGROALIMENTAIRE SECTEUR
421_03;421;4;SYLVICULTURE SECTEUR;EXPLOITATION DU MILIEU NATUREL SECTEUR
421_05;421;4;VITICULTURE SECTEUR;EXPLOITATION DU MILIEU NATUREL SECTEUR
421_13;421;4;PRODUCTION DE CEREALE SECTEUR;EXPLOITATION DU MILIEU NATUREL SECTEUR
421_15;421;4;TABAC SECTEUR;EXPLOITATION DU MILIEU NATUREL SECTEUR
421_20;421;4;MINERAI SECTEUR;EXPLOITATION DU MILIEU NATUREL SECTEUR
421_21;421;4;CHARBON SECTEUR;EXPLOITATION DU MILIEU NATUREL SECTEUR
421_27;421;4;AVICULTURE SECTEUR;EXPLOITATION DU MILIEU NATUREL SECTEUR
421_28;421;4;AQUACULTURE SECTEUR;EXPLOITATION DU MILIEU NATUREL SECTEUR
421_30;421;4;METAL SECTEUR;EXPLOITATION DU MILIEU NATUREL SECTEUR
421_33;421;4;JARDINERIE SECTEUR;EXPLOITATION DU MILIEU NATUREL SECTEUR
421_35;421;4;HORTICULTURE SECTEUR;EXPLOITATION DU MILIEU NATUREL SECTEUR
421_36;421;4;APICULTURE SECTEUR;EXPLOITATION DU MILIEU NATUREL SECTEUR
421_38;421;4;PISCICULTURE SECTEUR;EXPLOITATION DU MILIEU NATUREL SECTEUR
421_42;421;4;INDUSTRIE EXTRACTIVE SECTEUR;EXPLOITATION DU MILIEU NATUREL SECTEUR
421_44;421;4;AGRICULTURE SECTEUR;EXPLOITATION DU MILIEU NATUREL SECTEUR
421_47;421;4;PRODUCTION ANIMALE SECTEUR;EXPLOITATION DU MILIEU NATUREL SECTEUR
421_48;421;4;PECHE SECTEUR;EXPLOITATION DU MILIEU NATUREL SECTEUR
421_52;421;4;PRODUCTION ET DISTRIBUTION D'ENERGIE SECTEUR;EXPLOITATION DU MILIEU NATUREL SECTEUR
421_55;421;4;EXPLOITATION DU MILIEU NATUREL SECTEUR;EXPLOITATION DU MILIEU NATUREL SECTEUR
421_58;421;4;CONCHYLICULTURE SECTEUR;EXPLOITATION DU MILIEU NATUREL SECTEUR
421_67;421;4;EXPLOITATION DU MILIEU MARIN SECTEUR;EXPLOITATION DU MILIEU NATUREL SECTEUR
421_68;421;4;OSTREICULTURE SECTEUR;EXPLOITATION DU MILIEU NATUREL SECTEUR
421_71;421;4;TRAITEMENT ET DISTRIBUTION D'EAU SECTEUR;EXPLOITATION DU MILIEU NATUREL SECTEUR
422_22;422;4;VEHICULE UTILITAIRE SECTEUR;TRAVAIL DES METAUX SECTEUR
422_23;422;4;CARAVANING SECTEUR;TRAVAIL DES METAUX SECTEUR
422_24;422;4;MATERIEL DE TRAVAUX PUBLICS SECTEUR;TRAVAIL DES METAUX SECTEUR
422_25;422;4;MATERIEL DE LEVAGE ET MANUTENTION SECTEUR;TRAVAIL DES METAUX SECTEUR
422_27;422;4;INSTRUMENT DE MESURE SECTEUR;TRAVAIL DES METAUX SECTEUR
422_30;422;4;EQUIPEMENT AUTOMOBILE SECTEUR;TRAVAIL DES METAUX SECTEUR
422_31;422;4;REPARATION AUTOMOBILE SECTEUR;TRAVAIL DES METAUX SECTEUR
422_32;422;4;CYCLE ET MOTOCYCLE SECTEUR;TRAVAIL DES METAUX SECTEUR
422_34;422;4;EQUIPEMENT INDUSTRIEL SECTEUR;TRAVAIL DES METAUX SECTEUR
422_35;422;4;MACHINE OUTIL SECTEUR;TRAVAIL DES METAUX SECTEUR
422_37;422;4;MECANIQUE DE PRECISION SECTEUR;TRAVAIL DES METAUX SECTEUR
422_38;422;4;HORLOGERIE SECTEUR;TRAVAIL DES METAUX SECTEUR
422_39;422;4;ARME SECTEUR;TRAVAIL DES METAUX SECTEUR
422_43;422;4;AUTOMOBILE SECTEUR;TRAVAIL DES METAUX SECTEUR
422_45;422;4;OUTILLAGE SECTEUR;TRAVAIL DES METAUX SECTEUR
422_46;422;4;EQUIPEMENT THERMIQUE SECTEUR;TRAVAIL DES METAUX SECTEUR
422_49;422;4;MATERIEL MEDICAL ET PARAMEDICAL SECTEUR;TRAVAIL DES METAUX SECTEUR
422_50;422;4;AEROSPATIALE SECTEUR;TRAVAIL DES METAUX SECTEUR
422_51;422;4;AERONAUTIQUE SECTEUR;TRAVAIL DES METAUX SECTEUR
422_53;422;4;QUINCAILLERIE SECTEUR;TRAVAIL DES METAUX SECTEUR
422_55;422;4;TRAVAIL DES METAUX SECTEUR;TRAVAIL DES METAUX SECTEUR
422_56;422;4;MECANIQUE SECTEUR;TRAVAIL DES METAUX SECTEUR
422_59;422;4;MACHINE AGRICOLE SECTEUR;TRAVAIL DES METAUX SECTEUR
422_67;422;4;MOTEUR SECTEUR;TRAVAIL DES METAUX SECTEUR
422_68;422;4;MACHINE HYDRAULIQUE SECTEUR;TRAVAIL DES METAUX SECTEUR
422_69;422;4;MACHINE PNEUMATIQUE SECTEUR;TRAVAIL DES METAUX SECTEUR
422_71;422;4;CONSTRUCTION NAVALE SECTEUR;TRAVAIL DES METAUX SECTEUR
422_73;422;4;CONSTRUCTION FERROVIAIRE SECTEUR;TRAVAIL DES METAUX SECTEUR
422_76;422;4;METALLURGIE SECTEUR;TRAVAIL DES METAUX SECTEUR
422_80;422;4;CONSTRUCTION FLUVIALE SECTEUR;TRAVAIL DES METAUX SECTEUR
422_81;422;4;ACCASTILLAGE SECTEUR;TRAVAIL DES METAUX SECTEUR
422_84;422;4;CONSTRUCTION METALLIQUE SECTEUR;TRAVAIL DES METAUX SECTEUR
422_86;422;4;METALLURGIE NON FERREUSE SECTEUR;TRAVAIL DES METAUX SECTEUR
422_88;422;4;SIDERURGIE SECTEUR;TRAVAIL DES METAUX SECTEUR
422_94;422;4;MOBILIER METALLIQUE SECTEUR;TRAVAIL DES METAUX SECTEUR
422_95;422;4;MATERIEL METALLIQUE SECTEUR;TRAVAIL DES METAUX SECTEUR
423_15;423;4;COMPOSANT ELECTRONIQUE SECTEUR;ELECTRICITE ET ELECTRONIQUE SECTEUR
423_26;423;4;MICRO ELECTRONIQUE SECTEUR;ELECTRICITE ET ELECTRONIQUE SECTEUR
423_33;423;4;ROBOTIQUE SECTEUR;ELECTRICITE ET ELECTRONIQUE SECTEUR
423_35;423;4;ELECTRONIQUE SECTEUR;ELECTRICITE ET ELECTRONIQUE SECTEUR
423_39;423;4;PETIT ELECTROMENAGER SECTEUR;ELECTRICITE ET ELECTRONIQUE SECTEUR
423_41;423;4;MATERIEL AUDIOVISUEL SECTEUR;ELECTRICITE ET ELECTRONIQUE SECTEUR
423_49;423;4;ELECTROMENAGER SECTEUR;ELECTRICITE ET ELECTRONIQUE SECTEUR
423_51;423;4;INFORMATIQUE ET BUREAUTIQUE SECTEUR;ELECTRICITE ET ELECTRONIQUE SECTEUR
423_53;423;4;MATERIEL ELECTRONIQUE SECTEUR;ELECTRICITE ET ELECTRONIQUE SECTEUR
423_55;423;4;ELECTRICITE ET ELECTRONIQUE SECTEUR;ELECTRICITE ET ELECTRONIQUE SECTEUR
423_57;423;4;MATERIEL ELECTRIQUE SECTEUR;ELECTRICITE ET ELECTRONIQUE SECTEUR
423_61;423;4;MATERIEL DE TELECOMMUNICATION SECTEUR;ELECTRICITE ET ELECTRONIQUE SECTEUR
423_69;423;4;ECLAIRAGE SECTEUR;ELECTRICITE ET ELECTRONIQUE SECTEUR
423_75;423;4;INSTALLATION ELECTRIQUE SECTEUR;ELECTRICITE ET ELECTRONIQUE SECTEUR
424_04;424;4;COSMETIQUE ET PARFUMERIE SECTEUR;CHIMIE SECTEUR
424_05;424;4;PEINTURE VERNIS ET COLORANT SECTEUR;CHIMIE SECTEUR
424_06;424;4;PRODUIT D'ENTRETIEN SECTEUR;CHIMIE SECTEUR
424_07;424;4;PRODUIT D'HYGIENE SECTEUR;CHIMIE SECTEUR
424_14;424;4;DROGUERIE SECTEUR;CHIMIE SECTEUR
424_17;424;4;COLLE SECTEUR;CHIMIE SECTEUR
424_24;424;4;PRODUIT PHOTOGRAPHIQUE ET CINEMATOGRAPHIQUE SECTEUR;CHIMIE SECTEUR
424_27;424;4;EXPLOSIF ET POUDRE SECTEUR;CHIMIE SECTEUR
424_34;424;4;PHYTOSANITAIRE SECTEUR;CHIMIE SECTEUR
424_37;424;4;ABRASIF SECTEUR;CHIMIE SECTEUR
424_43;424;4;BIOTECHNOLOGIE SECTEUR;CHIMIE SECTEUR
424_45;424;4;PARACHIMIE SECTEUR;CHIMIE SECTEUR
424_48;424;4;MATIERE PLASTIQUE SECTEUR;CHIMIE SECTEUR
424_52;424;4;PARAPHARMACIE SECTEUR;CHIMIE SECTEUR
424_55;424;4;CHIMIE SECTEUR;CHIMIE SECTEUR
424_57;424;4;CHIMIE ORGANIQUE DE SYNTHESE SECTEUR;CHIMIE SECTEUR
424_59;424;4;GOUDRON SECTEUR;CHIMIE SECTEUR
424_64;424;4;INDUSTRIE PHARMACEUTIQUE SECTEUR;CHIMIE SECTEUR
424_69;424;4;CAOUTCHOUC SYNTHETIQUE SECTEUR;CHIMIE SECTEUR
424_74;424;4;AGROCHIMIE SECTEUR;CHIMIE SECTEUR
424_75;424;4;CHIMIE MINERALE SECTEUR;CHIMIE SECTEUR
424_77;424;4;PETROCHIMIE SECTEUR;CHIMIE SECTEUR
424_79;424;4;CORPS GRAS INDUSTRIEL SECTEUR;CHIMIE SECTEUR
424_84;424;4;ENGRAIS SECTEUR;CHIMIE SECTEUR
424_86;424;4;ELECTROCHIMIE SECTEUR;CHIMIE SECTEUR
424_88;424;4;CARBOCHIMIE SECTEUR;CHIMIE SECTEUR
425_03;425;4;TISSU D'AMEUBLEMENT SECTEUR;INDUSTRIE DE TRANSFORMATION SECTEUR
425_04;425;4;LINGE DE MAISON SECTEUR;INDUSTRIE DE TRANSFORMATION SECTEUR
425_05;425;4;ACCESSOIRE DE L'HABILLEMENT SECTEUR;INDUSTRIE DE TRANSFORMATION SECTEUR
425_06;425;4;CONFECTION ET PRET-A-PORTER SECTEUR;INDUSTRIE DE TRANSFORMATION SECTEUR
425_07;425;4;HAUTE COUTURE SECTEUR;INDUSTRIE DE TRANSFORMATION SECTEUR
425_17;425;4;CHAPELLERIE SECTEUR;INDUSTRIE DE TRANSFORMATION SECTEUR
425_22;425;4;MAROQUINERIE SECTEUR;INDUSTRIE DE TRANSFORMATION SECTEUR
425_24;425;4;BLANCHISSERIE SECTEUR;INDUSTRIE DE TRANSFORMATION SECTEUR
425_27;425;4;BONNETERIE SECTEUR;INDUSTRIE DE TRANSFORMATION SECTEUR
425_32;425;4;FOURRURE ET PELLETERIE SECTEUR;INDUSTRIE DE TRANSFORMATION SECTEUR
425_34;425;4;MERCERIE SECTEUR;INDUSTRIE DE TRANSFORMATION SECTEUR
425_36;425;4;HABILLEMENT SECTEUR;INDUSTRIE DE TRANSFORMATION SECTEUR
425_37;425;4;LITERIE SECTEUR;INDUSTRIE DE TRANSFORMATION SECTEUR
425_38;425;4;BOIS D'OEUVRE SECTEUR;INDUSTRIE DE TRANSFORMATION SECTEUR
425_39;425;4;BOIS DE CHAUFFAGE SECTEUR;INDUSTRIE DE TRANSFORMATION SECTEUR
425_41;425;4;PEAUSSERIE SECTEUR;INDUSTRIE DE TRANSFORMATION SECTEUR
425_42;425;4;CUIR SECTEUR;INDUSTRIE DE TRANSFORMATION SECTEUR
425_43;425;4;TANNERIE SECTEUR;INDUSTRIE DE TRANSFORMATION SECTEUR
425_45;425;4;TEXTILE SECTEUR;INDUSTRIE DE TRANSFORMATION SECTEUR
425_47;425;4;AMEUBLEMENT SECTEUR;INDUSTRIE DE TRANSFORMATION SECTEUR
425_49;425;4;VANNERIE SECTEUR;INDUSTRIE DE TRANSFORMATION SECTEUR
425_52;425;4;CHAUSSURE SECTEUR;INDUSTRIE DE TRANSFORMATION SECTEUR
425_55;425;4;INDUSTRIE DE TRANSFORMATION SECTEUR;INDUSTRIE DE TRANSFORMATION SECTEUR
425_57;425;4;BOIS SECTEUR;INDUSTRIE DE TRANSFORMATION SECTEUR
425_59;425;4;SCIERIE SECTEUR;INDUSTRIE DE TRANSFORMATION SECTEUR
425_65;425;4;VERRERIE ET CERAMIQUE SECTEUR;INDUSTRIE DE TRANSFORMATION SECTEUR
425_67;425;4;PAPIER SECTEUR;INDUSTRIE DE TRANSFORMATION SECTEUR
425_69;425;4;ESSENCE DE BOIS SECTEUR;INDUSTRIE DE TRANSFORMATION SECTEUR
425_76;425;4;MIROITERIE SECTEUR;INDUSTRIE DE TRANSFORMATION SECTEUR
425_78;425;4;CARTON SECTEUR;INDUSTRIE DE TRANSFORMATION SECTEUR
425_79;425;4;BOISSELLERIE ET TONNELLERIE SECTEUR;INDUSTRIE DE TRANSFORMATION SECTEUR
425_86;425;4;OPTIQUE SECTEUR;INDUSTRIE DE TRANSFORMATION SECTEUR
425_96;425;4;VAISSELLE SECTEUR;INDUSTRIE DE TRANSFORMATION SECTEUR
426_01;426;4;GRAVURE SECTEUR;INDUSTRIES DIVERSES SECTEUR
426_02;426;4;RELIURE SECTEUR;INDUSTRIES DIVERSES SECTEUR
426_03;426;4;SERIGRAPHIE SECTEUR;INDUSTRIES DIVERSES SECTEUR
426_08;426;4;PAPETERIE SECTEUR;INDUSTRIES DIVERSES SECTEUR
426_09;426;4;ARTICLE ET MATERIEL DE BUREAU SECTEUR;INDUSTRIES DIVERSES SECTEUR
426_10;426;4;PRESSE SECTEUR;INDUSTRIES DIVERSES SECTEUR
426_15;426;4;CADEAU SECTEUR;INDUSTRIES DIVERSES SECTEUR
426_17;426;4;PUERICULTURE SECTEUR;INDUSTRIES DIVERSES SECTEUR
426_20;426;4;EDITION SECTEUR;INDUSTRIES DIVERSES SECTEUR
426_26;426;4;BIMBELOTERIE SECTEUR;INDUSTRIES DIVERSES SECTEUR
426_28;426;4;ARTICLE DE MENAGE SECTEUR;INDUSTRIES DIVERSES SECTEUR
426_29;426;4;BRICOLAGE SECTEUR;INDUSTRIES DIVERSES SECTEUR
426_31;426;4;IMPRIMERIE SECTEUR;INDUSTRIES DIVERSES SECTEUR
426_35;426;4;RECUPERATION SECTEUR;INDUSTRIES DIVERSES SECTEUR
426_39;426;4;ARTICLE FUNERAIRE SECTEUR;INDUSTRIES DIVERSES SECTEUR
426_43;426;4;GRAPHISME SECTEUR;INDUSTRIES DIVERSES SECTEUR
426_45;426;4;TRAITEMENT DES DECHETS SECTEUR;INDUSTRIES DIVERSES SECTEUR
426_46;426;4;FABRICATION DE PETIT MATERIEL SECTEUR;INDUSTRIES DIVERSES SECTEUR
426_48;426;4;JEUX DE HASARD ET D'ARGENT SECTEUR;INDUSTRIES DIVERSES SECTEUR
426_55;426;4;INDUSTRIES DIVERSES SECTEUR;INDUSTRIES DIVERSES SECTEUR
426_57;426;4;LOISIR SECTEUR;INDUSTRIES DIVERSES SECTEUR
426_58;426;4;JOUET ET JEU SECTEUR;INDUSTRIES DIVERSES SECTEUR
426_59;426;4;JEU VIDEO SECTEUR;INDUSTRIES DIVERSES SECTEUR
426_66;426;4;INDUSTRIE CULTURELLE SECTEUR;INDUSTRIES DIVERSES SECTEUR
426_67;426;4;TOURISME SECTEUR;INDUSTRIES DIVERSES SECTEUR
426_69;426;4;ARTICLE DE SPORT SECTEUR;INDUSTRIES DIVERSES SECTEUR
426_75;426;4;INDUSTRIE DU LUXE SECTEUR;INDUSTRIES DIVERSES SECTEUR
426_77;426;4;VOYAGISTE SECTEUR;INDUSTRIES DIVERSES SECTEUR
426_78;426;4;INSTRUMENT DE MUSIQUE SECTEUR;INDUSTRIES DIVERSES SECTEUR
426_86;426;4;BIJOUTERIE ET JOAILLERIE SECTEUR;INDUSTRIES DIVERSES SECTEUR
426_95;426;4;ORFEVRERIE SECTEUR;INDUSTRIES DIVERSES SECTEUR
427_05;427;4;SANITAIRE SECTEUR;BATIMENT ET TRAVAUX PUBLICS SECTEUR
427_06;427;4;CHAUFFAGE ET CLIMATISATION SECTEUR;BATIMENT ET TRAVAUX PUBLICS SECTEUR
427_07;427;4;ASCENSEUR SECTEUR;BATIMENT ET TRAVAUX PUBLICS SECTEUR
427_09;427;4;COUVERTURE SECTEUR;BATIMENT ET TRAVAUX PUBLICS SECTEUR
427_15;427;4;SERRURERIE SECTEUR;BATIMENT ET TRAVAUX PUBLICS SECTEUR
427_17;427;4;ISOLATION ET ETANCHEITE SECTEUR;BATIMENT ET TRAVAUX PUBLICS SECTEUR
427_19;427;4;CARRELAGE SECTEUR;BATIMENT ET TRAVAUX PUBLICS SECTEUR
427_25;427;4;PLOMBERIE ET ROBINETTERIE SECTEUR;BATIMENT ET TRAVAUX PUBLICS SECTEUR
427_29;427;4;PEINTURE EN BATIMENT SECTEUR;BATIMENT ET TRAVAUX PUBLICS SECTEUR
427_32;427;4;REVETEMENT DE MUR SECTEUR;BATIMENT ET TRAVAUX PUBLICS SECTEUR
427_33;427;4;REVETEMENT DE SOL SECTEUR;BATIMENT ET TRAVAUX PUBLICS SECTEUR
427_35;427;4;MENUISERIE SECTEUR;BATIMENT ET TRAVAUX PUBLICS SECTEUR
427_39;427;4;MACONNERIE SECTEUR;BATIMENT ET TRAVAUX PUBLICS SECTEUR
427_43;427;4;DECORATION ET FINITION SECTEUR;BATIMENT ET TRAVAUX PUBLICS SECTEUR
427_46;427;4;MISE EN OEUVRE DU BATIMENT SECTEUR;BATIMENT ET TRAVAUX PUBLICS SECTEUR
427_49;427;4;PLATRERIE SECTEUR;BATIMENT ET TRAVAUX PUBLICS SECTEUR
427_51;427;4;GRANDS TRAVAUX SECTEUR;BATIMENT ET TRAVAUX PUBLICS SECTEUR
427_52;427;4;TRAVAUX PUBLICS SECTEUR;BATIMENT ET TRAVAUX PUBLICS SECTEUR
427_55;427;4;BATIMENT ET TRAVAUX PUBLICS SECTEUR;BATIMENT ET TRAVAUX PUBLICS SECTEUR
427_57;427;4;MATERIAU DE CONSTRUCTION SECTEUR;BATIMENT ET TRAVAUX PUBLICS SECTEUR
427_65;427;4;GENIE CIVIL ET AGRICOLE SECTEUR;BATIMENT ET TRAVAUX PUBLICS SECTEUR
427_78;427;4;DEMOLITION SECTEUR;BATIMENT ET TRAVAUX PUBLICS SECTEUR
427_84;427;4;DRAGAGE SECTEUR;BATIMENT ET TRAVAUX PUBLICS SECTEUR
427_85;427;4;VOIRIE SECTEUR;BATIMENT ET TRAVAUX PUBLICS SECTEUR
427_88;427;4;PARC ET JARDIN SECTEUR;BATIMENT ET TRAVAUX PUBLICS SECTEUR
427_96;427;4;AMENAGEMENT DES TERRES SECTEUR;BATIMENT ET TRAVAUX PUBLICS SECTEUR
427_98;427;4;TERRASSEMENT SECTEUR;BATIMENT ET TRAVAUX PUBLICS SECTEUR
428_01;428;4;IMMOBILIER SECTEUR;AUXILIAIRE DE L'ENTREPRISE SECTEUR
428_02;428;4;OFFICE MINISTERIEL SECTEUR;AUXILIAIRE DE L'ENTREPRISE SECTEUR
428_05;428;4;EMBALLAGE SECTEUR;AUXILIAIRE DE L'ENTREPRISE SECTEUR
428_12;428;4;CESSION ET GESTION DE BIEN INDUSTRIEL ET COMMERCIAL SECTEUR;AUXILIAIRE DE L'ENTREPRISE SECTEUR
428_16;428;4;NETTOYAGE SECTEUR;AUXILIAIRE DE L'ENTREPRISE SECTEUR
428_17;428;4;SURVEILLANCE ET SECURITE SECTEUR;AUXILIAIRE DE L'ENTREPRISE SECTEUR
428_24;428;4;LOCATION DE MATERIEL SECTEUR;AUXILIAIRE DE L'ENTREPRISE SECTEUR
428_28;428;4;ENTREPOSAGE SECTEUR;AUXILIAIRE DE L'ENTREPRISE SECTEUR
428_30;428;4;SOCIETE DE SERVICE INFORMATIQUE SECTEUR;AUXILIAIRE DE L'ENTREPRISE SECTEUR
428_31;428;4;TRADUCTION SECTEUR;AUXILIAIRE DE L'ENTREPRISE SECTEUR
428_32;428;4;BUREAU D'ETUDES SECTEUR;AUXILIAIRE DE L'ENTREPRISE SECTEUR
428_36;428;4;MAINTENANCE SECTEUR;AUXILIAIRE DE L'ENTREPRISE SECTEUR
428_40;428;4;AGENCE DE TRAVAIL TEMPORAIRE SECTEUR;AUXILIAIRE DE L'ENTREPRISE SECTEUR
428_43;428;4;TRAVAIL A FACON SECTEUR;AUXILIAIRE DE L'ENTREPRISE SECTEUR
428_48;428;4;DEMENAGEMENT SECTEUR;AUXILIAIRE DE L'ENTREPRISE SECTEUR
428_50;428;4;CABINET DE RECRUTEMENT SECTEUR;AUXILIAIRE DE L'ENTREPRISE SECTEUR
428_51;428;4;CABINET DE CONSEIL SECTEUR;AUXILIAIRE DE L'ENTREPRISE SECTEUR
428_53;428;4;CONSEIL RECHERCHE ET ETUDE SECTEUR;AUXILIAIRE DE L'ENTREPRISE SECTEUR
428_55;428;4;AUXILIAIRE DE L'ENTREPRISE SECTEUR;AUXILIAIRE DE L'ENTREPRISE SECTEUR
428_56;428;4;SERVICE POSTAL;AUXILIAIRE DE L'ENTREPRISE SECTEUR
428_59;428;4;LOCATION DE VEHICULE SECTEUR;AUXILIAIRE DE L'ENTREPRISE SECTEUR
428_60;428;4;AGENCE DE PUBLICITE SECTEUR;AUXILIAIRE DE L'ENTREPRISE SECTEUR
428_61;428;4;REGIE PUBLICITAIRE SECTEUR;AUXILIAIRE DE L'ENTREPRISE SECTEUR
428_66;428;4;TRANSPORT SECTEUR;AUXILIAIRE DE L'ENTREPRISE SECTEUR
428_69;428;4;AUXILIAIRE DE TRANSPORT SECTEUR;AUXILIAIRE DE L'ENTREPRISE SECTEUR
428_73;428;4;ETABLISSEMENT FINANCIER SECTEUR;AUXILIAIRE DE L'ENTREPRISE SECTEUR
428_75;428;4;TRANSPORT DE MARCHANDISE SECTEUR;AUXILIAIRE DE L'ENTREPRISE SECTEUR
428_79;428;4;TRANSPORT MARITIME SECTEUR;AUXILIAIRE DE L'ENTREPRISE SECTEUR
428_81;428;4;ASSURANCE SECTEUR;AUXILIAIRE DE L'ENTREPRISE SECTEUR
428_85;428;4;TRANSPORT DE PASSAGER SECTEUR;AUXILIAIRE DE L'ENTREPRISE SECTEUR
428_87;428;4;TRANSPORT ROUTIER SECTEUR;AUXILIAIRE DE L'ENTREPRISE SECTEUR
428_89;428;4;TRANSPORT FLUVIAL SECTEUR;AUXILIAIRE DE L'ENTREPRISE SECTEUR
428_91;428;4;SOCIETE DE BOURSE SECTEUR;AUXILIAIRE DE L'ENTREPRISE SECTEUR
428_92;428;4;SOCIETE D'INVESTISSEMENT SECTEUR;AUXILIAIRE DE L'ENTREPRISE SECTEUR
428_93;428;4;BANQUE SECTEUR;AUXILIAIRE DE L'ENTREPRISE SECTEUR
428_96;428;4;TRANSPORT URBAIN SECTEUR;AUXILIAIRE DE L'ENTREPRISE SECTEUR
428_98;428;4;TRANSPORT FERROVIAIRE SECTEUR;AUXILIAIRE DE L'ENTREPRISE SECTEUR
428_99;428;4;TRANSPORT AERIEN SECTEUR;AUXILIAIRE DE L'ENTREPRISE SECTEUR
429_01;429;4;RADIO SECTEUR;SERVICE SECTEUR
429_02;429;4;CINEMA SECTEUR;SERVICE SECTEUR
429_10;429;4;TELEVISION SECTEUR;SERVICE SECTEUR
429_15;429;4;BAR SECTEUR;SERVICE SECTEUR
429_16;429;4;RESTAURATION RAPIDE SECTEUR;SERVICE SECTEUR
429_21;429;4;AUDIOVISUEL SECTEUR;SERVICE SECTEUR
429_25;429;4;RESTAURATION SECTEUR;SERVICE SECTEUR
429_33;429;4;ENSEIGNEMENT SECTEUR;SERVICE SECTEUR
429_35;429;4;MEDICO-SOCIAL SECTEUR;SERVICE SECTEUR
429_36;429;4;HOTELLERIE SECTEUR;SERVICE SECTEUR
429_42;429;4;ORGANISME CULTUREL ET SPORTIF SECTEUR;SERVICE SECTEUR
429_44;429;4;SERVICE A LA PERSONNE SECTEUR;SERVICE SECTEUR
429_47;429;4;MAGASIN A SUCCURSALES SECTEUR;SERVICE SECTEUR
429_48;429;4;DISCOUNT SECTEUR;SERVICE SECTEUR
429_49;429;4;COMMERCE ITINERANT SECTEUR;SERVICE SECTEUR
429_51;429;4;POMPES FUNEBRES SECTEUR;SERVICE SECTEUR
429_53;429;4;SERVICES DIVERS SECTEUR;SERVICE SECTEUR
429_55;429;4;SERVICE SECTEUR;SERVICE SECTEUR
429_57;429;4;COMMERCE DE DETAIL SECTEUR;SERVICE SECTEUR
429_63;429;4;THERMALISME SECTEUR;SERVICE SECTEUR
429_65;429;4;COMMERCE DE GROS SECTEUR;SERVICE SECTEUR
429_66;429;4;COMMERCE DE DEMI-GROS SECTEUR;SERVICE SECTEUR
429_67;429;4;COMMERCE DE DETAIL ALIMENTAIRE SECTEUR;SERVICE SECTEUR
429_69;429;4;MAGASIN POPULAIRE SECTEUR;SERVICE SECTEUR
429_71;429;4;INSTITUT DE BEAUTE SECTEUR;SERVICE SECTEUR
429_72;429;4;COIFFURE SECTEUR;SERVICE SECTEUR
429_74;429;4;COMMERCE DE GROS ALIMENTAIRE SECTEUR;SERVICE SECTEUR
429_76;429;4;CASH AND CARRY SECTEUR;SERVICE SECTEUR
429_78;429;4;COMMERCE DE DETAIL SPECIALISE SECTEUR;SERVICE SECTEUR
429_79;429;4;GRANDE DISTRIBUTION SECTEUR;SERVICE SECTEUR
429_84;429;4;COMMERCE INTER-INDUSTRIEL SECTEUR;SERVICE SECTEUR
429_86;429;4;CENTRALE D'ACHAT SECTEUR;SERVICE SECTEUR
429_94;429;4;COMMERCE DE GROS SPECIALISE SECTEUR;SERVICE SECTEUR
429_95;429;4;NEGOCE SECTEUR;SERVICE SECTEUR
429_96;429;4;IMPORT EXPORT SECTEUR;SERVICE SECTEUR
