source_id;target_id;relation;kind
00;0;skos:broader;structural
01;0;skos:broader;structural
02;0;skos:broader;structural
03;0;skos:broader;structural
04;0;skos:broader;structural
05;0;skos:broader;structural
06;0;skos:broader;structural
11;1;skos:broader;structural
12;1;skos:broader;structural
13;1;skos:broader;structural
14;1;skos:broader;structural
15;1;skos:broader;structural
16;1;skos:broader;structural
21;2;skos:broader;structural
22;2;skos:broader;structural
31;3;skos:broader;structural
32;3;skos:broader;structural
33;3;skos:broader;structural
34;3;skos:broader;structural
35;3;skos:broader;structural
36;3;skos:broader;structural
41;4;skos:broader;structural
42;4;skos:broader;structural
001;00;skos:broader;structural
002;00;skos:broader;structural
011;01;skos:broader;structural
021;02;skos:broader;structural
031;03;skos:broader;structural
041;04;skos:broader;structural
051;05;skos:broader;structural
061;06;skos:broader;structural
111;11;skos:broader;structural
112;11;skos:broader;structural
113;11;skos:broader;structural
121;12;skos:broader;structural
122;12;skos:broader;structural
123;12;skos:broader;structural
124;12;skos:broader;structural
125;12;skos:broader;structural
131;13;skos:broader;structural
132;13;skos:broader;structural
133;13;skos:broader;structural
134;13;skos:broader;structural
141;14;skos:broader;structural
142;14;skos:broader;structural
143;14;skos:broader;structural
151;15;skos:broader;structural
152;15;skos:broader;structural
161;16;skos:broader;structural
162;16;skos:broader;structural
163;16;skos:broader;structural
164;16;skos:broader;structural
211;21;skos:broader;structural
212;21;skos:broader;structural
213;21;skos:broader;structural
222;22;skos:broader;structural
223;22;skos:broader;structural
224;22;skos:broader;structural
311;31;skos:broader;structural
321;32;skos:broader;structural
322;32;skos:broader;structural
323;32;skos:broader;structural
324;32;skos:broader;structural
331;33;skos:broader;structural
332;33;skos:broader;structural
333;33;skos:broader;structural
334;33;skos:broader;structural
335;33;skos:broader;structural
341;34;skos:broader;structural
342;34;skos:broader;structural
351;35;skos:broader;structural
352;35;skos:broader;structural
361;36;skos:broader;structural
362;36;skos:broader;structural
410;41;skos:broader;structural
411;41;skos:broader;structural
412;41;skos:broader;structural
413;41;skos:broader;structural
414;41;skos:broader;structural
415;41;skos:broader;structural
416;41;skos:broader;structural
420;42;skos:broader;structural
421;42;skos:broader;structural
422;42;skos:broader;structural
423;42;skos:broader;structural
424;42;skos:broader;structural
425;42;skos:broader;structural
426;42;skos:broader;structural
427;42;skos:broader;structural
428;42;skos:broader;structural
429;42;skos:broader;structural
001_00;001;skos:broader;structural
001_02;001;skos:broader;structural
001_02;001_00;skos:broader;zthes_BT
001_04;001;skos:broader;structural
001_04;001_00;skos:broader;zthes_BT
001_07;001;skos:broader;structural
001_07;001_00;skos:broader;zthes_BT
001_09;001;skos:broader;structural
001_09;001_00;skos:broader;zthes_BT
001_16;001;skos:broader;structural
001_16;001_00;skos:broader;zthes_BT
001_30;001;skos:broader;structural
001_30;001_00;skos:broader;zthes_BT
001_44;001;skos:broader;structural
001_44;001_00;skos:broader;zthes_BT
001_57;001;skos:broader;structural
001_57;001_00;skos:broader;zthes_BT
001_60;001;skos:broader;structural
001_60;001_00;skos:broader;zthes_BT
001_75;001;skos:broader;structural
001_75;001_00;skos:broader;zthes_BT
001_80;001;skos:broader;structural
001_80;001_00;skos:broader;zthes_BT
001_92;001;skos:broader;structural
001_92;001_00;skos:broader;zthes_BT
001_96;001;skos:broader;structural
001_96;001_00;skos:broader;zthes_BT
002_00;002;skos:broader;structural
002_05;002;skos:broader;structural
002_05;002_00;skos:broader;zthes_BT
002_34;002;skos:broader;structural
002_34;002_00;skos:broader;zthes_BT
002_37;002;skos:broader;structural
002_37;002_00;skos:broader;zthes_BT
002_44;002;skos:broader;structural
002_44;002_00;skos:broader;zthes_BT
002_48;002;skos:broader;structural
002_48;002_00;skos:broader;zthes_BT
002_49;002;skos:broader;structural
002_49;002_00;skos:broader;zthes_BT
002_51;002;skos:broader;structural
002_51;002_00;skos:broader;zthes_BT
002_61;002;skos:broader;structural
002_61;002_00;skos:broader;zthes_BT
002_71;002;skos:broader;structural
002_71;002_00;skos:broader;zthes_BT
002_92;002;skos:broader;structural
002_92;002_00;skos:broader;zthes_BT
011_00;011;skos:broader;structural
011_01;011;skos:broader;structural
011_01;011_00;skos:broader;zthes_BT
011_02;011;skos:broader;structural
011_02;011_00;skos:broader;zthes_BT
011_03;011;skos:broader;structural
011_03;011_00;skos:broader;zthes_BT
011_04;011;skos:broader;structural
011_04;011_00;skos:broader;zthes_BT
011_05;011;skos:broader;structural
011_05;011_00;skos:broader;zthes_BT
011_06;011;skos:broader;structural
011_06;011_00;skos:broader;zthes_BT
011_07;011;skos:broader;structural
011_07;011_00;skos:broader;zthes_BT
011_08;011;skos:broader;structural
011_08;011_00;skos:broader;zthes_BT
011_09;011;skos:broader;structural
011_09;011_00;skos:broader;zthes_BT
011_10;011;skos:broader;structural
011_10;011_00;skos:broader;zthes_BT
011_11;011;skos:broader;structural
011_11;011_00;skos:broader;zthes_BT
011_12;011;skos:broader;structural
011_12;011_00;skos:broader;zthes_BT
011_13;011;skos:broader;structural
011_13;011_00;skos:broader;zthes_BT
011_14;011;skos:broader;structural
011_14;011_00;skos:broader;zthes_BT
011_15;011;skos:broader;structural
011_15;011_00;skos:broader;zthes_BT
011_17;011;skos:broader;structural
011_17;011_00;skos:broader;zthes_BT
011_18;011;skos:broader;structural
011_18;011_00;skos:broader;zthes_BT
011_20;011;skos:broader;structural
011_20;011_00;skos:broader;zthes_BT
011_21;011;skos:broader;structural
011_21;011_00;skos:broader;zthes_BT
011_25;011;skos:broader;structural
011_25;011_00;skos:broader;zthes_BT
011_27;011;skos:broader;structural
011_27;011_00;skos:broader;zthes_BT
011_31;011;skos:broader;structural
011_31;011_00;skos:broader;zthes_BT
011_37;011;skos:broader;structural
011_37;011_00;skos:broader;zthes_BT
011_39;011;skos:broader;structural
011_39;011_00;skos:broader;zthes_BT
011_41;011;skos:broader;structural
011_41;011_00;skos:broader;zthes_BT
011_44;011;skos:broader;structural
011_44;011_00;skos:broader;zthes_BT
011_45;011;skos:broader;structural
011_45;011_00;skos:broader;zthes_BT
011_46;011;skos:broader;structural
011_46;011_00;skos:broader;zthes_BT
011_49;011;skos:broader;structural
011_49;011_00;skos:broader;zthes_BT
011_52;011;skos:broader;structural
011_52;011_00;skos:broader;zthes_BT
011_53;011;skos:broader;structural
011_53;011_00;skos:broader;zthes_BT
011_58;011;skos:broader;structural
011_58;011_00;skos:broader;zthes_BT
011_60;011;skos:broader;structural
011_60;011_00;skos:broader;zthes_BT
011_63;011;skos:broader;structural
011_63;011_00;skos:broader;zthes_BT
011_64;011;skos:broader;structural
011_64;011_00;skos:broader;zthes_BT
011_65;011;skos:broader;structural
011_65;011_00;skos:broader;zthes_BT
011_66;011;skos:broader;structural
011_66;011_00;skos:broader;zthes_BT
011_67;011;skos:broader;structural
011_67;011_00;skos:broader;zthes_BT
011_68;011;skos:broader;structural
011_68;011_00;skos:broader;zthes_BT
011_69;011;skos:broader;structural
011_69;011_00;skos:broader;zthes_BT
011_71;011;skos:broader;structural
011_71;011_00;skos:broader;zthes_BT
011_73;011;skos:broader;structural
011_73;011_00;skos:broader;zthes_BT
011_79;011;skos:broader;structural
011_79;011_00;skos:broader;zthes_BT
011_81;011;skos:broader;structural
011_81;011_00;skos:broader;zthes_BT
011_84;011;skos:broader;structural
011_84;011_00;skos:broader;zthes_BT
011_88;011;skos:broader;structural
011_88;011_00;skos:broader;zthes_BT
011_89;011;skos:broader;structural
011_89;011_00;skos:broader;zthes_BT
011_91;011;skos:broader;structural
011_91;011_00;skos:broader;zthes_BT
011_95;011;skos:broader;structural
011_95;011_00;skos:broader;zthes_BT
011_96;011;skos:broader;structural
011_96;011_00;skos:broader;zthes_BT
011_98;011;skos:broader;structural
011_98;011_00;skos:broader;zthes_BT
011_99;011;skos:broader;structural
011_99;011_00;skos:broader;zthes_BT
021_00;021;skos:broader;structural
021_01;021;skos:broader;structural
021_01;021_00;skos:broader;zthes_BT
021_02;021;skos:broader;structural
021_02;021_00;skos:broader;zthes_BT
021_03;021;skos:broader;structural
021_03;021_00;skos:broader;zthes_BT
021_04;021;skos:broader;structural
021_04;021_00;skos:broader;zthes_BT
021_05;021;skos:broader;structural
021_05;021_00;skos:broader;zthes_BT
021_06;021;skos:broader;structural
021_06;021_00;skos:broader;zthes_BT
021_07;021;skos:broader;structural
021_07;021_00;skos:broader;zthes_BT
021_09;021;skos:broader;structural
021_09;021_00;skos:broader;zthes_BT
021_10;021;skos:broader;structural
021_10;021_00;skos:broader;zthes_BT
021_11;021;skos:broader;structural
021_11;021_00;skos:broader;zthes_BT
021_12;021;skos:broader;structural
021_12;021_00;skos:broader;zthes_BT
021_13;021;skos:broader;structural
021_13;021_00;skos:broader;zthes_BT
021_14;021;skos:broader;structural
021_14;021_00;skos:broader;zthes_BT
021_15;021;skos:broader;structural
021_15;021_00;skos:broader;zthes_BT
021_17;021;skos:broader;structural
021_17;021_00;skos:broader;zthes_BT
021_18;021;skos:broader;structural
021_18;021_00;skos:broader;zthes_BT
021_19;021;skos:broader;structural
021_19;021_00;skos:broader;zthes_BT
021_20;021;skos:broader;structural
021_20;021_00;skos:broader;zthes_BT
021_21;021;skos:broader;structural
021_21;021_00;skos:broader;zthes_BT
021_22;021;skos:broader;structural
021_22;021_00;skos:broader;zthes_BT
021_23;021;skos:broader;structural
021_23;021_00;skos:broader;zthes_BT
021_24;021;skos:broader;structural
021_24;021_00;skos:broader;zthes_BT
021_25;021;skos:broader;structural
021_25;021_00;skos:broader;zthes_BT
021_26;021;skos:broader;structural
021_26;021_00;skos:broader;zthes_BT
021_27;021;skos:broader;structural
021_27;021_00;skos:broader;zthes_BT
021_28;021;skos:broader;structural
021_28;021_00;skos:broader;zthes_BT
021_29;021;skos:broader;structural
021_29;021_00;skos:broader;zthes_BT
021_30;021;skos:broader;structural
021_30;021_00;skos:broader;zthes_BT
021_31;021;skos:broader;structural
021_31;021_00;skos:broader;zthes_BT
021_32;021;skos:broader;structural
021_32;021_00;skos:broader;zthes_BT
021_33;021;skos:broader;structural
021_33;021_00;skos:broader;zthes_BT
021_34;021;skos:broader;structural
021_34;021_00;skos:broader;zthes_BT
021_35;021;skos:broader;structural
021_35;021_00;skos:broader;zthes_BT
021_36;021;skos:broader;structural
021_36;021_00;skos:broader;zthes_BT
021_37;021;skos:broader;structural
021_37;021_00;skos:broader;zthes_BT
021_38;021;skos:broader;structural
021_38;021_00;skos:broader;zthes_BT
021_62;021;skos:broader;structural
021_62;021_00;skos:broader;zthes_BT
031_00;031;skos:broader;structural
031_01;031;skos:broader;structural
031_01;031_00;skos:broader;zthes_BT
031_03;031;skos:broader;structural
031_03;031_00;skos:broader;zthes_BT
031_04;031;skos:broader;structural
031_04;031_00;skos:broader;zthes_BT
031_05;031;skos:broader;structural
031_05;031_00;skos:broader;zthes_BT
031_06;031;skos:broader;structural
031_06;031_00;skos:broader;zthes_BT
031_07;031;skos:broader;structural
031_07;031_00;skos:broader;zthes_BT
031_08;031;skos:broader;structural
031_08;031_00;skos:broader;zthes_BT
031_09;031;skos:broader;structural
031_09;031_00;skos:broader;zthes_BT
031_10;031;skos:broader;structural
031_10;031_00;skos:broader;zthes_BT
031_11;031;skos:broader;structural
031_11;031_00;skos:broader;zthes_BT
031_12;031;skos:broader;structural
031_12;031_00;skos:broader;zthes_BT
031_13;031;skos:broader;structural
031_13;031_00;skos:broader;zthes_BT
031_14;031;skos:broader;structural
031_14;031_00;skos:broader;zthes_BT
031_15;031;skos:broader;structural
031_15;031_00;skos:broader;zthes_BT
031_16;031;skos:broader;structural
031_16;031_00;skos:broader;zthes_BT
031_17;031;skos:broader;structural
031_17;031_00;skos:broader;zthes_BT
031_18;031;skos:broader;structural
031_18;031_00;skos:broader;zthes_BT
031_19;031;skos:broader;structural
031_19;031_00;skos:broader;zthes_BT
031_20;031;skos:broader;structural
031_20;031_00;skos:broader;zthes_BT
031_21;031;skos:broader;structural
031_21;031_00;skos:broader;zthes_BT
031_22;031;skos:broader;structural
031_22;031_00;skos:broader;zthes_BT
031_23;031;skos:broader;structural
031_23;031_00;skos:broader;zthes_BT
031_24;031;skos:broader;structural
031_24;031_00;skos:broader;zthes_BT
031_25;031;skos:broader;structural
031_25;031_00;skos:broader;zthes_BT
031_26;031;skos:broader;structural
031_26;031_00;skos:broader;zthes_BT
031_27;031;skos:broader;structural
031_27;031_00;skos:broader;zthes_BT
031_29;031;skos:broader;structural
031_29;031_00;skos:broader;zthes_BT
031_30;031;skos:broader;structural
031_30;031_00;skos:broader;zthes_BT
031_31;031;skos:broader;structural
031_31;031_00;skos:broader;zthes_BT
031_32;031;skos:broader;structural
031_32;031_00;skos:broader;zthes_BT
031_33;031;skos:broader;structural
031_33;031_00;skos:broader;zthes_BT
031_34;031;skos:broader;structural
031_34;031_00;skos:broader;zthes_BT
031_35;031;skos:broader;structural
031_35;031_00;skos:broader;zthes_BT
031_36;031;skos:broader;structural
031_36;031_00;skos:broader;zthes_BT
031_37;031;skos:broader;structural
031_37;031_00;skos:broader;zthes_BT
031_38;031;skos:broader;structural
031_38;031_00;skos:broader;zthes_BT
031_39;031;skos:broader;structural
031_39;031_00;skos:broader;zthes_BT
031_40;031;skos:broader;structural
031_40;031_00;skos:broader;zthes_BT
031_41;031;skos:broader;structural
031_41;031_00;skos:broader;zthes_BT
031_42;031;skos:broader;structural
031_42;031_00;skos:broader;zthes_BT
031_43;031;skos:broader;structural
031_43;031_00;skos:broader;zthes_BT
031_44;031;skos:broader;structural
031_44;031_00;skos:broader;zthes_BT
031_45;031;skos:broader;structural
031_45;031_00;skos:broader;zthes_BT
031_46;031;skos:broader;structural
031_46;031_00;skos:broader;zthes_BT
031_47;031;skos:broader;structural
031_47;031_00;skos:broader;zthes_BT
031_49;031;skos:broader;structural
031_49;031_00;skos:broader;zthes_BT
031_50;031;skos:broader;structural
031_50;031_00;skos:broader;zthes_BT
031_51;031;skos:broader;structural
031_51;031_00;skos:broader;zthes_BT
031_52;031;skos:broader;structural
031_52;031_00;skos:broader;zthes_BT
031_53;031;skos:broader;structural
031_53;031_00;skos:broader;zthes_BT
031_74;031;skos:broader;structural
031_74;031_00;skos:broader;zthes_BT
031_76;031;skos:broader;structural
031_76;031_00;skos:broader;zthes_BT
031_82;031;skos:broader;structural
031_82;031_00;skos:broader;zthes_BT
031_95;031;skos:broader;structural
031_95;031_00;skos:broader;zthes_BT
041_00;041;skos:broader;structural
041_01;041;skos:broader;structural
041_01;041_00;skos:broader;zthes_BT
041_02;041;skos:broader;structural
041_02;041_00;skos:broader;zthes_BT
041_03;041;skos:broader;structural
041_03;041_00;skos:broader;zthes_BT
041_04;041;skos:broader;structural
041_04;041_00;skos:broader;zthes_BT
041_05;041;skos:broader;structural
041_05;041_00;skos:broader;zthes_BT
041_06;041;skos:broader;structural
041_06;041_00;skos:broader;zthes_BT
041_07;041;skos:broader;structural
041_07;041_00;skos:broader;zthes_BT
041_08;041;skos:broader;structural
041_08;041_00;skos:broader;zthes_BT
041_09;041;skos:broader;structural
041_09;041_00;skos:broader;zthes_BT
041_10;041;skos:broader;structural
041_10;041_00;skos:broader;zthes_BT
041_11;041;skos:broader;structural
041_11;041_00;skos:broader;zthes_BT
041_12;041;skos:broader;structural
041_12;041_00;skos:broader;zthes_BT
041_13;041;skos:broader;structural
041_13;041_00;skos:broader;zthes_BT
041_14;041;skos:broader;structural
041_14;041_00;skos:broader;zthes_BT
041_15;041;skos:broader;structural
041_15;041_00;skos:broader;zthes_BT
041_17;041;skos:broader;structural
041_17;041_00;skos:broader;zthes_BT
041_18;041;skos:broader;structural
041_18;041_00;skos:broader;zthes_BT
041_19;041;skos:broader;structural
041_19;041_00;skos:broader;zthes_BT
041_20;041;skos:broader;structural
041_20;041_00;skos:broader;zthes_BT
041_21;041;skos:broader;structural
041_21;041_00;skos:broader;zthes_BT
041_22;041;skos:broader;structural
041_22;041_00;skos:broader;zthes_BT
041_23;041;skos:broader;structural
041_23;041_00;skos:broader;zthes_BT
041_25;041;skos:broader;structural
041_25;041_00;skos:broader;zthes_BT
041_27;041;skos:broader;structural
041_27;041_00;skos:broader;zthes_BT
041_28;041;skos:broader;structural
041_28;041_00;skos:broader;zthes_BT
041_29;041;skos:broader;structural
041_29;041_00;skos:broader;zthes_BT
041_30;041;skos:broader;structural
041_30;041_00;skos:broader;zthes_BT
041_32;041;skos:broader;structural
041_32;041_00;skos:broader;zthes_BT
041_33;041;skos:broader;structural
041_33;041_00;skos:broader;zthes_BT
041_34;041;skos:broader;structural
041_34;041_00;skos:broader;zthes_BT
041_35;041;skos:broader;structural
041_35;041_00;skos:broader;zthes_BT
041_36;041;skos:broader;structural
041_36;041_00;skos:broader;zthes_BT
041_37;041;skos:broader;structural
041_37;041_00;skos:broader;zthes_BT
041_38;041;skos:broader;structural
041_38;041_00;skos:broader;zthes_BT
041_39;041;skos:broader;structural
041_39;041_00;skos:broader;zthes_BT
041_40;041;skos:broader;structural
041_40;041_00;skos:broader;zthes_BT
041_41;041;skos:broader;structural
041_41;041_00;skos:broader;zthes_BT
041_42;041;skos:broader;structural
041_42;041_00;skos:broader;zthes_BT
041_44;041;skos:broader;structural
041_44;041_00;skos:broader;zthes_BT
041_45;041;skos:broader;structural
041_45;041_00;skos:broader;zthes_BT
041_46;041;skos:broader;structural
041_46;041_00;skos:broader;zthes_BT
041_47;041;skos:broader;structural
041_47;041_00;skos:broader;zthes_BT
041_48;041;skos:broader;structural
041_48;041_00;skos:broader;zthes_BT
041_49;041;skos:broader;structural
041_49;041_00;skos:broader;zthes_BT
041_50;041;skos:broader;structural
041_50;041_00;skos:broader;zthes_BT
041_51;041;skos:broader;structural
041_51;041_00;skos:broader;zthes_BT
041_57;041;skos:broader;structural
041_57;041_00;skos:broader;zthes_BT
041_63;041;skos:broader;structural
041_63;041_00;skos:broader;zthes_BT
041_65;041;skos:broader;structural
041_65;041_00;skos:broader;zthes_BT
041_73;041;skos:broader;structural
041_73;041_00;skos:broader;zthes_BT
041_77;041;skos:broader;structural
041_77;041_00;skos:broader;zthes_BT
041_84;041;skos:broader;structural
041_84;041_00;skos:broader;zthes_BT
051_00;051;skos:broader;structural
051_16;051;skos:broader;structural
051_16;051_00;skos:broader;zthes_BT
051_42;051;skos:broader;structural
051_42;051_00;skos:broader;zthes_BT
051_48;051;skos:broader;structural
051_48;051_00;skos:broader;zthes_BT
051_57;051;skos:broader;structural
051_57;051_00;skos:broader;zthes_BT
051_66;051;skos:broader;structural
051_66;051_00;skos:broader;zthes_BT
051_69;051;skos:broader;structural
051_69;051_00;skos:broader;zthes_BT
051_73;051;skos:broader;structural
051_73;051_00;skos:broader;zthes_BT
051_75;051;skos:broader;structural
051_75;051_00;skos:broader;zthes_BT
051_78;051;skos:broader;structural
051_78;051_00;skos:broader;zthes_BT
051_86;051;skos:broader;structural
051_86;051_00;skos:broader;zthes_BT
051_97;051;skos:broader;structural
051_97;051_00;skos:broader;zthes_BT
061_00;061;skos:broader;structural
061_01;061;skos:broader;structural
061_01;061_00;skos:broader;zthes_BT
061_02;061;skos:broader;structural
061_02;061_00;skos:broader;zthes_BT
111_01;111;skos:broader;structural
111_01;111_22;skos:broader;zthes_BT
111_02;111;skos:broader;structural
111_02;111_22;skos:broader;zthes_BT
111_02;161_00;skos:related;zthes_RT
111_02;352_67;skos:related;zthes_RT
111_12;111;skos:broader;structural
111_12;111_22;skos:broader;zthes_BT
111_13;111;skos:broader;structural
111_13;111_23;skos:broader;zthes_BT
111_13;322_84;skos:related;zthes_RT
111_22;111;skos:broader;structural
111_22;111_43;skos:broader;zthes_BT
111_23;111;skos:broader;structural
111_23;111_43;skos:broader;zthes_BT
111_23;322_74;skos:related;zthes_RT
111_23;331_36;skos:related;zthes_RT
111_23;331_38;skos:related;zthes_RT
111_25;111;skos:broader;structural
111_25;111_35;skos:broader;zthes_BT
111_25;113_24;skos:related;zthes_RT
111_25;331_95;skos:related;zthes_RT
111_30;111;skos:broader;structural
111_30;111_43;skos:broader;zthes_BT
111_31;111;skos:broader;structural
111_31;111_43;skos:broader;zthes_BT
111_35;111;skos:broader;structural
111_35;111_55;skos:broader;zthes_BT
111_40;111;skos:broader;structural
111_40;111_43;skos:broader;zthes_BT
111_40;142_44;skos:related;zthes_RT
111_40;142_45;skos:related;zthes_RT
111_40;213_94;skos:related;zthes_RT
111_43;111;skos:broader;structural
111_43;111_55;skos:broader;zthes_BT
111_46;111;skos:broader;structural
111_46;111_55;skos:broader;zthes_BT
111_46;164_22;skos:related;zthes_RT
111_46;331_47;skos:related;zthes_RT
111_47;111;skos:broader;structural
111_47;111_55;skos:broader;zthes_BT
111_48;111;skos:broader;structural
111_48;111_47;skos:broader;zthes_BT
111_48;213_33;skos:related;zthes_RT
111_49;111;skos:broader;structural
111_49;111_47;skos:broader;zthes_BT
111_55;111;skos:broader;structural
111_55;164_22;skos:related;zthes_RT
111_57;111;skos:broader;structural
111_57;111_55;skos:broader;zthes_BT
111_57;164_22;skos:related;zthes_RT
111_58;111;skos:broader;structural
111_58;111_57;skos:broader;zthes_BT
111_65;111;skos:broader;structural
111_65;111_55;skos:broader;zthes_BT
111_65;112_55;skos:related;zthes_RT
111_65;141_43;skos:related;zthes_RT
111_65;161_00;skos:related;zthes_RT
111_65;213_45;skos:related;zthes_RT
111_68;111;skos:broader;structural
111_68;111_57;skos:broader;zthes_BT
111_72;111;skos:broader;structural
111_72;111_65;skos:broader;zthes_BT
111_72;111_75;skos:related;zthes_RT
111_72;113_41;skos:related;zthes_RT
111_72;113_51;skos:related;zthes_RT
111_72;131_86;skos:related;zthes_RT
111_72;342_55;skos:related;zthes_RT
111_73;111;skos:broader;structural
111_73;111_65;skos:broader;zthes_BT
111_73;151_61;skos:related;zthes_RT
111_73;222_34;skos:related;zthes_RT
111_74;111;skos:broader;structural
111_74;111_65;skos:broader;zthes_BT
111_74;112_19;skos:related;zthes_RT
111_74;112_37;skos:related;zthes_RT
111_75;111;skos:broader;structural
111_75;111_65;skos:broader;zthes_BT
111_75;111_72;skos:related;zthes_RT
111_75;131_68;skos:related;zthes_RT
111_75;322_74;skos:related;zthes_RT
111_75;342_51;skos:related;zthes_RT
111_76;111;skos:broader;structural
111_76;111_65;skos:broader;zthes_BT
111_77;111;skos:broader;structural
111_77;111_65;skos:broader;zthes_BT
111_77;113_55;skos:related;zthes_RT
111_77;113_75;skos:related;zthes_RT
111_77;161_64;skos:related;zthes_RT
111_77;213_45;skos:related;zthes_RT
111_77;332_51;skos:related;zthes_RT
111_77;362_33;skos:related;zthes_RT
111_78;111;skos:broader;structural
111_78;111_77;skos:broader;zthes_BT
111_78;161_43;skos:related;zthes_RT
111_78;161_74;skos:related;zthes_RT
111_78;164_26;skos:related;zthes_RT
111_82;111;skos:broader;structural
111_82;111_65;skos:broader;zthes_BT
111_82;151_55;skos:related;zthes_RT
111_83;111;skos:broader;structural
111_83;111_65;skos:broader;zthes_BT
111_83;131_56;skos:related;zthes_RT
111_83;162_51;skos:related;zthes_RT
111_83;321_78;skos:related;zthes_RT
111_83;322_42;skos:related;zthes_RT
111_83;342_42;skos:related;zthes_RT
111_83;342_55;skos:related;zthes_RT
111_85;111;skos:broader;structural
111_85;111_65;skos:broader;zthes_BT
111_85;311_17;skos:related;zthes_RT
111_85;362_18;skos:related;zthes_RT
111_87;111;skos:broader;structural
111_87;111_76;skos:broader;zthes_BT
111_94;111;skos:broader;structural
111_94;111_65;skos:broader;zthes_BT
111_96;111;skos:broader;structural
111_96;111_76;skos:broader;zthes_BT
112_02;112;skos:broader;structural
112_02;112_55;skos:broader;zthes_BT
112_02;121_07;skos:related;zthes_RT
112_02;332_53;skos:related;zthes_RT
112_02;429_55;skos:related;zthes_RT
112_04;112;skos:broader;structural
112_04;112_55;skos:broader;zthes_BT
112_04;322_51;skos:related;zthes_RT
112_04;332_97;skos:related;zthes_RT
112_04;421_44;skos:related;zthes_RT
112_04;421_47;skos:related;zthes_RT
112_05;112;skos:broader;structural
112_05;112_55;skos:broader;zthes_BT
112_06;112;skos:broader;structural
112_06;112_55;skos:broader;zthes_BT
112_06;322_71;skos:related;zthes_RT
112_07;112;skos:broader;structural
112_07;112_27;skos:broader;zthes_BT
112_07;332_80;skos:related;zthes_RT
112_09;112;skos:broader;structural
112_09;112_18;skos:broader;zthes_BT
112_09;333_75;skos:related;zthes_RT
112_16;112;skos:broader;structural
112_16;112_55;skos:broader;zthes_BT
112_17;112;skos:broader;structural
112_17;112_26;skos:broader;zthes_BT
112_18;112;skos:broader;structural
112_18;112_27;skos:broader;zthes_BT
112_19;112;skos:broader;structural
112_19;112_18;skos:broader;zthes_BT
112_19;111_74;skos:related;zthes_RT
112_23;112;skos:broader;structural
112_23;112_55;skos:broader;zthes_BT
112_23;332_81;skos:related;zthes_RT
112_23;332_83;skos:related;zthes_RT
112_24;112;skos:broader;structural
112_24;112_55;skos:broader;zthes_BT
112_24;112_79;skos:related;zthes_RT
112_26;112;skos:broader;structural
112_26;112_55;skos:broader;zthes_BT
112_27;112;skos:broader;structural
112_27;112_55;skos:broader;zthes_BT
112_28;112;skos:broader;structural
112_28;112_27;skos:broader;zthes_BT
112_28;132_54;skos:related;zthes_RT
112_36;112;skos:broader;structural
112_36;112_55;skos:broader;zthes_BT
112_37;112;skos:broader;structural
112_37;112_55;skos:broader;zthes_BT
112_37;111_74;skos:related;zthes_RT
112_38;112;skos:broader;structural
112_38;112_55;skos:broader;zthes_BT
112_41;112;skos:broader;structural
112_41;112_55;skos:broader;zthes_BT
112_41;122_89;skos:related;zthes_RT
112_41;322_44;skos:related;zthes_RT
112_41;332_63;skos:related;zthes_RT
112_51;112;skos:broader;structural
112_51;112_55;skos:broader;zthes_BT
112_51;322_44;skos:related;zthes_RT
112_53;112;skos:broader;structural
112_53;112_55;skos:broader;zthes_BT
112_55;112;skos:broader;structural
112_55;111_65;skos:related;zthes_RT
112_55;322_53;skos:related;zthes_RT
112_55;323_69;skos:related;zthes_RT
112_56;112;skos:broader;structural
112_56;112_55;skos:broader;zthes_BT
112_58;112;skos:broader;structural
112_58;112_55;skos:broader;zthes_BT
112_58;332_59;skos:related;zthes_RT
112_61;112;skos:broader;structural
112_61;112_72;skos:broader;zthes_BT
112_61;164_38;skos:related;zthes_RT
112_61;332_52;skos:related;zthes_RT
112_62;112;skos:broader;structural
112_62;112_64;skos:broader;zthes_BT
112_62;124_33;skos:related;zthes_RT
112_62;141_55;skos:related;zthes_RT
112_62;311_12;skos:related;zthes_RT
112_64;112;skos:broader;structural
112_64;112_55;skos:broader;zthes_BT
112_64;331_50;skos:related;zthes_RT
112_64;332_91;skos:related;zthes_RT
112_66;112;skos:broader;structural
112_66;112_55;skos:broader;zthes_BT
112_66;322_94;skos:related;zthes_RT
112_70;112;skos:broader;structural
112_70;112_64;skos:broader;zthes_BT
112_70;112_80;skos:related;zthes_RT
112_71;112;skos:broader;structural
112_71;112_72;skos:broader;zthes_BT
112_72;112;skos:broader;structural
112_72;112_55;skos:broader;zthes_BT
112_72;113_37;skos:related;zthes_RT
112_72;131_60;skos:related;zthes_RT
112_76;112;skos:broader;structural
112_76;112_66;skos:broader;zthes_BT
112_78;112;skos:broader;structural
112_78;112_66;skos:broader;zthes_BT
112_78;213_47;skos:related;zthes_RT
112_79;112;skos:broader;structural
112_79;112_78;skos:broader;zthes_BT
112_79;112_24;skos:related;zthes_RT
112_80;112;skos:broader;structural
112_80;112_64;skos:broader;zthes_BT
112_80;112_70;skos:related;zthes_RT
112_80;322_24;skos:related;zthes_RT
112_81;112;skos:broader;structural
112_81;112_72;skos:broader;zthes_BT
112_81;113_37;skos:related;zthes_RT
112_82;112;skos:broader;structural
112_82;112_72;skos:broader;zthes_BT
112_83;112;skos:broader;structural
112_83;112_64;skos:broader;zthes_BT
112_84;112;skos:broader;structural
112_84;112_64;skos:broader;zthes_BT
112_84;112_85;skos:related;zthes_RT
112_84;112_91;skos:related;zthes_RT
112_85;112;skos:broader;structural
112_85;112_66;skos:broader;zthes_BT
112_85;112_84;skos:related;zthes_RT
112_85;131_07;skos:related;zthes_RT
112_85;132_54;skos:related;zthes_RT
112_85;322_37;skos:related;zthes_RT
112_85;332_80;skos:related;zthes_RT
112_86;112;skos:broader;structural
112_86;112_66;skos:broader;zthes_BT
112_86;151_43;skos:related;zthes_RT
112_86;151_55;skos:related;zthes_RT
112_87;112;skos:broader;structural
112_87;112_66;skos:broader;zthes_BT
112_87;123_13;skos:related;zthes_RT
112_87;123_55;skos:related;zthes_RT
112_87;323_71;skos:related;zthes_RT
112_89;112;skos:broader;structural
112_89;112_78;skos:broader;zthes_BT
112_90;112;skos:broader;structural
112_90;112_81;skos:broader;zthes_BT
112_90;151_57;skos:related;zthes_RT
112_90;152_53;skos:related;zthes_RT
112_91;112;skos:broader;structural
112_91;112_64;skos:broader;zthes_BT
112_91;112_84;skos:related;zthes_RT
112_91;323_55;skos:related;zthes_RT
112_92;112;skos:broader;structural
112_92;112_64;skos:broader;zthes_BT
112_92;331_67;skos:related;zthes_RT
112_94;112;skos:broader;structural
112_94;112_84;skos:broader;zthes_BT
112_95;112;skos:broader;structural
112_95;112_85;skos:broader;zthes_BT
112_98;112;skos:broader;structural
112_98;112_66;skos:broader;zthes_BT
112_98;131_93;skos:related;zthes_RT
113_05;113;skos:broader;structural
113_05;113_16;skos:broader;zthes_BT
113_06;113;skos:broader;structural
113_06;113_16;skos:broader;zthes_BT
113_07;113;skos:broader;structural
113_07;113_16;skos:broader;zthes_BT
113_11;113;skos:broader;structural
113_11;113_33;skos:broader;zthes_BT
113_16;113;skos:broader;structural
113_16;113_36;skos:broader;zthes_BT
113_16;113_43;skos:related;zthes_RT
113_16;133_42;skos:related;zthes_RT
113_16;212_95;skos:related;zthes_RT
113_18;113;skos:broader;structural
113_18;113_16;skos:broader;zthes_BT
113_18;133_55;skos:related;zthes_RT
113_24;113;skos:broader;structural
113_24;113_55;skos:broader;zthes_BT
113_24;111_25;skos:related;zthes_RT
113_24;131_49;skos:related;zthes_RT
113_24;141_66;skos:related;zthes_RT
113_33;113;skos:broader;structural
113_33;113_55;skos:broader;zthes_BT
113_33;211_28;skos:related;zthes_RT
113_33;331_10;skos:related;zthes_RT
113_36;113;skos:broader;structural
113_36;113_55;skos:broader;zthes_BT
113_37;113;skos:broader;structural
113_37;113_36;skos:broader;zthes_BT
113_37;112_72;skos:related;zthes_RT
113_37;112_81;skos:related;zthes_RT
113_37;132_33;skos:related;zthes_RT
113_41;113;skos:broader;structural
113_41;113_43;skos:broader;zthes_BT
113_41;111_72;skos:related;zthes_RT
113_41;113_51;skos:related;zthes_RT
113_43;113;skos:broader;structural
113_43;113_55;skos:broader;zthes_BT
113_43;113_16;skos:related;zthes_RT
113_51;113;skos:broader;structural
113_51;113_55;skos:broader;zthes_BT
113_51;111_72;skos:related;zthes_RT
113_51;113_41;skos:related;zthes_RT
113_51;141_55;skos:related;zthes_RT
113_51;142_48;skos:related;zthes_RT
113_51;142_68;skos:related;zthes_RT
113_55;113;skos:broader;structural
113_55;111_77;skos:related;zthes_RT
113_55;121_50;skos:related;zthes_RT
113_57;113;skos:broader;structural
113_57;113_55;skos:broader;zthes_BT
113_63;113;skos:broader;structural
113_63;113_55;skos:broader;zthes_BT
113_63;133_53;skos:related;zthes_RT
113_63;162_87;skos:related;zthes_RT
113_75;113;skos:broader;structural
113_75;113_55;skos:broader;zthes_BT
113_75;111_77;skos:related;zthes_RT
113_75;151_37;skos:related;zthes_RT
113_75;223_55;skos:related;zthes_RT
113_75;323_62;skos:related;zthes_RT
113_77;113;skos:broader;structural
113_77;113_55;skos:broader;zthes_BT
113_85;113;skos:broader;structural
113_85;113_75;skos:broader;zthes_BT
113_95;113;skos:broader;structural
113_95;113_85;skos:broader;zthes_BT
113_97;113;skos:broader;structural
113_97;113_55;skos:broader;zthes_BT
113_97;212_53;skos:related;zthes_RT
121_02;121;skos:broader;structural
121_02;121_23;skos:broader;zthes_BT
121_03;121;skos:broader;structural
121_03;121_23;skos:broader;zthes_BT
121_03;426_75;skos:related;zthes_RT
121_06;121;skos:broader;structural
121_06;121_55;skos:broader;zthes_BT
121_06;122_37;skos:related;zthes_RT
121_06;141_21;skos:related;zthes_RT
121_07;121;skos:broader;structural
121_07;121_55;skos:broader;zthes_BT
121_07;112_02;skos:related;zthes_RT
121_07;429_55;skos:related;zthes_RT
121_09;121;skos:broader;structural
121_09;121_55;skos:broader;zthes_BT
121_11;121;skos:broader;structural
121_11;121_32;skos:broader;zthes_BT
121_14;121;skos:broader;structural
121_14;121_23;skos:broader;zthes_BT
121_16;121;skos:broader;structural
121_16;121_55;skos:broader;zthes_BT
121_16;122_14;skos:related;zthes_RT
121_16;122_37;skos:related;zthes_RT
121_16;125_26;skos:related;zthes_RT
121_16;141_31;skos:related;zthes_RT
121_18;121;skos:broader;structural
121_18;121_55;skos:broader;zthes_BT
121_18;322_42;skos:related;zthes_RT
121_18;335_67;skos:related;zthes_RT
121_19;121;skos:broader;structural
121_19;121_55;skos:broader;zthes_BT
121_21;121;skos:broader;structural
121_21;121_32;skos:broader;zthes_BT
121_21;122_94;skos:related;zthes_RT
121_23;121;skos:broader;structural
121_23;121_32;skos:broader;zthes_BT
121_25;121;skos:broader;structural
121_25;121_55;skos:broader;zthes_BT
121_26;121;skos:broader;structural
121_26;121_36;skos:broader;zthes_BT
121_26;122_94;skos:related;zthes_RT
121_27;121;skos:broader;structural
121_27;121_26;skos:broader;zthes_BT
121_28;121;skos:broader;structural
121_28;121_55;skos:broader;zthes_BT
121_28;361_66;skos:related;zthes_RT
121_28;429_42;skos:related;zthes_RT
121_29;121;skos:broader;structural
121_29;121_55;skos:broader;zthes_BT
121_30;121;skos:broader;structural
121_30;121_52;skos:broader;zthes_BT
121_30;121_32;skos:related;zthes_RT
121_31;121;skos:broader;structural
121_31;121_52;skos:broader;zthes_BT
121_32;121;skos:broader;structural
121_32;121_55;skos:broader;zthes_BT
121_32;121_30;skos:related;zthes_RT
121_32;141_76;skos:related;zthes_RT
121_32;141_82;skos:related;zthes_RT
121_32;331_75;skos:related;zthes_RT
121_34;121;skos:broader;structural
121_34;121_32;skos:broader;zthes_BT
121_36;121;skos:broader;structural
121_36;121_55;skos:broader;zthes_BT
121_36;123_57;skos:related;zthes_RT
121_36;141_43;skos:related;zthes_RT
121_36;141_55;skos:related;zthes_RT
121_37;121;skos:broader;structural
121_37;121_55;skos:broader;zthes_BT
121_38;121;skos:broader;structural
121_38;121_55;skos:broader;zthes_BT
121_38;123_42;skos:related;zthes_RT
121_38;124_65;skos:related;zthes_RT
121_40;121;skos:broader;structural
121_40;121_52;skos:broader;zthes_BT
121_40;121_92;skos:related;zthes_RT
121_40;323_71;skos:related;zthes_RT
121_47;121;skos:broader;structural
121_47;121_55;skos:broader;zthes_BT
121_47;124_82;skos:related;zthes_RT
121_50;121;skos:broader;structural
121_50;121_52;skos:broader;zthes_BT
121_50;113_55;skos:related;zthes_RT
121_52;121;skos:broader;structural
121_52;121_53;skos:broader;zthes_BT
121_52;122_55;skos:related;zthes_RT
121_53;121;skos:broader;structural
121_53;121_55;skos:broader;zthes_BT
121_54;121;skos:broader;structural
121_54;121_55;skos:broader;zthes_BT
121_54;121_63;skos:related;zthes_RT
121_54;124_16;skos:related;zthes_RT
121_54;224_23;skos:related;zthes_RT
121_55;121;skos:broader;structural
121_57;121;skos:broader;structural
121_57;121_55;skos:broader;zthes_BT
121_58;121;skos:broader;structural
121_58;121_55;skos:broader;zthes_BT
121_58;122_79;skos:related;zthes_RT
121_58;124_35;skos:related;zthes_RT
121_60;121;skos:broader;structural
121_60;121_52;skos:broader;zthes_BT
121_63;121;skos:broader;structural
121_63;121_53;skos:broader;zthes_BT
121_63;121_54;skos:related;zthes_RT
121_63;124_55;skos:related;zthes_RT
121_63;125_34;skos:related;zthes_RT
121_63;125_52;skos:related;zthes_RT
121_66;121;skos:broader;structural
121_66;121_55;skos:broader;zthes_BT
121_67;121;skos:broader;structural
121_67;121_55;skos:broader;zthes_BT
121_71;121;skos:broader;structural
121_71;121_52;skos:broader;zthes_BT
121_71;141_77;skos:related;zthes_RT
121_74;121;skos:broader;structural
121_74;121_53;skos:broader;zthes_BT
121_74;124_67;skos:related;zthes_RT
121_74;124_77;skos:related;zthes_RT
121_74;322_37;skos:related;zthes_RT
121_74;331_82;skos:related;zthes_RT
121_76;121;skos:broader;structural
121_76;121_55;skos:broader;zthes_BT
121_78;121;skos:broader;structural
121_78;121_67;skos:broader;zthes_BT
121_80;121;skos:broader;structural
121_80;121_71;skos:broader;zthes_BT
121_81;121;skos:broader;structural
121_81;121_71;skos:broader;zthes_BT
121_82;121;skos:broader;structural
121_82;121_52;skos:broader;zthes_BT
121_85;121;skos:broader;structural
121_85;121_74;skos:broader;zthes_BT
121_88;121;skos:broader;structural
121_88;121_67;skos:broader;zthes_BT
121_89;121;skos:broader;structural
121_89;121_78;skos:broader;zthes_BT
121_90;121;skos:broader;structural
121_90;121_92;skos:broader;zthes_BT
121_90;123_55;skos:related;zthes_RT
121_91;121;skos:broader;structural
121_91;121_92;skos:broader;zthes_BT
121_91;222_62;skos:related;zthes_RT
121_92;121;skos:broader;structural
121_92;121_52;skos:broader;zthes_BT
121_92;121_40;skos:related;zthes_RT
121_92;123_61;skos:related;zthes_RT
121_92;125_42;skos:related;zthes_RT
121_92;125_51;skos:related;zthes_RT
121_92;125_55;skos:related;zthes_RT
121_92;125_68;skos:related;zthes_RT
121_92;323_71;skos:related;zthes_RT
121_92;323_81;skos:related;zthes_RT
121_93;121;skos:broader;structural
121_93;121_94;skos:broader;zthes_BT
121_93;123_31;skos:related;zthes_RT
121_93;331_82;skos:related;zthes_RT
121_94;121;skos:broader;structural
121_94;121_74;skos:broader;zthes_BT
121_95;121;skos:broader;structural
121_95;121_94;skos:broader;zthes_BT
121_95;123_33;skos:related;zthes_RT
121_95;331_82;skos:related;zthes_RT
122_14;122;skos:broader;structural
122_14;122_53;skos:broader;zthes_BT
122_14;121_16;skos:related;zthes_RT
122_14;125_26;skos:related;zthes_RT
122_28;122;skos:broader;structural
122_28;122_57;skos:broader;zthes_BT
122_28;164_86;skos:related;zthes_RT
122_37;122;skos:broader;structural
122_37;122_55;skos:broader;zthes_BT
122_37;121_06;skos:related;zthes_RT
122_37;121_16;skos:related;zthes_RT
122_37;125_26;skos:related;zthes_RT
122_39;122;skos:broader;structural
122_39;122_57;skos:broader;zthes_BT
122_39;212_95;skos:related;zthes_RT
122_50;122;skos:broader;structural
122_50;122_53;skos:broader;zthes_BT
122_50;323_65;skos:related;zthes_RT
122_53;122;skos:broader;structural
122_53;122_55;skos:broader;zthes_BT
122_53;124_16;skos:related;zthes_RT
122_53;352_35;skos:related;zthes_RT
122_53;352_56;skos:related;zthes_RT
122_55;122;skos:broader;structural
122_55;121_52;skos:related;zthes_RT
122_55;164_71;skos:related;zthes_RT
122_55;212_59;skos:related;zthes_RT
122_55;212_79;skos:related;zthes_RT
122_55;212_84;skos:related;zthes_RT
122_57;122;skos:broader;structural
122_57;122_55;skos:broader;zthes_BT
122_57;164_86;skos:related;zthes_RT
122_57;223_15;skos:related;zthes_RT
122_59;122;skos:broader;structural
122_59;122_57;skos:broader;zthes_BT
122_67;122;skos:broader;structural
122_67;122_77;skos:broader;zthes_BT
122_67;331_95;skos:related;zthes_RT
122_69;122;skos:broader;structural
122_69;122_57;skos:broader;zthes_BT
122_69;122_94;skos:related;zthes_RT
122_69;123_84;skos:related;zthes_RT
122_69;124_62;skos:related;zthes_RT
122_70;122;skos:broader;structural
122_70;122_53;skos:broader;zthes_BT
122_70;125_55;skos:related;zthes_RT
122_70;222_55;skos:related;zthes_RT
122_75;122;skos:broader;structural
122_75;122_55;skos:broader;zthes_BT
122_77;122;skos:broader;structural
122_77;122_55;skos:broader;zthes_BT
122_77;331_75;skos:related;zthes_RT
122_77;332_26;skos:related;zthes_RT
122_79;122;skos:broader;structural
122_79;122_77;skos:broader;zthes_BT
122_79;121_58;skos:related;zthes_RT
122_79;124_34;skos:related;zthes_RT
122_79;124_35;skos:related;zthes_RT
122_79;333_42;skos:related;zthes_RT
122_82;122;skos:broader;structural
122_82;122_53;skos:broader;zthes_BT
122_89;122;skos:broader;structural
122_89;122_77;skos:broader;zthes_BT
122_89;112_41;skos:related;zthes_RT
122_89;141_22;skos:related;zthes_RT
122_89;311_02;skos:related;zthes_RT
122_93;122;skos:broader;structural
122_93;122_53;skos:broader;zthes_BT
122_94;122;skos:broader;structural
122_94;122_53;skos:broader;zthes_BT
122_94;121_21;skos:related;zthes_RT
122_94;121_26;skos:related;zthes_RT
122_94;122_69;skos:related;zthes_RT
122_94;164_55;skos:related;zthes_RT
122_94;164_63;skos:related;zthes_RT
122_98;122;skos:broader;structural
122_98;122_77;skos:broader;zthes_BT
123_01;123;skos:broader;structural
123_01;123_31;skos:broader;zthes_BT
123_01;123_13;skos:related;zthes_RT
123_01;141_22;skos:related;zthes_RT
123_01;429_86;skos:related;zthes_RT
123_07;123;skos:broader;structural
123_07;123_27;skos:broader;zthes_BT
123_13;123;skos:broader;structural
123_13;123_33;skos:broader;zthes_BT
123_13;112_87;skos:related;zthes_RT
123_13;123_01;skos:related;zthes_RT
123_16;123;skos:broader;structural
123_16;123_57;skos:broader;zthes_BT
123_20;123;skos:broader;structural
123_20;123_31;skos:broader;zthes_BT
123_20;124_20;skos:related;zthes_RT
123_20;429_76;skos:related;zthes_RT
123_27;123;skos:broader;structural
123_27;123_57;skos:broader;zthes_BT
123_29;123;skos:broader;structural
123_29;123_57;skos:broader;zthes_BT
123_31;123;skos:broader;structural
123_31;123_42;skos:broader;zthes_BT
123_31;121_93;skos:related;zthes_RT
123_31;429_65;skos:related;zthes_RT
123_33;123;skos:broader;structural
123_33;123_42;skos:broader;zthes_BT
123_33;121_95;skos:related;zthes_RT
123_33;429_57;skos:related;zthes_RT
123_42;123;skos:broader;structural
123_42;123_55;skos:broader;zthes_BT
123_42;121_38;skos:related;zthes_RT
123_49;123;skos:broader;structural
123_49;123_57;skos:broader;zthes_BT
123_50;123;skos:broader;structural
123_50;123_55;skos:broader;zthes_BT
123_50;141_43;skos:related;zthes_RT
123_50;143_55;skos:related;zthes_RT
123_55;123;skos:broader;structural
123_55;112_87;skos:related;zthes_RT
123_55;121_90;skos:related;zthes_RT
123_55;323_67;skos:related;zthes_RT
123_57;123;skos:broader;structural
123_57;123_55;skos:broader;zthes_BT
123_57;121_36;skos:related;zthes_RT
123_57;124_53;skos:related;zthes_RT
123_59;123;skos:broader;structural
123_59;123_57;skos:broader;zthes_BT
123_59;429_48;skos:related;zthes_RT
123_61;123;skos:broader;structural
123_61;123_62;skos:broader;zthes_BT
123_61;121_92;skos:related;zthes_RT
123_61;322_17;skos:related;zthes_RT
123_62;123;skos:broader;structural
123_62;123_55;skos:broader;zthes_BT
123_74;123;skos:broader;structural
123_74;123_62;skos:broader;zthes_BT
123_78;123;skos:broader;structural
123_78;123_57;skos:broader;zthes_BT
123_78;123_86;skos:related;zthes_RT
123_78;429_79;skos:related;zthes_RT
123_79;123;skos:broader;structural
123_79;123_78;skos:broader;zthes_BT
123_80;123;skos:broader;structural
123_80;123_81;skos:broader;zthes_BT
123_80;125_37;skos:related;zthes_RT
123_80;125_40;skos:related;zthes_RT
123_81;123;skos:broader;structural
123_81;123_62;skos:broader;zthes_BT
123_84;123;skos:broader;structural
123_84;123_62;skos:broader;zthes_BT
123_84;122_69;skos:related;zthes_RT
123_86;123;skos:broader;structural
123_86;123_57;skos:broader;zthes_BT
123_86;123_78;skos:related;zthes_RT
123_89;123;skos:broader;structural
123_89;123_78;skos:broader;zthes_BT
123_89;124_20;skos:related;zthes_RT
123_90;123;skos:broader;structural
123_90;123_81;skos:broader;zthes_BT
123_90;123_92;skos:related;zthes_RT
123_92;123;skos:broader;structural
123_92;123_62;skos:broader;zthes_BT
123_92;123_90;skos:related;zthes_RT
123_92;123_93;skos:related;zthes_RT
123_93;123;skos:broader;structural
123_93;123_62;skos:broader;zthes_BT
123_93;123_92;skos:related;zthes_RT
123_93;223_42;skos:related;zthes_RT
123_93;335_17;skos:related;zthes_RT
123_97;123;skos:broader;structural
123_97;123_86;skos:broader;zthes_BT
123_97;351_29;skos:related;zthes_RT
123_99;123;skos:broader;structural
123_99;123_78;skos:broader;zthes_BT
123_99;124_20;skos:related;zthes_RT
124_02;124;skos:broader;structural
124_02;124_53;skos:broader;zthes_BT
124_02;141_31;skos:related;zthes_RT
124_07;124;skos:broader;structural
124_07;124_55;skos:broader;zthes_BT
124_07;131_20;skos:related;zthes_RT
124_11;124;skos:broader;structural
124_11;124_53;skos:broader;zthes_BT
124_11;125_34;skos:related;zthes_RT
124_16;124;skos:broader;structural
124_16;124_55;skos:broader;zthes_BT
124_16;121_54;skos:related;zthes_RT
124_16;122_53;skos:related;zthes_RT
124_19;124;skos:broader;structural
124_19;124_38;skos:broader;zthes_BT
124_19;132_49;skos:related;zthes_RT
124_20;124;skos:broader;structural
124_20;124_53;skos:broader;zthes_BT
124_20;123_20;skos:related;zthes_RT
124_20;123_89;skos:related;zthes_RT
124_20;123_99;skos:related;zthes_RT
124_24;124;skos:broader;structural
124_24;124_35;skos:broader;zthes_BT
124_24;131_10;skos:related;zthes_RT
124_24;311_53;skos:related;zthes_RT
124_25;124;skos:broader;structural
124_25;124_35;skos:broader;zthes_BT
124_27;124;skos:broader;structural
124_27;124_57;skos:broader;zthes_BT
124_27;141_79;skos:related;zthes_RT
124_27;224_23;skos:related;zthes_RT
124_27;323_35;skos:related;zthes_RT
124_28;124;skos:broader;structural
124_28;124_38;skos:broader;zthes_BT
124_29;124;skos:broader;structural
124_29;124_38;skos:broader;zthes_BT
124_29;141_32;skos:related;zthes_RT
124_31;124;skos:broader;structural
124_31;124_53;skos:broader;zthes_BT
124_33;124;skos:broader;structural
124_33;124_53;skos:broader;zthes_BT
124_33;112_62;skos:related;zthes_RT
124_33;333_42;skos:related;zthes_RT
124_33;333_75;skos:related;zthes_RT
124_34;124;skos:broader;structural
124_34;124_53;skos:broader;zthes_BT
124_34;122_79;skos:related;zthes_RT
124_34;124_35;skos:related;zthes_RT
124_34;333_42;skos:related;zthes_RT
124_35;124;skos:broader;structural
124_35;124_55;skos:broader;zthes_BT
124_35;121_58;skos:related;zthes_RT
124_35;122_79;skos:related;zthes_RT
124_35;124_34;skos:related;zthes_RT
124_35;321_71;skos:related;zthes_RT
124_35;321_81;skos:related;zthes_RT
124_35;333_33;skos:related;zthes_RT
124_35;333_42;skos:related;zthes_RT
124_35;413_33;skos:related;zthes_RT
124_35;429_96;skos:related;zthes_RT
124_37;124;skos:broader;structural
124_37;124_57;skos:broader;zthes_BT
124_37;224_23;skos:related;zthes_RT
124_38;124;skos:broader;structural
124_38;124_57;skos:broader;zthes_BT
124_39;124;skos:broader;structural
124_39;124_38;skos:broader;zthes_BT
124_40;124;skos:broader;structural
124_40;124_53;skos:broader;zthes_BT
124_46;124;skos:broader;structural
124_46;124_55;skos:broader;zthes_BT
124_51;124;skos:broader;structural
124_51;124_62;skos:broader;zthes_BT
124_53;124;skos:broader;structural
124_53;124_54;skos:broader;zthes_BT
124_53;123_57;skos:related;zthes_RT
124_54;124;skos:broader;structural
124_54;124_55;skos:broader;zthes_BT
124_55;124;skos:broader;structural
124_55;121_63;skos:related;zthes_RT
124_55;323_58;skos:related;zthes_RT
124_55;323_67;skos:related;zthes_RT
124_57;124;skos:broader;structural
124_57;124_55;skos:broader;zthes_BT
124_59;124;skos:broader;structural
124_59;124_57;skos:broader;zthes_BT
124_60;124;skos:broader;structural
124_60;124_62;skos:broader;zthes_BT
124_62;124;skos:broader;structural
124_62;124_53;skos:broader;zthes_BT
124_62;122_69;skos:related;zthes_RT
124_65;124;skos:broader;structural
124_65;124_55;skos:broader;zthes_BT
124_65;121_38;skos:related;zthes_RT
124_67;124;skos:broader;structural
124_67;124_55;skos:broader;zthes_BT
124_68;124;skos:broader;structural
124_68;124_57;skos:broader;zthes_BT
124_70;124;skos:broader;structural
124_70;124_62;skos:broader;zthes_BT
124_70;224_23;skos:related;zthes_RT
124_71;124;skos:broader;structural
124_71;124_62;skos:broader;zthes_BT
124_71;124_82;skos:related;zthes_RT
124_73;124;skos:broader;structural
124_73;124_53;skos:broader;zthes_BT
124_75;124;skos:broader;structural
124_75;124_65;skos:broader;zthes_BT
124_76;124;skos:broader;structural
124_76;124_75;skos:broader;zthes_BT
124_77;124;skos:broader;structural
124_77;124_67;skos:broader;zthes_BT
124_77;121_74;skos:related;zthes_RT
124_77;331_82;skos:related;zthes_RT
124_78;124;skos:broader;structural
124_78;124_67;skos:broader;zthes_BT
124_79;124;skos:broader;structural
124_79;124_67;skos:broader;zthes_BT
124_79;335_49;skos:related;zthes_RT
124_81;124;skos:broader;structural
124_81;124_82;skos:broader;zthes_BT
124_82;124;skos:broader;structural
124_82;124_53;skos:broader;zthes_BT
124_82;121_47;skos:related;zthes_RT
124_82;124_71;skos:related;zthes_RT
124_85;124;skos:broader;structural
124_85;124_75;skos:broader;zthes_BT
124_93;124;skos:broader;structural
124_93;124_75;skos:broader;zthes_BT
124_94;124;skos:broader;structural
124_94;124_75;skos:broader;zthes_BT
124_96;124;skos:broader;structural
124_96;124_85;skos:broader;zthes_BT
124_96;323_71;skos:related;zthes_RT
125_04;125;skos:broader;structural
125_04;125_34;skos:broader;zthes_BT
125_20;125;skos:broader;structural
125_20;125_52;skos:broader;zthes_BT
125_26;125;skos:broader;structural
125_26;125_55;skos:broader;zthes_BT
125_26;121_16;skos:related;zthes_RT
125_26;122_14;skos:related;zthes_RT
125_26;122_37;skos:related;zthes_RT
125_29;125;skos:broader;structural
125_29;125_39;skos:broader;zthes_BT
125_34;125;skos:broader;structural
125_34;125_55;skos:broader;zthes_BT
125_34;121_63;skos:related;zthes_RT
125_34;124_11;skos:related;zthes_RT
125_37;125;skos:broader;structural
125_37;125_55;skos:broader;zthes_BT
125_37;123_80;skos:related;zthes_RT
125_39;125;skos:broader;structural
125_39;125_57;skos:broader;zthes_BT
125_40;125;skos:broader;structural
125_40;125_52;skos:broader;zthes_BT
125_40;123_80;skos:related;zthes_RT
125_42;125;skos:broader;structural
125_42;125_52;skos:broader;zthes_BT
125_42;121_92;skos:related;zthes_RT
125_42;331_95;skos:related;zthes_RT
125_45;125;skos:broader;structural
125_45;125_55;skos:broader;zthes_BT
125_46;125;skos:broader;structural
125_46;125_45;skos:broader;zthes_BT
125_46;222_75;skos:related;zthes_RT
125_51;125;skos:broader;structural
125_51;125_52;skos:broader;zthes_BT
125_51;121_92;skos:related;zthes_RT
125_51;222_02;skos:related;zthes_RT
125_51;222_98;skos:related;zthes_RT
125_51;361_81;skos:related;zthes_RT
125_52;125;skos:broader;structural
125_52;125_55;skos:broader;zthes_BT
125_52;121_63;skos:related;zthes_RT
125_55;125;skos:broader;structural
125_55;121_92;skos:related;zthes_RT
125_55;122_70;skos:related;zthes_RT
125_55;222_63;skos:related;zthes_RT
125_57;125;skos:broader;structural
125_57;125_55;skos:broader;zthes_BT
125_59;125;skos:broader;structural
125_59;125_57;skos:broader;zthes_BT
125_59;222_77;skos:related;zthes_RT
125_63;125;skos:broader;structural
125_63;125_52;skos:broader;zthes_BT
125_63;125_94;skos:related;zthes_RT
125_63;222_60;skos:related;zthes_RT
125_63;222_61;skos:related;zthes_RT
125_65;125;skos:broader;structural
125_65;125_55;skos:broader;zthes_BT
125_65;164_55;skos:related;zthes_RT
125_65;164_63;skos:related;zthes_RT
125_67;125;skos:broader;structural
125_67;125_55;skos:broader;zthes_BT
125_68;125;skos:broader;structural
125_68;125_57;skos:broader;zthes_BT
125_68;121_92;skos:related;zthes_RT
125_68;141_99;skos:related;zthes_RT
125_68;428_05;skos:related;zthes_RT
125_70;125;skos:broader;structural
125_70;125_52;skos:broader;zthes_BT
125_72;125;skos:broader;structural
125_72;125_52;skos:broader;zthes_BT
125_72;361_93;skos:related;zthes_RT
125_83;125;skos:broader;structural
125_83;125_55;skos:broader;zthes_BT
125_83;428_60;skos:related;zthes_RT
125_85;125;skos:broader;structural
125_85;125_65;skos:broader;zthes_BT
125_91;125;skos:broader;structural
125_91;125_92;skos:broader;zthes_BT
125_92;125;skos:broader;structural
125_92;125_72;skos:broader;zthes_BT
125_93;125;skos:broader;structural
125_93;125_92;skos:broader;zthes_BT
125_94;125;skos:broader;structural
125_94;125_55;skos:broader;zthes_BT
125_94;125_63;skos:related;zthes_RT
125_94;222_61;skos:related;zthes_RT
125_95;125;skos:broader;structural
125_95;125_85;skos:broader;zthes_BT
125_96;125;skos:broader;structural
125_96;125_85;skos:broader;zthes_BT
131_07;131;skos:broader;structural
131_07;131_36;skos:broader;zthes_BT
131_07;112_85;skos:related;zthes_RT
131_07;134_27;skos:related;zthes_RT
131_07;332_80;skos:related;zthes_RT
131_10;131;skos:broader;structural
131_10;131_42;skos:broader;zthes_BT
131_10;124_24;skos:related;zthes_RT
131_14;131;skos:broader;structural
131_14;131_24;skos:broader;zthes_BT
131_14;132_91;skos:related;zthes_RT
131_20;131;skos:broader;structural
131_20;131_42;skos:broader;zthes_BT
131_20;124_07;skos:related;zthes_RT
131_23;131;skos:broader;structural
131_23;131_43;skos:broader;zthes_BT
131_23;132_50;skos:related;zthes_RT
131_24;131;skos:broader;structural
131_24;131_55;skos:broader;zthes_BT
131_30;131;skos:broader;structural
131_30;131_42;skos:broader;zthes_BT
131_36;131;skos:broader;structural
131_36;131_55;skos:broader;zthes_BT
131_36;134_27;skos:related;zthes_RT
131_37;131;skos:broader;structural
131_37;131_55;skos:broader;zthes_BT
131_37;333_63;skos:related;zthes_RT
131_37;335_24;skos:related;zthes_RT
131_37;335_33;skos:related;zthes_RT
131_38;131;skos:broader;structural
131_38;131_55;skos:broader;zthes_BT
131_39;131;skos:broader;structural
131_39;131_55;skos:broader;zthes_BT
131_40;131;skos:broader;structural
131_40;131_42;skos:broader;zthes_BT
131_40;322_17;skos:related;zthes_RT
131_40;322_26;skos:related;zthes_RT
131_42;131;skos:broader;structural
131_42;131_43;skos:broader;zthes_BT
131_43;131;skos:broader;structural
131_43;131_64;skos:broader;zthes_BT
131_45;131;skos:broader;structural
131_45;131_55;skos:broader;zthes_BT
131_45;331_47;skos:related;zthes_RT
131_47;131;skos:broader;structural
131_47;131_56;skos:broader;zthes_BT
131_48;131;skos:broader;structural
131_48;131_55;skos:broader;zthes_BT
131_48;132_03;skos:related;zthes_RT
131_49;131;skos:broader;structural
131_49;131_55;skos:broader;zthes_BT
131_49;113_24;skos:related;zthes_RT
131_50;131;skos:broader;structural
131_50;131_42;skos:broader;zthes_BT
131_50;335_67;skos:related;zthes_RT
131_53;131;skos:broader;structural
131_53;131_64;skos:broader;zthes_BT
131_55;131;skos:broader;structural
131_55;132_43;skos:related;zthes_RT
131_55;334_41;skos:related;zthes_RT
131_55;334_53;skos:related;zthes_RT
131_56;131;skos:broader;structural
131_56;131_55;skos:broader;zthes_BT
131_56;111_83;skos:related;zthes_RT
131_56;131_65;skos:related;zthes_RT
131_56;131_67;skos:related;zthes_RT
131_56;134_87;skos:related;zthes_RT
131_58;131;skos:broader;structural
131_58;131_55;skos:broader;zthes_BT
131_60;131;skos:broader;structural
131_60;131_42;skos:broader;zthes_BT
131_60;112_72;skos:related;zthes_RT
131_60;311_83;skos:related;zthes_RT
131_62;131;skos:broader;structural
131_62;131_53;skos:broader;zthes_BT
131_62;131_71;skos:related;zthes_RT
131_64;131;skos:broader;structural
131_64;131_65;skos:broader;zthes_BT
131_65;131;skos:broader;structural
131_65;131_55;skos:broader;zthes_BT
131_65;131_56;skos:related;zthes_RT
131_67;131;skos:broader;structural
131_67;131_55;skos:broader;zthes_BT
131_67;131_56;skos:related;zthes_RT
131_67;134_44;skos:related;zthes_RT
131_67;331_49;skos:related;zthes_RT
131_67;332_04;skos:related;zthes_RT
131_67;332_06;skos:related;zthes_RT
131_67;332_25;skos:related;zthes_RT
131_68;131;skos:broader;structural
131_68;131_67;skos:broader;zthes_BT
131_68;111_75;skos:related;zthes_RT
131_71;131;skos:broader;structural
131_71;131_64;skos:broader;zthes_BT
131_71;131_62;skos:related;zthes_RT
131_71;131_82;skos:related;zthes_RT
131_72;131;skos:broader;structural
131_72;131_73;skos:broader;zthes_BT
131_73;131;skos:broader;structural
131_73;131_64;skos:broader;zthes_BT
131_73;134_10;skos:related;zthes_RT
131_75;131;skos:broader;structural
131_75;131_65;skos:broader;zthes_BT
131_76;131;skos:broader;structural
131_76;131_65;skos:broader;zthes_BT
131_76;132_87;skos:related;zthes_RT
131_76;132_97;skos:related;zthes_RT
131_76;132_99;skos:related;zthes_RT
131_76;134_35;skos:related;zthes_RT
131_76;134_53;skos:related;zthes_RT
131_76;134_55;skos:related;zthes_RT
131_76;134_63;skos:related;zthes_RT
131_76;335_67;skos:related;zthes_RT
131_77;131;skos:broader;structural
131_77;131_55;skos:broader;zthes_BT
131_77;131_87;skos:related;zthes_RT
131_78;131;skos:broader;structural
131_78;131_67;skos:broader;zthes_BT
131_79;131;skos:broader;structural
131_79;131_67;skos:broader;zthes_BT
131_80;131;skos:broader;structural
131_80;131_91;skos:broader;zthes_BT
131_80;134_03;skos:related;zthes_RT
131_82;131;skos:broader;structural
131_82;131_73;skos:broader;zthes_BT
131_82;131_71;skos:related;zthes_RT
131_83;131;skos:broader;structural
131_83;131_73;skos:broader;zthes_BT
131_85;131;skos:broader;structural
131_85;131_65;skos:broader;zthes_BT
131_86;131;skos:broader;structural
131_86;131_65;skos:broader;zthes_BT
131_86;111_72;skos:related;zthes_RT
131_86;342_51;skos:related;zthes_RT
131_87;131;skos:broader;structural
131_87;131_76;skos:broader;zthes_BT
131_87;131_77;skos:related;zthes_RT
131_87;331_38;skos:related;zthes_RT
131_88;131;skos:broader;structural
131_88;131_78;skos:broader;zthes_BT
131_89;131;skos:broader;structural
131_89;131_78;skos:broader;zthes_BT
131_90;131;skos:broader;structural
131_90;131_91;skos:broader;zthes_BT
131_90;323_35;skos:related;zthes_RT
131_90;335_39;skos:related;zthes_RT
131_91;131;skos:broader;structural
131_91;131_82;skos:broader;zthes_BT
131_91;132_88;skos:related;zthes_RT
131_91;335_19;skos:related;zthes_RT
131_93;131;skos:broader;structural
131_93;131_83;skos:broader;zthes_BT
131_93;112_98;skos:related;zthes_RT
131_93;134_93;skos:related;zthes_RT
131_93;335_55;skos:related;zthes_RT
131_99;131;skos:broader;structural
131_99;131_88;skos:broader;zthes_BT
131_99;211_55;skos:related;zthes_RT
132_00;132;skos:broader;structural
132_00;132_11;skos:broader;zthes_BT
132_03;132;skos:broader;structural
132_03;132_13;skos:broader;zthes_BT
132_03;131_48;skos:related;zthes_RT
132_03;334_20;skos:related;zthes_RT
132_04;132;skos:broader;structural
132_04;132_13;skos:broader;zthes_BT
132_07;132;skos:broader;structural
132_07;132_27;skos:broader;zthes_BT
132_09;132;skos:broader;structural
132_09;132_18;skos:broader;zthes_BT
132_10;132;skos:broader;structural
132_10;132_11;skos:broader;zthes_BT
132_11;132;skos:broader;structural
132_11;132_43;skos:broader;zthes_BT
132_11;134_20;skos:related;zthes_RT
132_12;132;skos:broader;structural
132_12;132_13;skos:broader;zthes_BT
132_13;132;skos:broader;structural
132_13;132_25;skos:broader;zthes_BT
132_15;132;skos:broader;structural
132_15;132_25;skos:broader;zthes_BT
132_18;132;skos:broader;structural
132_18;132_38;skos:broader;zthes_BT
132_21;132;skos:broader;structural
132_21;132_43;skos:broader;zthes_BT
132_25;132;skos:broader;structural
132_25;132_45;skos:broader;zthes_BT
132_27;132;skos:broader;structural
132_27;132_36;skos:broader;zthes_BT
132_29;132;skos:broader;structural
132_29;132_38;skos:broader;zthes_BT
132_31;132;skos:broader;structural
132_31;132_43;skos:broader;zthes_BT
132_33;132;skos:broader;structural
132_33;132_43;skos:broader;zthes_BT
132_33;113_37;skos:related;zthes_RT
132_34;132;skos:broader;structural
132_34;132_45;skos:broader;zthes_BT
132_36;132;skos:broader;structural
132_36;132_45;skos:broader;zthes_BT
132_38;132;skos:broader;structural
132_38;132_55;skos:broader;zthes_BT
132_39;132;skos:broader;structural
132_39;132_38;skos:broader;zthes_BT
132_40;132;skos:broader;structural
132_40;132_52;skos:broader;zthes_BT
132_43;132;skos:broader;structural
132_43;132_55;skos:broader;zthes_BT
132_43;131_55;skos:related;zthes_RT
132_43;133_55;skos:related;zthes_RT
132_44;132;skos:broader;structural
132_44;132_55;skos:broader;zthes_BT
132_45;132;skos:broader;structural
132_45;132_55;skos:broader;zthes_BT
132_46;132;skos:broader;structural
132_46;132_55;skos:broader;zthes_BT
132_47;132;skos:broader;structural
132_47;132_55;skos:broader;zthes_BT
132_49;132;skos:broader;structural
132_49;132_38;skos:broader;zthes_BT
132_49;124_19;skos:related;zthes_RT
132_50;132;skos:broader;structural
132_50;132_52;skos:broader;zthes_BT
132_50;131_23;skos:related;zthes_RT
132_52;132;skos:broader;structural
132_52;132_43;skos:broader;zthes_BT
132_54;132;skos:broader;structural
132_54;132_55;skos:broader;zthes_BT
132_54;112_28;skos:related;zthes_RT
132_54;112_85;skos:related;zthes_RT
132_54;132_64;skos:related;zthes_RT
132_55;132;skos:broader;structural
132_55;133_57;skos:related;zthes_RT
132_55;332_28;skos:related;zthes_RT
132_57;132;skos:broader;structural
132_57;132_55;skos:broader;zthes_BT
132_57;334_53;skos:related;zthes_RT
132_61;132;skos:broader;structural
132_61;132_73;skos:broader;zthes_BT
132_63;132;skos:broader;structural
132_63;132_55;skos:broader;zthes_BT
132_63;342_51;skos:related;zthes_RT
132_63;342_55;skos:related;zthes_RT
132_64;132;skos:broader;structural
132_64;132_75;skos:broader;zthes_BT
132_64;132_54;skos:related;zthes_RT
132_66;132;skos:broader;structural
132_66;132_75;skos:broader;zthes_BT
132_66;133_53;skos:related;zthes_RT
132_67;132;skos:broader;structural
132_67;132_55;skos:broader;zthes_BT
132_67;322_65;skos:related;zthes_RT
132_67;334_41;skos:related;zthes_RT
132_69;132;skos:broader;structural
132_69;132_55;skos:broader;zthes_BT
132_70;132;skos:broader;structural
132_70;132_72;skos:broader;zthes_BT
132_72;132;skos:broader;structural
132_72;132_73;skos:broader;zthes_BT
132_72;134_22;skos:related;zthes_RT
132_73;132;skos:broader;structural
132_73;132_75;skos:broader;zthes_BT
132_75;132;skos:broader;structural
132_75;132_55;skos:broader;zthes_BT
132_79;132;skos:broader;structural
132_79;132_75;skos:broader;zthes_BT
132_81;132;skos:broader;structural
132_81;132_72;skos:broader;zthes_BT
132_83;132;skos:broader;structural
132_83;132_73;skos:broader;zthes_BT
132_85;132;skos:broader;structural
132_85;132_75;skos:broader;zthes_BT
132_87;132;skos:broader;structural
132_87;132_75;skos:broader;zthes_BT
132_87;131_76;skos:related;zthes_RT
132_88;132;skos:broader;structural
132_88;132_87;skos:broader;zthes_BT
132_88;131_91;skos:related;zthes_RT
132_88;335_19;skos:related;zthes_RT
132_90;132;skos:broader;structural
132_90;132_81;skos:broader;zthes_BT
132_90;133_79;skos:related;zthes_RT
132_91;132;skos:broader;structural
132_91;132_72;skos:broader;zthes_BT
132_91;131_14;skos:related;zthes_RT
132_91;335_08;skos:related;zthes_RT
132_92;132;skos:broader;structural
132_92;132_72;skos:broader;zthes_BT
132_93;132;skos:broader;structural
132_93;132_83;skos:broader;zthes_BT
132_93;141_69;skos:related;zthes_RT
132_95;132;skos:broader;structural
132_95;132_75;skos:broader;zthes_BT
132_97;132;skos:broader;structural
132_97;132_87;skos:broader;zthes_BT
132_97;131_76;skos:related;zthes_RT
132_99;132;skos:broader;structural
132_99;132_87;skos:broader;zthes_BT
132_99;131_76;skos:related;zthes_RT
133_04;133;skos:broader;structural
133_04;133_25;skos:broader;zthes_BT
133_08;133;skos:broader;structural
133_08;133_18;skos:broader;zthes_BT
133_18;133;skos:broader;structural
133_18;133_29;skos:broader;zthes_BT
133_19;133;skos:broader;structural
133_19;133_29;skos:broader;zthes_BT
133_22;133;skos:broader;structural
133_22;133_42;skos:broader;zthes_BT
133_24;133;skos:broader;structural
133_24;133_55;skos:broader;zthes_BT
133_25;133;skos:broader;structural
133_25;133_55;skos:broader;zthes_BT
133_27;133;skos:broader;structural
133_27;133_47;skos:broader;zthes_BT
133_28;133;skos:broader;structural
133_28;133_47;skos:broader;zthes_BT
133_29;133;skos:broader;structural
133_29;133_47;skos:broader;zthes_BT
133_33;133;skos:broader;structural
133_33;133_55;skos:broader;zthes_BT
133_34;133;skos:broader;structural
133_34;133_55;skos:broader;zthes_BT
133_36;133;skos:broader;structural
133_36;133_47;skos:broader;zthes_BT
133_39;133;skos:broader;structural
133_39;133_47;skos:broader;zthes_BT
133_40;133;skos:broader;structural
133_40;133_42;skos:broader;zthes_BT
133_40;332_34;skos:related;zthes_RT
133_42;133;skos:broader;structural
133_42;133_55;skos:broader;zthes_BT
133_42;113_16;skos:related;zthes_RT
133_47;133;skos:broader;structural
133_47;133_57;skos:broader;zthes_BT
133_53;133;skos:broader;structural
133_53;133_55;skos:broader;zthes_BT
133_53;113_63;skos:related;zthes_RT
133_53;132_66;skos:related;zthes_RT
133_55;133;skos:broader;structural
133_55;113_18;skos:related;zthes_RT
133_55;132_43;skos:related;zthes_RT
133_57;133;skos:broader;structural
133_57;133_55;skos:broader;zthes_BT
133_57;132_55;skos:related;zthes_RT
133_59;133;skos:broader;structural
133_59;133_57;skos:broader;zthes_BT
133_68;133;skos:broader;structural
133_68;133_57;skos:broader;zthes_BT
133_79;133;skos:broader;structural
133_79;133_68;skos:broader;zthes_BT
133_79;132_90;skos:related;zthes_RT
133_79;141_00;skos:related;zthes_RT
133_79;141_01;skos:related;zthes_RT
133_85;133;skos:broader;structural
133_85;133_55;skos:broader;zthes_BT
133_87;133;skos:broader;structural
133_87;133_55;skos:broader;zthes_BT
133_93;133;skos:broader;structural
133_93;133_55;skos:broader;zthes_BT
133_94;133;skos:broader;structural
133_94;133_55;skos:broader;zthes_BT
134_02;134;skos:broader;structural
134_02;134_12;skos:broader;zthes_BT
134_03;134;skos:broader;structural
134_03;134_14;skos:broader;zthes_BT
134_03;131_80;skos:related;zthes_RT
134_04;134;skos:broader;structural
134_04;134_14;skos:broader;zthes_BT
134_06;134;skos:broader;structural
134_06;134_35;skos:broader;zthes_BT
134_10;134;skos:broader;structural
134_10;134_22;skos:broader;zthes_BT
134_10;131_73;skos:related;zthes_RT
134_12;134;skos:broader;structural
134_12;134_22;skos:broader;zthes_BT
134_14;134;skos:broader;structural
134_14;134_35;skos:broader;zthes_BT
134_15;134;skos:broader;structural
134_15;134_25;skos:broader;zthes_BT
134_15;428_91;skos:related;zthes_RT
134_16;134;skos:broader;structural
134_16;134_35;skos:broader;zthes_BT
134_17;134;skos:broader;structural
134_17;134_35;skos:broader;zthes_BT
134_20;134;skos:broader;structural
134_20;134_22;skos:broader;zthes_BT
134_20;132_11;skos:related;zthes_RT
134_22;134;skos:broader;structural
134_22;134_35;skos:broader;zthes_BT
134_22;132_72;skos:related;zthes_RT
134_22;134_77;skos:related;zthes_RT
134_24;134;skos:broader;structural
134_24;134_35;skos:broader;zthes_BT
134_25;134;skos:broader;structural
134_25;134_35;skos:broader;zthes_BT
134_26;134;skos:broader;structural
134_26;134_35;skos:broader;zthes_BT
134_27;134;skos:broader;structural
134_27;134_35;skos:broader;zthes_BT
134_27;131_07;skos:related;zthes_RT
134_27;131_36;skos:related;zthes_RT
134_30;134;skos:broader;structural
134_30;134_20;skos:broader;zthes_BT
134_32;134;skos:broader;structural
134_32;134_22;skos:broader;zthes_BT
134_32;322_83;skos:related;zthes_RT
134_33;134;skos:broader;structural
134_33;134_55;skos:broader;zthes_BT
134_34;134;skos:broader;structural
134_34;134_35;skos:broader;zthes_BT
134_34;333_73;skos:related;zthes_RT
134_35;134;skos:broader;structural
134_35;134_55;skos:broader;zthes_BT
134_35;131_76;skos:related;zthes_RT
134_36;134;skos:broader;structural
134_36;134_35;skos:broader;zthes_BT
134_37;134;skos:broader;structural
134_37;134_35;skos:broader;zthes_BT
134_43;134;skos:broader;structural
134_43;134_53;skos:broader;zthes_BT
134_44;134;skos:broader;structural
134_44;134_55;skos:broader;zthes_BT
134_44;131_67;skos:related;zthes_RT
134_44;331_49;skos:related;zthes_RT
134_53;134;skos:broader;structural
134_53;134_54;skos:broader;zthes_BT
134_53;131_76;skos:related;zthes_RT
134_54;134;skos:broader;structural
134_54;134_55;skos:broader;zthes_BT
134_54;333_73;skos:related;zthes_RT
134_55;134;skos:broader;structural
134_55;131_76;skos:related;zthes_RT
134_55;333_73;skos:related;zthes_RT
134_55;335_39;skos:related;zthes_RT
134_55;335_46;skos:related;zthes_RT
134_55;335_55;skos:related;zthes_RT
134_55;335_65;skos:related;zthes_RT
134_58;134;skos:broader;structural
134_58;134_55;skos:broader;zthes_BT
134_59;134;skos:broader;structural
134_59;134_58;skos:broader;zthes_BT
134_62;134;skos:broader;structural
134_62;134_73;skos:broader;zthes_BT
134_63;134;skos:broader;structural
134_63;134_54;skos:broader;zthes_BT
134_63;131_76;skos:related;zthes_RT
134_63;134_73;skos:related;zthes_RT
134_63;335_55;skos:related;zthes_RT
134_67;134;skos:broader;structural
134_67;134_55;skos:broader;zthes_BT
134_67;323_74;skos:related;zthes_RT
134_72;134;skos:broader;structural
134_72;134_73;skos:broader;zthes_BT
134_73;134;skos:broader;structural
134_73;134_54;skos:broader;zthes_BT
134_73;134_63;skos:related;zthes_RT
134_77;134;skos:broader;structural
134_77;134_55;skos:broader;zthes_BT
134_77;134_22;skos:related;zthes_RT
134_79;134;skos:broader;structural
134_79;134_77;skos:broader;zthes_BT
134_82;134;skos:broader;structural
134_82;134_73;skos:broader;zthes_BT
134_84;134;skos:broader;structural
134_84;134_73;skos:broader;zthes_BT
134_84;333_75;skos:related;zthes_RT
134_87;134;skos:broader;structural
134_87;134_77;skos:broader;zthes_BT
134_87;131_56;skos:related;zthes_RT
134_88;134;skos:broader;structural
134_88;134_77;skos:broader;zthes_BT
134_89;134;skos:broader;structural
134_89;134_77;skos:broader;zthes_BT
134_92;134;skos:broader;structural
134_92;134_73;skos:broader;zthes_BT
134_93;134;skos:broader;structural
134_93;134_73;skos:broader;zthes_BT
134_93;131_93;skos:related;zthes_RT
134_96;134;skos:broader;structural
134_96;134_55;skos:broader;zthes_BT
141_00;141;skos:broader;structural
141_00;141_01;skos:broader;zthes_BT
141_00;133_79;skos:related;zthes_RT
141_00;141_20;skos:related;zthes_RT
141_01;141;skos:broader;structural
141_01;141_22;skos:broader;zthes_BT
141_01;133_79;skos:related;zthes_RT
141_03;141;skos:broader;structural
141_03;141_33;skos:broader;zthes_BT
141_10;141;skos:broader;structural
141_10;141_20;skos:broader;zthes_BT
141_11;141;skos:broader;structural
141_11;141_22;skos:broader;zthes_BT
141_12;141;skos:broader;structural
141_12;141_33;skos:broader;zthes_BT
141_13;141;skos:broader;structural
141_13;141_33;skos:broader;zthes_BT
141_14;141;skos:broader;structural
141_14;141_34;skos:broader;zthes_BT
141_16;141;skos:broader;structural
141_16;141_35;skos:broader;zthes_BT
141_16;161_73;skos:related;zthes_RT
141_16;162_92;skos:related;zthes_RT
141_16;164_31;skos:related;zthes_RT
141_20;141;skos:broader;structural
141_20;141_11;skos:broader;zthes_BT
141_20;141_00;skos:related;zthes_RT
141_20;428_28;skos:related;zthes_RT
141_21;141;skos:broader;structural
141_21;141_22;skos:broader;zthes_BT
141_21;121_06;skos:related;zthes_RT
141_22;141;skos:broader;structural
141_22;141_33;skos:broader;zthes_BT
141_22;122_89;skos:related;zthes_RT
141_22;123_01;skos:related;zthes_RT
141_24;141;skos:broader;structural
141_24;141_35;skos:broader;zthes_BT
141_25;141;skos:broader;structural
141_25;141_35;skos:broader;zthes_BT
141_28;141;skos:broader;structural
141_28;141_55;skos:broader;zthes_BT
141_31;141;skos:broader;structural
141_31;141_22;skos:broader;zthes_BT
141_31;121_16;skos:related;zthes_RT
141_31;124_02;skos:related;zthes_RT
141_32;141;skos:broader;structural
141_32;141_33;skos:broader;zthes_BT
141_32;124_29;skos:related;zthes_RT
141_33;141;skos:broader;structural
141_33;141_43;skos:broader;zthes_BT
141_33;211_32;skos:related;zthes_RT
141_34;141;skos:broader;structural
141_34;141_43;skos:broader;zthes_BT
141_35;141;skos:broader;structural
141_35;141_55;skos:broader;zthes_BT
141_36;141;skos:broader;structural
141_36;141_55;skos:broader;zthes_BT
141_36;161_93;skos:related;zthes_RT
141_36;162_63;skos:related;zthes_RT
141_41;141;skos:broader;structural
141_41;141_51;skos:broader;zthes_BT
141_43;141;skos:broader;structural
141_43;141_55;skos:broader;zthes_BT
141_43;111_65;skos:related;zthes_RT
141_43;121_36;skos:related;zthes_RT
141_43;123_50;skos:related;zthes_RT
141_43;143_55;skos:related;zthes_RT
141_43;223_62;skos:related;zthes_RT
141_43;341_55;skos:related;zthes_RT
141_49;141;skos:broader;structural
141_49;141_57;skos:broader;zthes_BT
141_50;141;skos:broader;structural
141_50;141_51;skos:broader;zthes_BT
141_51;141;skos:broader;structural
141_51;141_52;skos:broader;zthes_BT
141_52;141;skos:broader;structural
141_52;141_55;skos:broader;zthes_BT
141_52;142_55;skos:related;zthes_RT
141_53;141;skos:broader;structural
141_53;141_55;skos:broader;zthes_BT
141_55;141;skos:broader;structural
141_55;112_62;skos:related;zthes_RT
141_55;113_51;skos:related;zthes_RT
141_55;121_36;skos:related;zthes_RT
141_55;331_06;skos:related;zthes_RT
141_55;331_17;skos:related;zthes_RT
141_55;332_81;skos:related;zthes_RT
141_55;332_83;skos:related;zthes_RT
141_57;141;skos:broader;structural
141_57;141_55;skos:broader;zthes_BT
141_57;142_43;skos:related;zthes_RT
141_57;422_34;skos:related;zthes_RT
141_59;141;skos:broader;structural
141_59;141_57;skos:broader;zthes_BT
141_60;141;skos:broader;structural
141_60;141_52;skos:broader;zthes_BT
141_61;141;skos:broader;structural
141_61;141_52;skos:broader;zthes_BT
141_61;213_51;skos:related;zthes_RT
141_62;141;skos:broader;structural
141_62;141_52;skos:broader;zthes_BT
141_63;141;skos:broader;structural
141_63;141_55;skos:broader;zthes_BT
141_63;213_51;skos:related;zthes_RT
141_64;141;skos:broader;structural
141_64;141_55;skos:broader;zthes_BT
141_64;141_74;skos:related;zthes_RT
141_66;141;skos:broader;structural
141_66;141_55;skos:broader;zthes_BT
141_66;113_24;skos:related;zthes_RT
141_66;141_76;skos:related;zthes_RT
141_69;141;skos:broader;structural
141_69;141_57;skos:broader;zthes_BT
141_69;132_93;skos:related;zthes_RT
141_74;141;skos:broader;structural
141_74;141_75;skos:broader;zthes_BT
141_74;141_64;skos:related;zthes_RT
141_75;141;skos:broader;structural
141_75;141_55;skos:broader;zthes_BT
141_75;141_86;skos:related;zthes_RT
141_75;428_32;skos:related;zthes_RT
141_76;141;skos:broader;structural
141_76;141_75;skos:broader;zthes_BT
141_76;121_32;skos:related;zthes_RT
141_76;141_66;skos:related;zthes_RT
141_76;151_75;skos:related;zthes_RT
141_77;141;skos:broader;structural
141_77;141_76;skos:broader;zthes_BT
141_77;121_71;skos:related;zthes_RT
141_79;141;skos:broader;structural
141_79;141_57;skos:broader;zthes_BT
141_79;124_27;skos:related;zthes_RT
141_79;428_36;skos:related;zthes_RT
141_82;141;skos:broader;structural
141_82;141_62;skos:broader;zthes_BT
141_82;121_32;skos:related;zthes_RT
141_84;141;skos:broader;structural
141_84;141_75;skos:broader;zthes_BT
141_86;141;skos:broader;structural
141_86;141_87;skos:broader;zthes_BT
141_86;141_75;skos:related;zthes_RT
141_86;213_51;skos:related;zthes_RT
141_87;141;skos:broader;structural
141_87;141_75;skos:broader;zthes_BT
141_87;151_57;skos:related;zthes_RT
141_87;361_92;skos:related;zthes_RT
141_91;141;skos:broader;structural
141_91;141_82;skos:broader;zthes_BT
141_92;141;skos:broader;structural
141_92;141_82;skos:broader;zthes_BT
141_93;141;skos:broader;structural
141_93;141_82;skos:broader;zthes_BT
141_96;141;skos:broader;structural
141_96;141_87;skos:broader;zthes_BT
141_96;161_01;skos:related;zthes_RT
141_98;141;skos:broader;structural
141_98;141_87;skos:broader;zthes_BT
141_98;224_93;skos:related;zthes_RT
141_99;141;skos:broader;structural
141_99;141_76;skos:broader;zthes_BT
141_99;125_68;skos:related;zthes_RT
141_99;428_05;skos:related;zthes_RT
142_14;142;skos:broader;structural
142_14;142_43;skos:broader;zthes_BT
142_24;142;skos:broader;structural
142_24;142_43;skos:broader;zthes_BT
142_26;142;skos:broader;structural
142_26;142_46;skos:broader;zthes_BT
142_26;152_81;skos:related;zthes_RT
142_28;142;skos:broader;structural
142_28;142_37;skos:broader;zthes_BT
142_32;142;skos:broader;structural
142_32;142_43;skos:broader;zthes_BT
142_32;422_35;skos:related;zthes_RT
142_34;142;skos:broader;structural
142_34;142_46;skos:broader;zthes_BT
142_37;142;skos:broader;structural
142_37;142_46;skos:broader;zthes_BT
142_43;142;skos:broader;structural
142_43;142_55;skos:broader;zthes_BT
142_43;141_57;skos:related;zthes_RT
142_43;152_34;skos:related;zthes_RT
142_43;422_56;skos:related;zthes_RT
142_44;142;skos:broader;structural
142_44;142_55;skos:broader;zthes_BT
142_44;111_40;skos:related;zthes_RT
142_45;142;skos:broader;structural
142_45;142_55;skos:broader;zthes_BT
142_45;111_40;skos:related;zthes_RT
142_45;142_46;skos:related;zthes_RT
142_46;142;skos:broader;structural
142_46;142_55;skos:broader;zthes_BT
142_46;142_45;skos:related;zthes_RT
142_46;213_51;skos:related;zthes_RT
142_48;142;skos:broader;structural
142_48;142_58;skos:broader;zthes_BT
142_48;113_51;skos:related;zthes_RT
142_55;142;skos:broader;structural
142_55;141_52;skos:related;zthes_RT
142_55;152_55;skos:related;zthes_RT
142_58;142;skos:broader;structural
142_58;142_68;skos:broader;zthes_BT
142_58;412_31;skos:related;zthes_RT
142_58;413_41;skos:related;zthes_RT
142_59;142;skos:broader;structural
142_59;142_68;skos:broader;zthes_BT
142_61;142;skos:broader;structural
142_61;142_63;skos:broader;zthes_BT
142_61;152_57;skos:related;zthes_RT
142_61;213_49;skos:related;zthes_RT
142_63;142;skos:broader;structural
142_63;142_55;skos:broader;zthes_BT
142_68;142;skos:broader;structural
142_68;142_55;skos:broader;zthes_BT
142_68;113_51;skos:related;zthes_RT
142_69;142;skos:broader;structural
142_69;142_68;skos:broader;zthes_BT
142_70;142;skos:broader;structural
142_70;142_73;skos:broader;zthes_BT
142_71;142;skos:broader;structural
142_71;142_73;skos:broader;zthes_BT
142_73;142;skos:broader;structural
142_73;142_55;skos:broader;zthes_BT
142_75;142;skos:broader;structural
142_75;142_55;skos:broader;zthes_BT
142_75;152_43;skos:related;zthes_RT
142_75;311_83;skos:related;zthes_RT
142_75;341_55;skos:related;zthes_RT
142_76;142;skos:broader;structural
142_76;142_55;skos:broader;zthes_BT
142_79;142;skos:broader;structural
142_79;142_68;skos:broader;zthes_BT
142_79;212_84;skos:related;zthes_RT
142_85;142;skos:broader;structural
142_85;142_75;skos:broader;zthes_BT
142_85;421_20;skos:related;zthes_RT
142_92;142;skos:broader;structural
142_92;142_73;skos:broader;zthes_BT
142_93;142;skos:broader;structural
142_93;142_73;skos:broader;zthes_BT
143_10;143;skos:broader;structural
143_10;143_21;skos:broader;zthes_BT
143_12;143;skos:broader;structural
143_12;143_42;skos:broader;zthes_BT
143_13;143;skos:broader;structural
143_13;143_23;skos:broader;zthes_BT
143_21;143;skos:broader;structural
143_21;143_42;skos:broader;zthes_BT
143_23;143;skos:broader;structural
143_23;143_55;skos:broader;zthes_BT
143_25;143;skos:broader;structural
143_25;143_35;skos:broader;zthes_BT
143_25;143_26;skos:related;zthes_RT
143_25;341_88;skos:related;zthes_RT
143_25;422_71;skos:related;zthes_RT
143_26;143;skos:broader;structural
143_26;143_35;skos:broader;zthes_BT
143_26;143_25;skos:related;zthes_RT
143_27;143;skos:broader;structural
143_27;143_25;skos:broader;zthes_BT
143_30;143;skos:broader;structural
143_30;143_40;skos:broader;zthes_BT
143_33;143;skos:broader;structural
143_33;143_55;skos:broader;zthes_BT
143_35;143;skos:broader;structural
143_35;143_55;skos:broader;zthes_BT
143_35;143_37;skos:related;zthes_RT
143_35;322_68;skos:related;zthes_RT
143_37;143;skos:broader;structural
143_37;143_38;skos:broader;zthes_BT
143_37;143_35;skos:related;zthes_RT
143_38;143;skos:broader;structural
143_38;143_55;skos:broader;zthes_BT
143_40;143;skos:broader;structural
143_40;143_41;skos:broader;zthes_BT
143_41;143;skos:broader;structural
143_41;143_42;skos:broader;zthes_BT
143_41;422_43;skos:related;zthes_RT
143_42;143;skos:broader;structural
143_42;143_55;skos:broader;zthes_BT
143_47;143;skos:broader;structural
143_47;143_55;skos:broader;zthes_BT
143_47;422_50;skos:related;zthes_RT
143_50;143;skos:broader;structural
143_50;143_61;skos:broader;zthes_BT
143_53;143;skos:broader;structural
143_53;143_61;skos:broader;zthes_BT
143_55;143;skos:broader;structural
143_55;123_50;skos:related;zthes_RT
143_55;141_43;skos:related;zthes_RT
143_55;322_57;skos:related;zthes_RT
143_55;341_88;skos:related;zthes_RT
143_55;428_66;skos:related;zthes_RT
143_57;143;skos:broader;structural
143_57;143_55;skos:broader;zthes_BT
143_57;422_51;skos:related;zthes_RT
143_59;143;skos:broader;structural
143_59;143_57;skos:broader;zthes_BT
143_60;143;skos:broader;structural
143_60;143_61;skos:broader;zthes_BT
143_61;143;skos:broader;structural
143_61;143_63;skos:broader;zthes_BT
143_63;143;skos:broader;structural
143_63;143_55;skos:broader;zthes_BT
143_67;143;skos:broader;structural
143_67;143_57;skos:broader;zthes_BT
143_69;143;skos:broader;structural
143_69;143_57;skos:broader;zthes_BT
143_74;143;skos:broader;structural
143_74;143_55;skos:broader;zthes_BT
143_76;143;skos:broader;structural
143_76;143_55;skos:broader;zthes_BT
143_82;143;skos:broader;structural
143_82;143_55;skos:broader;zthes_BT
143_85;143;skos:broader;structural
143_85;143_55;skos:broader;zthes_BT
143_85;341_23;skos:related;zthes_RT
143_85;341_88;skos:related;zthes_RT
143_90;143;skos:broader;structural
143_90;143_82;skos:broader;zthes_BT
143_91;143;skos:broader;structural
143_91;143_82;skos:broader;zthes_BT
151_34;151;skos:broader;structural
151_34;151_55;skos:broader;zthes_BT
151_34;151_35;skos:related;zthes_RT
151_34;151_43;skos:related;zthes_RT
151_34;333_86;skos:related;zthes_RT
151_35;151;skos:broader;structural
151_35;151_55;skos:broader;zthes_BT
151_35;151_34;skos:related;zthes_RT
151_35;323_71;skos:related;zthes_RT
151_36;151;skos:broader;structural
151_36;151_55;skos:broader;zthes_BT
151_37;151;skos:broader;structural
151_37;151_55;skos:broader;zthes_BT
151_37;113_75;skos:related;zthes_RT
151_37;223_55;skos:related;zthes_RT
151_43;151;skos:broader;structural
151_43;151_55;skos:broader;zthes_BT
151_43;112_86;skos:related;zthes_RT
151_43;151_34;skos:related;zthes_RT
151_43;163_26;skos:related;zthes_RT
151_43;163_27;skos:related;zthes_RT
151_48;151;skos:broader;structural
151_48;151_57;skos:broader;zthes_BT
151_48;342_14;skos:related;zthes_RT
151_53;151;skos:broader;structural
151_53;151_55;skos:broader;zthes_BT
151_55;151;skos:broader;structural
151_55;111_82;skos:related;zthes_RT
151_55;112_86;skos:related;zthes_RT
151_57;151;skos:broader;structural
151_57;151_55;skos:broader;zthes_BT
151_57;112_90;skos:related;zthes_RT
151_57;141_87;skos:related;zthes_RT
151_57;151_66;skos:related;zthes_RT
151_57;151_67;skos:related;zthes_RT
151_61;151;skos:broader;structural
151_61;151_55;skos:broader;zthes_BT
151_61;111_73;skos:related;zthes_RT
151_66;151;skos:broader;structural
151_66;151_55;skos:broader;zthes_BT
151_66;151_57;skos:related;zthes_RT
151_66;164_63;skos:related;zthes_RT
151_66;164_89;skos:related;zthes_RT
151_67;151;skos:broader;structural
151_67;151_55;skos:broader;zthes_BT
151_67;151_57;skos:related;zthes_RT
151_68;151;skos:broader;structural
151_68;151_55;skos:broader;zthes_BT
151_73;151;skos:broader;structural
151_73;151_75;skos:broader;zthes_BT
151_75;151;skos:broader;structural
151_75;151_55;skos:broader;zthes_BT
151_75;141_76;skos:related;zthes_RT
151_77;151;skos:broader;structural
151_77;151_67;skos:broader;zthes_BT
151_84;151;skos:broader;structural
151_84;151_75;skos:broader;zthes_BT
151_84;151_91;skos:related;zthes_RT
151_86;151;skos:broader;structural
151_86;151_75;skos:broader;zthes_BT
151_91;151;skos:broader;structural
151_91;151_75;skos:broader;zthes_BT
151_91;151_84;skos:related;zthes_RT
151_95;151;skos:broader;structural
151_95;151_75;skos:broader;zthes_BT
151_95;212_59;skos:related;zthes_RT
151_95;212_79;skos:related;zthes_RT
151_95;222_13;skos:related;zthes_RT
151_95;362_44;skos:related;zthes_RT
151_95;412_28;skos:related;zthes_RT
151_95;412_42;skos:related;zthes_RT
152_11;152;skos:broader;structural
152_11;152_32;skos:broader;zthes_BT
152_12;152;skos:broader;structural
152_12;152_32;skos:broader;zthes_BT
152_12;422_86;skos:related;zthes_RT
152_20;152;skos:broader;structural
152_20;152_32;skos:broader;zthes_BT
152_20;422_88;skos:related;zthes_RT
152_21;152;skos:broader;structural
152_21;152_32;skos:broader;zthes_BT
152_22;152;skos:broader;structural
152_22;152_32;skos:broader;zthes_BT
152_24;152;skos:broader;structural
152_24;152_34;skos:broader;zthes_BT
152_24;152_26;skos:related;zthes_RT
152_24;341_87;skos:related;zthes_RT
152_24;422_67;skos:related;zthes_RT
152_26;152;skos:broader;structural
152_26;152_36;skos:broader;zthes_BT
152_26;152_24;skos:related;zthes_RT
152_26;341_87;skos:related;zthes_RT
152_26;422_67;skos:related;zthes_RT
152_27;152;skos:broader;structural
152_27;152_36;skos:broader;zthes_BT
152_27;423_57;skos:related;zthes_RT
152_30;152;skos:broader;structural
152_30;152_43;skos:broader;zthes_BT
152_30;425_65;skos:related;zthes_RT
152_31;152;skos:broader;structural
152_31;152_43;skos:broader;zthes_BT
152_31;427_55;skos:related;zthes_RT
152_32;152;skos:broader;structural
152_32;152_43;skos:broader;zthes_BT
152_32;422_55;skos:related;zthes_RT
152_34;152;skos:broader;structural
152_34;152_55;skos:broader;zthes_BT
152_34;142_43;skos:related;zthes_RT
152_34;152_43;skos:related;zthes_RT
152_34;422_56;skos:related;zthes_RT
152_36;152;skos:broader;structural
152_36;152_55;skos:broader;zthes_BT
152_36;341_65;skos:related;zthes_RT
152_40;152;skos:broader;structural
152_40;152_41;skos:broader;zthes_BT
152_41;152;skos:broader;structural
152_41;152_43;skos:broader;zthes_BT
152_41;424_48;skos:related;zthes_RT
152_43;152;skos:broader;structural
152_43;152_55;skos:broader;zthes_BT
152_43;142_75;skos:related;zthes_RT
152_43;152_34;skos:related;zthes_RT
152_43;152_62;skos:related;zthes_RT
152_47;152;skos:broader;structural
152_47;152_57;skos:broader;zthes_BT
152_47;423_15;skos:related;zthes_RT
152_50;152;skos:broader;structural
152_50;152_43;skos:broader;zthes_BT
152_51;152;skos:broader;structural
152_51;152_43;skos:broader;zthes_BT
152_51;425_65;skos:related;zthes_RT
152_52;152;skos:broader;structural
152_52;152_43;skos:broader;zthes_BT
152_53;152;skos:broader;structural
152_53;152_55;skos:broader;zthes_BT
152_53;112_90;skos:related;zthes_RT
152_55;152;skos:broader;structural
152_55;142_55;skos:related;zthes_RT
152_55;331_06;skos:related;zthes_RT
152_57;152;skos:broader;structural
152_57;152_55;skos:broader;zthes_BT
152_57;142_61;skos:related;zthes_RT
152_57;423_35;skos:related;zthes_RT
152_62;152;skos:broader;structural
152_62;152_73;skos:broader;zthes_BT
152_62;152_43;skos:related;zthes_RT
152_68;152;skos:broader;structural
152_68;152_57;skos:broader;zthes_BT
152_73;152;skos:broader;structural
152_73;152_55;skos:broader;zthes_BT
152_73;341_32;skos:related;zthes_RT
152_73;362_62;skos:related;zthes_RT
152_73;424_55;skos:related;zthes_RT
152_75;152;skos:broader;structural
152_75;152_55;skos:broader;zthes_BT
152_75;362_75;skos:related;zthes_RT
152_81;152;skos:broader;structural
152_81;152_73;skos:broader;zthes_BT
152_81;142_26;skos:related;zthes_RT
152_84;152;skos:broader;structural
152_84;152_55;skos:broader;zthes_BT
161_00;161;skos:broader;structural
161_00;161_22;skos:broader;zthes_BT
161_00;111_02;skos:related;zthes_RT
161_00;111_65;skos:related;zthes_RT
161_01;161;skos:broader;structural
161_01;161_22;skos:broader;zthes_BT
161_01;141_96;skos:related;zthes_RT
161_03;161;skos:broader;structural
161_03;161_22;skos:broader;zthes_BT
161_05;161;skos:broader;structural
161_05;161_33;skos:broader;zthes_BT
161_05;163_79;skos:related;zthes_RT
161_08;161;skos:broader;structural
161_08;161_26;skos:broader;zthes_BT
161_13;161;skos:broader;structural
161_13;161_22;skos:broader;zthes_BT
161_14;161;skos:broader;structural
161_14;161_33;skos:broader;zthes_BT
161_19;161;skos:broader;structural
161_19;161_26;skos:broader;zthes_BT
161_22;161;skos:broader;structural
161_22;161_33;skos:broader;zthes_BT
161_26;161;skos:broader;structural
161_26;161_33;skos:broader;zthes_BT
161_28;161;skos:broader;structural
161_28;161_26;skos:broader;zthes_BT
161_30;161;skos:broader;structural
161_30;161_33;skos:broader;zthes_BT
161_31;161;skos:broader;structural
161_31;161_33;skos:broader;zthes_BT
161_33;161;skos:broader;structural
161_33;161_55;skos:broader;zthes_BT
161_33;352_67;skos:related;zthes_RT
161_35;161;skos:broader;structural
161_35;161_55;skos:broader;zthes_BT
161_35;351_85;skos:related;zthes_RT
161_35;352_67;skos:related;zthes_RT
161_37;161;skos:broader;structural
161_37;161_55;skos:broader;zthes_BT
161_37;352_91;skos:related;zthes_RT
161_42;161;skos:broader;structural
161_42;161_55;skos:broader;zthes_BT
161_43;161;skos:broader;structural
161_43;161_55;skos:broader;zthes_BT
161_43;111_78;skos:related;zthes_RT
161_43;164_26;skos:related;zthes_RT
161_43;164_36;skos:related;zthes_RT
161_44;161;skos:broader;structural
161_44;161_55;skos:broader;zthes_BT
161_48;161;skos:broader;structural
161_48;161_55;skos:broader;zthes_BT
161_52;161;skos:broader;structural
161_52;161_53;skos:broader;zthes_BT
161_53;161;skos:broader;structural
161_53;161_55;skos:broader;zthes_BT
161_55;161;skos:broader;structural
161_55;163_76;skos:related;zthes_RT
161_58;161;skos:broader;structural
161_58;161_55;skos:broader;zthes_BT
161_62;161;skos:broader;structural
161_62;161_55;skos:broader;zthes_BT
161_64;161;skos:broader;structural
161_64;161_55;skos:broader;zthes_BT
161_64;111_77;skos:related;zthes_RT
161_67;161;skos:broader;structural
161_67;161_55;skos:broader;zthes_BT
161_68;161;skos:broader;structural
161_68;161_55;skos:broader;zthes_BT
161_68;162_83;skos:related;zthes_RT
161_70;161;skos:broader;structural
161_70;161_71;skos:broader;zthes_BT
161_71;161;skos:broader;structural
161_71;161_55;skos:broader;zthes_BT
161_71;332_36;skos:related;zthes_RT
161_73;161;skos:broader;structural
161_73;161_55;skos:broader;zthes_BT
161_73;141_16;skos:related;zthes_RT
161_74;161;skos:broader;structural
161_74;161_55;skos:broader;zthes_BT
161_74;111_78;skos:related;zthes_RT
161_74;163_97;skos:related;zthes_RT
161_75;161;skos:broader;structural
161_75;161_55;skos:broader;zthes_BT
161_75;162_36;skos:related;zthes_RT
161_77;161;skos:broader;structural
161_77;161_55;skos:broader;zthes_BT
161_77;161_78;skos:related;zthes_RT
161_77;161_86;skos:related;zthes_RT
161_78;161;skos:broader;structural
161_78;161_55;skos:broader;zthes_BT
161_78;161_77;skos:related;zthes_RT
161_78;222_51;skos:related;zthes_RT
161_78;324_71;skos:related;zthes_RT
161_78;352_60;skos:related;zthes_RT
161_79;161;skos:broader;structural
161_79;161_78;skos:broader;zthes_BT
161_79;351_85;skos:related;zthes_RT
161_80;161;skos:broader;structural
161_80;161_82;skos:broader;zthes_BT
161_81;161;skos:broader;structural
161_81;161_82;skos:broader;zthes_BT
161_82;161;skos:broader;structural
161_82;161_71;skos:broader;zthes_BT
161_82;335_65;skos:related;zthes_RT
161_84;161;skos:broader;structural
161_84;161_74;skos:broader;zthes_BT
161_85;161;skos:broader;structural
161_85;161_55;skos:broader;zthes_BT
161_86;161;skos:broader;structural
161_86;161_55;skos:broader;zthes_BT
161_86;161_77;skos:related;zthes_RT
161_86;324_71;skos:related;zthes_RT
161_86;351_74;skos:related;zthes_RT
161_86;352_60;skos:related;zthes_RT
161_87;161;skos:broader;structural
161_87;161_55;skos:broader;zthes_BT
161_88;161;skos:broader;structural
161_88;161_78;skos:broader;zthes_BT
161_88;164_71;skos:related;zthes_RT
161_89;161;skos:broader;structural
161_89;161_78;skos:broader;zthes_BT
161_90;161;skos:broader;structural
161_90;161_82;skos:broader;zthes_BT
161_90;162_55;skos:related;zthes_RT
161_91;161;skos:broader;structural
161_91;161_73;skos:broader;zthes_BT
161_92;161;skos:broader;structural
161_92;161_82;skos:broader;zthes_BT
161_92;322_84;skos:related;zthes_RT
161_92;322_85;skos:related;zthes_RT
161_93;161;skos:broader;structural
161_93;161_73;skos:broader;zthes_BT
161_93;141_36;skos:related;zthes_RT
161_95;161;skos:broader;structural
161_95;161_85;skos:broader;zthes_BT
161_99;161;skos:broader;structural
161_99;161_88;skos:broader;zthes_BT
161_99;164_98;skos:related;zthes_RT
162_06;162;skos:broader;structural
162_06;162_55;skos:broader;zthes_BT
162_06;322_52;skos:related;zthes_RT
162_06;351_61;skos:related;zthes_RT
162_14;162;skos:broader;structural
162_14;162_23;skos:broader;zthes_BT
162_14;324_53;skos:related;zthes_RT
162_17;162;skos:broader;structural
162_17;162_37;skos:broader;zthes_BT
162_20;162;skos:broader;structural
162_20;162_54;skos:broader;zthes_BT
162_23;162;skos:broader;structural
162_23;162_44;skos:broader;zthes_BT
162_26;162;skos:broader;structural
162_26;162_55;skos:broader;zthes_BT
162_28;162;skos:broader;structural
162_28;162_38;skos:broader;zthes_BT
162_36;162;skos:broader;structural
162_36;162_55;skos:broader;zthes_BT
162_36;161_75;skos:related;zthes_RT
162_36;164_34;skos:related;zthes_RT
162_37;162;skos:broader;structural
162_37;162_55;skos:broader;zthes_BT
162_38;162;skos:broader;structural
162_38;162_68;skos:broader;zthes_BT
162_38;324_42;skos:related;zthes_RT
162_39;162;skos:broader;structural
162_39;162_38;skos:broader;zthes_BT
162_40;162;skos:broader;structural
162_40;162_52;skos:broader;zthes_BT
162_40;324_77;skos:related;zthes_RT
162_40;351_70;skos:related;zthes_RT
162_44;162;skos:broader;structural
162_44;162_55;skos:broader;zthes_BT
162_44;164_12;skos:related;zthes_RT
162_44;164_37;skos:related;zthes_RT
162_44;324_33;skos:related;zthes_RT
162_51;162;skos:broader;structural
162_51;162_52;skos:broader;zthes_BT
162_51;111_83;skos:related;zthes_RT
162_51;164_35;skos:related;zthes_RT
162_51;164_51;skos:related;zthes_RT
162_52;162;skos:broader;structural
162_52;162_63;skos:broader;zthes_BT
162_54;162;skos:broader;structural
162_54;162_55;skos:broader;zthes_BT
162_55;162;skos:broader;structural
162_55;161_90;skos:related;zthes_RT
162_55;164_53;skos:related;zthes_RT
162_55;222_51;skos:related;zthes_RT
162_62;162;skos:broader;structural
162_62;162_63;skos:broader;zthes_BT
162_62;164_25;skos:related;zthes_RT
162_62;224_93;skos:related;zthes_RT
162_63;162;skos:broader;structural
162_63;162_55;skos:broader;zthes_BT
162_63;141_36;skos:related;zthes_RT
162_63;342_81;skos:related;zthes_RT
162_63;351_22;skos:related;zthes_RT
162_68;162;skos:broader;structural
162_68;162_55;skos:broader;zthes_BT
162_68;164_18;skos:related;zthes_RT
162_68;311_26;skos:related;zthes_RT
162_68;323_10;skos:related;zthes_RT
162_68;324_53;skos:related;zthes_RT
162_72;162;skos:broader;structural
162_72;162_63;skos:broader;zthes_BT
162_75;162;skos:broader;structural
162_75;162_55;skos:broader;zthes_BT
162_75;164_35;skos:related;zthes_RT
162_76;162;skos:broader;structural
162_76;162_55;skos:broader;zthes_BT
162_83;162;skos:broader;structural
162_83;162_63;skos:broader;zthes_BT
162_83;161_68;skos:related;zthes_RT
162_84;162;skos:broader;structural
162_84;162_63;skos:broader;zthes_BT
162_85;162;skos:broader;structural
162_85;162_63;skos:broader;zthes_BT
162_87;162;skos:broader;structural
162_87;162_76;skos:broader;zthes_BT
162_87;113_63;skos:related;zthes_RT
162_89;162;skos:broader;structural
162_89;162_68;skos:broader;zthes_BT
162_89;323_10;skos:related;zthes_RT
162_91;162;skos:broader;structural
162_91;162_63;skos:broader;zthes_BT
162_92;162;skos:broader;structural
162_92;162_63;skos:broader;zthes_BT
162_92;141_16;skos:related;zthes_RT
162_93;162;skos:broader;structural
162_93;162_83;skos:broader;zthes_BT
162_94;162;skos:broader;structural
162_94;162_83;skos:broader;zthes_BT
162_97;162;skos:broader;structural
162_97;162_87;skos:broader;zthes_BT
162_98;162;skos:broader;structural
162_98;162_68;skos:broader;zthes_BT
162_98;323_10;skos:related;zthes_RT
163_10;163;skos:broader;structural
163_10;163_53;skos:broader;zthes_BT
163_11;163;skos:broader;structural
163_11;163_53;skos:broader;zthes_BT
163_14;163;skos:broader;structural
163_14;163_34;skos:broader;zthes_BT
163_22;163;skos:broader;structural
163_22;163_53;skos:broader;zthes_BT
163_23;163;skos:broader;structural
163_23;163_53;skos:broader;zthes_BT
163_25;163;skos:broader;structural
163_25;163_36;skos:broader;zthes_BT
163_26;163;skos:broader;structural
163_26;163_36;skos:broader;zthes_BT
163_26;151_43;skos:related;zthes_RT
163_27;163;skos:broader;structural
163_27;163_36;skos:broader;zthes_BT
163_27;151_43;skos:related;zthes_RT
163_30;163;skos:broader;structural
163_30;163_31;skos:broader;zthes_BT
163_31;163;skos:broader;structural
163_31;163_53;skos:broader;zthes_BT
163_33;163;skos:broader;structural
163_33;163_53;skos:broader;zthes_BT
163_34;163;skos:broader;structural
163_34;163_45;skos:broader;zthes_BT
163_36;163;skos:broader;structural
163_36;163_45;skos:broader;zthes_BT
163_37;163;skos:broader;structural
163_37;163_36;skos:broader;zthes_BT
163_40;163;skos:broader;structural
163_40;163_53;skos:broader;zthes_BT
163_43;163;skos:broader;structural
163_43;163_53;skos:broader;zthes_BT
163_43;164_74;skos:related;zthes_RT
163_45;163;skos:broader;structural
163_45;163_55;skos:broader;zthes_BT
163_46;163;skos:broader;structural
163_46;163_55;skos:broader;zthes_BT
163_48;163;skos:broader;structural
163_48;163_45;skos:broader;zthes_BT
163_51;163;skos:broader;structural
163_51;163_53;skos:broader;zthes_BT
163_53;163;skos:broader;structural
163_53;163_55;skos:broader;zthes_BT
163_53;164_75;skos:related;zthes_RT
163_55;163;skos:broader;structural
163_55;429_33;skos:related;zthes_RT
163_56;163;skos:broader;structural
163_56;163_55;skos:broader;zthes_BT
163_59;163;skos:broader;structural
163_59;163_67;skos:broader;zthes_BT
163_60;163;skos:broader;structural
163_60;163_51;skos:broader;zthes_BT
163_60;213_53;skos:related;zthes_RT
163_61;163;skos:broader;structural
163_61;163_62;skos:broader;zthes_BT
163_62;163;skos:broader;structural
163_62;163_53;skos:broader;zthes_BT
163_64;163;skos:broader;structural
163_64;163_55;skos:broader;zthes_BT
163_65;163;skos:broader;structural
163_65;163_55;skos:broader;zthes_BT
163_66;163;skos:broader;structural
163_66;163_55;skos:broader;zthes_BT
163_67;163;skos:broader;structural
163_67;163_55;skos:broader;zthes_BT
163_67;163_76;skos:related;zthes_RT
163_69;163;skos:broader;structural
163_69;163_67;skos:broader;zthes_BT
163_72;163;skos:broader;structural
163_72;163_53;skos:broader;zthes_BT
163_72;222_77;skos:related;zthes_RT
163_72;423_41;skos:related;zthes_RT
163_76;163;skos:broader;structural
163_76;163_55;skos:broader;zthes_BT
163_76;161_55;skos:related;zthes_RT
163_76;163_67;skos:related;zthes_RT
163_79;163;skos:broader;structural
163_79;163_67;skos:broader;zthes_BT
163_79;161_05;skos:related;zthes_RT
163_80;163;skos:broader;structural
163_80;163_53;skos:broader;zthes_BT
163_84;163;skos:broader;structural
163_84;163_55;skos:broader;zthes_BT
163_88;163;skos:broader;structural
163_88;163_67;skos:broader;zthes_BT
163_93;163;skos:broader;structural
163_93;163_55;skos:broader;zthes_BT
163_95;163;skos:broader;structural
163_95;163_76;skos:broader;zthes_BT
163_96;163;skos:broader;structural
163_96;163_76;skos:broader;zthes_BT
163_97;163;skos:broader;structural
163_97;163_76;skos:broader;zthes_BT
163_97;161_74;skos:related;zthes_RT
163_98;163;skos:broader;structural
163_98;163_76;skos:broader;zthes_BT
164_00;164;skos:broader;structural
164_00;164_43;skos:broader;zthes_BT
164_00;311_35;skos:related;zthes_RT
164_04;164;skos:broader;structural
164_04;164_34;skos:broader;zthes_BT
164_10;164;skos:broader;structural
164_10;164_43;skos:broader;zthes_BT
164_10;331_55;skos:related;zthes_RT
164_11;164;skos:broader;structural
164_11;164_43;skos:broader;zthes_BT
164_12;164;skos:broader;structural
164_12;164_22;skos:broader;zthes_BT
164_12;162_44;skos:related;zthes_RT
164_14;164;skos:broader;structural
164_14;164_34;skos:broader;zthes_BT
164_17;164;skos:broader;structural
164_17;164_37;skos:broader;zthes_BT
164_18;164;skos:broader;structural
164_18;164_37;skos:broader;zthes_BT
164_18;162_68;skos:related;zthes_RT
164_20;164;skos:broader;structural
164_20;164_43;skos:broader;zthes_BT
164_20;332_26;skos:related;zthes_RT
164_22;164;skos:broader;structural
164_22;164_43;skos:broader;zthes_BT
164_22;111_46;skos:related;zthes_RT
164_22;111_55;skos:related;zthes_RT
164_22;111_57;skos:related;zthes_RT
164_25;164;skos:broader;structural
164_25;164_35;skos:broader;zthes_BT
164_25;162_62;skos:related;zthes_RT
164_25;224_93;skos:related;zthes_RT
164_26;164;skos:broader;structural
164_26;164_36;skos:broader;zthes_BT
164_26;111_78;skos:related;zthes_RT
164_26;161_43;skos:related;zthes_RT
164_26;224_92;skos:related;zthes_RT
164_31;164;skos:broader;structural
164_31;164_43;skos:broader;zthes_BT
164_31;141_16;skos:related;zthes_RT
164_31;361_38;skos:related;zthes_RT
164_33;164;skos:broader;structural
164_33;164_43;skos:broader;zthes_BT
164_34;164;skos:broader;structural
164_34;164_43;skos:broader;zthes_BT
164_34;162_36;skos:related;zthes_RT
164_34;321_82;skos:related;zthes_RT
164_34;324_53;skos:related;zthes_RT
164_35;164;skos:broader;structural
164_35;164_56;skos:broader;zthes_BT
164_35;162_51;skos:related;zthes_RT
164_35;162_75;skos:related;zthes_RT
164_36;164;skos:broader;structural
164_36;164_46;skos:broader;zthes_BT
164_36;161_43;skos:related;zthes_RT
164_36;222_22;skos:related;zthes_RT
164_37;164;skos:broader;structural
164_37;164_47;skos:broader;zthes_BT
164_37;162_44;skos:related;zthes_RT
164_37;311_26;skos:related;zthes_RT
164_38;164;skos:broader;structural
164_38;164_47;skos:broader;zthes_BT
164_38;112_61;skos:related;zthes_RT
164_39;164;skos:broader;structural
164_39;164_38;skos:broader;zthes_BT
164_40;164;skos:broader;structural
164_40;164_42;skos:broader;zthes_BT
164_41;164;skos:broader;structural
164_41;164_42;skos:broader;zthes_BT
164_42;164;skos:broader;structural
164_42;164_43;skos:broader;zthes_BT
164_43;164;skos:broader;structural
164_43;164_55;skos:broader;zthes_BT
164_46;164;skos:broader;structural
164_46;164_56;skos:broader;zthes_BT
164_46;222_34;skos:related;zthes_RT
164_47;164;skos:broader;structural
164_47;164_56;skos:broader;zthes_BT
164_50;164;skos:broader;structural
164_50;164_63;skos:broader;zthes_BT
164_51;164;skos:broader;structural
164_51;164_63;skos:broader;zthes_BT
164_51;162_51;skos:related;zthes_RT
164_52;164;skos:broader;structural
164_52;164_63;skos:broader;zthes_BT
164_53;164;skos:broader;structural
164_53;164_63;skos:broader;zthes_BT
164_53;162_55;skos:related;zthes_RT
164_53;164_61;skos:related;zthes_RT
164_53;164_93;skos:related;zthes_RT
164_53;351_53;skos:related;zthes_RT
164_55;164;skos:broader;structural
164_55;122_94;skos:related;zthes_RT
164_55;125_65;skos:related;zthes_RT
164_55;362_35;skos:related;zthes_RT
164_56;164;skos:broader;structural
164_56;164_55;skos:broader;zthes_BT
164_56;222_58;skos:related;zthes_RT
164_56;362_33;skos:related;zthes_RT
164_58;164;skos:broader;structural
164_58;164_56;skos:broader;zthes_BT
164_58;211_37;skos:related;zthes_RT
164_59;164;skos:broader;structural
164_59;164_58;skos:broader;zthes_BT
164_59;164_69;skos:related;zthes_RT
164_60;164;skos:broader;structural
164_60;164_62;skos:broader;zthes_BT
164_61;164;skos:broader;structural
164_61;164_62;skos:broader;zthes_BT
164_61;164_53;skos:related;zthes_RT
164_62;164;skos:broader;structural
164_62;164_63;skos:broader;zthes_BT
164_63;164;skos:broader;structural
164_63;164_55;skos:broader;zthes_BT
164_63;122_94;skos:related;zthes_RT
164_63;125_65;skos:related;zthes_RT
164_63;151_66;skos:related;zthes_RT
164_63;331_10;skos:related;zthes_RT
164_63;362_43;skos:related;zthes_RT
164_67;164;skos:broader;structural
164_67;164_56;skos:broader;zthes_BT
164_68;164;skos:broader;structural
164_68;164_67;skos:broader;zthes_BT
164_69;164;skos:broader;structural
164_69;164_68;skos:broader;zthes_BT
164_69;164_59;skos:related;zthes_RT
164_69;222_58;skos:related;zthes_RT
164_70;164;skos:broader;structural
164_70;164_63;skos:broader;zthes_BT
164_70;164_74;skos:related;zthes_RT
164_70;362_28;skos:related;zthes_RT
164_71;164;skos:broader;structural
164_71;164_63;skos:broader;zthes_BT
164_71;122_55;skos:related;zthes_RT
164_71;161_88;skos:related;zthes_RT
164_72;164;skos:broader;structural
164_72;164_63;skos:broader;zthes_BT
164_73;164;skos:broader;structural
164_73;164_63;skos:broader;zthes_BT
164_74;164;skos:broader;structural
164_74;164_63;skos:broader;zthes_BT
164_74;163_43;skos:related;zthes_RT
164_74;164_70;skos:related;zthes_RT
164_75;164;skos:broader;structural
164_75;164_74;skos:broader;zthes_BT
164_75;163_53;skos:related;zthes_RT
164_75;222_17;skos:related;zthes_RT
164_76;164;skos:broader;structural
164_76;164_56;skos:broader;zthes_BT
164_79;164;skos:broader;structural
164_79;164_67;skos:broader;zthes_BT
164_79;224_87;skos:related;zthes_RT
164_80;164;skos:broader;structural
164_80;164_71;skos:broader;zthes_BT
164_83;164;skos:broader;structural
164_83;164_73;skos:broader;zthes_BT
164_83;222_22;skos:related;zthes_RT
164_84;164;skos:broader;structural
164_84;164_83;skos:broader;zthes_BT
164_86;164;skos:broader;structural
164_86;164_76;skos:broader;zthes_BT
164_86;122_28;skos:related;zthes_RT
164_86;122_57;skos:related;zthes_RT
164_86;164_95;skos:related;zthes_RT
164_89;164;skos:broader;structural
164_89;164_67;skos:broader;zthes_BT
164_89;151_66;skos:related;zthes_RT
164_90;164;skos:broader;structural
164_90;164_71;skos:broader;zthes_BT
164_91;164;skos:broader;structural
164_91;164_71;skos:broader;zthes_BT
164_92;164;skos:broader;structural
164_92;164_71;skos:broader;zthes_BT
164_93;164;skos:broader;structural
164_93;164_83;skos:broader;zthes_BT
164_93;164_53;skos:related;zthes_RT
164_94;164;skos:broader;structural
164_94;164_83;skos:broader;zthes_BT
164_95;164;skos:broader;structural
164_95;164_84;skos:broader;zthes_BT
164_95;164_86;skos:related;zthes_RT
164_97;164;skos:broader;structural
164_97;164_86;skos:broader;zthes_BT
164_98;164;skos:broader;structural
164_98;164_86;skos:broader;zthes_BT
164_98;161_99;skos:related;zthes_RT
211_15;211;skos:broader;structural
211_15;211_25;skos:broader;zthes_BT
211_18;211;skos:broader;structural
211_18;211_55;skos:broader;zthes_BT
211_24;211;skos:broader;structural
211_24;211_35;skos:broader;zthes_BT
211_25;211;skos:broader;structural
211_25;211_35;skos:broader;zthes_BT
211_25;211_55;skos:related;zthes_RT
211_28;211;skos:broader;structural
211_28;211_37;skos:broader;zthes_BT
211_28;113_33;skos:related;zthes_RT
211_32;211;skos:broader;structural
211_32;211_55;skos:broader;zthes_BT
211_32;141_33;skos:related;zthes_RT
211_35;211;skos:broader;structural
211_35;211_55;skos:broader;zthes_BT
211_37;211;skos:broader;structural
211_37;211_55;skos:broader;zthes_BT
211_37;164_58;skos:related;zthes_RT
211_44;211;skos:broader;structural
211_44;211_25;skos:broader;zthes_BT
211_46;211;skos:broader;structural
211_46;211_25;skos:broader;zthes_BT
211_50;211;skos:broader;structural
211_50;211_62;skos:broader;zthes_BT
211_50;212_26;skos:related;zthes_RT
211_55;211;skos:broader;structural
211_55;131_99;skos:related;zthes_RT
211_55;211_25;skos:related;zthes_RT
211_55;362_43;skos:related;zthes_RT
211_57;211;skos:broader;structural
211_57;211_55;skos:broader;zthes_BT
211_62;211;skos:broader;structural
211_62;211_55;skos:broader;zthes_BT
211_64;211;skos:broader;structural
211_64;211_55;skos:broader;zthes_BT
211_66;211;skos:broader;structural
211_66;211_55;skos:broader;zthes_BT
211_69;211;skos:broader;structural
211_69;211_57;skos:broader;zthes_BT
211_75;211;skos:broader;structural
211_75;211_55;skos:broader;zthes_BT
211_77;211;skos:broader;structural
211_77;211_57;skos:broader;zthes_BT
211_82;211;skos:broader;structural
211_82;211_62;skos:broader;zthes_BT
211_95;211;skos:broader;structural
211_95;211_55;skos:broader;zthes_BT
212_26;212;skos:broader;structural
212_26;212_55;skos:broader;zthes_BT
212_26;211_50;skos:related;zthes_RT
212_31;212;skos:broader;structural
212_31;212_53;skos:broader;zthes_BT
212_53;212;skos:broader;structural
212_53;212_55;skos:broader;zthes_BT
212_53;113_97;skos:related;zthes_RT
212_55;212;skos:broader;structural
212_59;212;skos:broader;structural
212_59;212_68;skos:broader;zthes_BT
212_59;122_55;skos:related;zthes_RT
212_59;151_95;skos:related;zthes_RT
212_61;212;skos:broader;structural
212_61;212_53;skos:broader;zthes_BT
212_63;212;skos:broader;structural
212_63;212_53;skos:broader;zthes_BT
212_65;212;skos:broader;structural
212_65;212_55;skos:broader;zthes_BT
212_67;212;skos:broader;structural
212_67;212_55;skos:broader;zthes_BT
212_68;212;skos:broader;structural
212_68;212_67;skos:broader;zthes_BT
212_68;213_13;skos:related;zthes_RT
212_79;212;skos:broader;structural
212_79;212_68;skos:broader;zthes_BT
212_79;122_55;skos:related;zthes_RT
212_79;151_95;skos:related;zthes_RT
212_81;212;skos:broader;structural
212_81;212_53;skos:broader;zthes_BT
212_81;331_23;skos:related;zthes_RT
212_84;212;skos:broader;structural
212_84;212_65;skos:broader;zthes_BT
212_84;122_55;skos:related;zthes_RT
212_84;142_79;skos:related;zthes_RT
212_84;352_56;skos:related;zthes_RT
212_85;212;skos:broader;structural
212_85;212_65;skos:broader;zthes_BT
212_86;212;skos:broader;structural
212_86;212_65;skos:broader;zthes_BT
212_95;212;skos:broader;structural
212_95;212_85;skos:broader;zthes_BT
212_95;113_16;skos:related;zthes_RT
212_95;122_39;skos:related;zthes_RT
212_96;212;skos:broader;structural
212_96;212_86;skos:broader;zthes_BT
212_97;212;skos:broader;structural
212_97;212_86;skos:broader;zthes_BT
213_02;213;skos:broader;structural
213_02;213_03;skos:broader;zthes_BT
213_02;335_07;skos:related;zthes_RT
213_03;213;skos:broader;structural
213_03;213_14;skos:broader;zthes_BT
213_03;223_44;skos:related;zthes_RT
213_04;213;skos:broader;structural
213_04;213_15;skos:broader;zthes_BT
213_05;213;skos:broader;structural
213_05;213_15;skos:broader;zthes_BT
213_07;213;skos:broader;structural
213_07;213_16;skos:broader;zthes_BT
213_11;213;skos:broader;structural
213_11;213_53;skos:broader;zthes_BT
213_11;223_04;skos:related;zthes_RT
213_11;223_55;skos:related;zthes_RT
213_11;223_64;skos:related;zthes_RT
213_11;224_86;skos:related;zthes_RT
213_13;213;skos:broader;structural
213_13;213_14;skos:broader;zthes_BT
213_13;212_68;skos:related;zthes_RT
213_14;213;skos:broader;structural
213_14;213_33;skos:broader;zthes_BT
213_14;223_44;skos:related;zthes_RT
213_15;213;skos:broader;structural
213_15;213_45;skos:broader;zthes_BT
213_15;423_51;skos:related;zthes_RT
213_16;213;skos:broader;structural
213_16;213_55;skos:broader;zthes_BT
213_20;213;skos:broader;structural
213_20;213_53;skos:broader;zthes_BT
213_25;213;skos:broader;structural
213_25;213_33;skos:broader;zthes_BT
213_27;213;skos:broader;structural
213_27;213_16;skos:broader;zthes_BT
213_33;213;skos:broader;structural
213_33;213_55;skos:broader;zthes_BT
213_33;111_48;skos:related;zthes_RT
213_33;213_34;skos:related;zthes_RT
213_34;213;skos:broader;structural
213_34;213_45;skos:broader;zthes_BT
213_34;213_33;skos:related;zthes_RT
213_41;213;skos:broader;structural
213_41;213_53;skos:broader;zthes_BT
213_45;213;skos:broader;structural
213_45;213_55;skos:broader;zthes_BT
213_45;111_65;skos:related;zthes_RT
213_45;111_77;skos:related;zthes_RT
213_45;223_55;skos:related;zthes_RT
213_46;213;skos:broader;structural
213_46;213_55;skos:broader;zthes_BT
213_47;213;skos:broader;structural
213_47;213_46;skos:broader;zthes_BT
213_47;112_78;skos:related;zthes_RT
213_49;213;skos:broader;structural
213_49;213_57;skos:broader;zthes_BT
213_49;142_61;skos:related;zthes_RT
213_51;213;skos:broader;structural
213_51;213_53;skos:broader;zthes_BT
213_51;141_61;skos:related;zthes_RT
213_51;141_63;skos:related;zthes_RT
213_51;141_86;skos:related;zthes_RT
213_51;142_46;skos:related;zthes_RT
213_53;213;skos:broader;structural
213_53;213_55;skos:broader;zthes_BT
213_53;163_60;skos:related;zthes_RT
213_55;213;skos:broader;structural
213_55;362_43;skos:related;zthes_RT
213_55;423_51;skos:related;zthes_RT
213_57;213;skos:broader;structural
213_57;213_55;skos:broader;zthes_BT
213_59;213;skos:broader;structural
213_59;213_57;skos:broader;zthes_BT
213_63;213;skos:broader;structural
213_63;213_53;skos:broader;zthes_BT
213_69;213;skos:broader;structural
213_69;213_57;skos:broader;zthes_BT
213_71;213;skos:broader;structural
213_71;213_53;skos:broader;zthes_BT
213_73;213;skos:broader;structural
213_73;213_55;skos:broader;zthes_BT
213_75;213;skos:broader;structural
213_75;213_55;skos:broader;zthes_BT
213_75;223_53;skos:related;zthes_RT
213_77;213;skos:broader;structural
213_77;213_57;skos:broader;zthes_BT
213_82;213;skos:broader;structural
213_82;213_73;skos:broader;zthes_BT
213_82;213_92;skos:related;zthes_RT
213_85;213;skos:broader;structural
213_85;213_75;skos:broader;zthes_BT
213_85;223_62;skos:related;zthes_RT
213_85;323_67;skos:related;zthes_RT
213_92;213;skos:broader;structural
213_92;213_73;skos:broader;zthes_BT
213_92;213_82;skos:related;zthes_RT
213_92;224_74;skos:related;zthes_RT
213_94;213;skos:broader;structural
213_94;213_55;skos:broader;zthes_BT
213_94;111_40;skos:related;zthes_RT
213_97;213;skos:broader;structural
213_97;213_77;skos:broader;zthes_BT
213_98;213;skos:broader;structural
213_98;213_77;skos:broader;zthes_BT
213_98;222_97;skos:related;zthes_RT
213_99;213;skos:broader;structural
213_99;213_77;skos:broader;zthes_BT
222_02;222;skos:broader;structural
222_02;222_55;skos:broader;zthes_BT
222_02;125_51;skos:related;zthes_RT
222_13;222;skos:broader;structural
222_13;222_55;skos:broader;zthes_BT
222_13;151_95;skos:related;zthes_RT
222_15;222;skos:broader;structural
222_15;222_55;skos:broader;zthes_BT
222_17;222;skos:broader;structural
222_17;222_58;skos:broader;zthes_BT
222_17;164_75;skos:related;zthes_RT
222_22;222;skos:broader;structural
222_22;222_55;skos:broader;zthes_BT
222_22;164_36;skos:related;zthes_RT
222_22;164_83;skos:related;zthes_RT
222_26;222;skos:broader;structural
222_26;222_46;skos:broader;zthes_BT
222_27;222;skos:broader;structural
222_27;222_58;skos:broader;zthes_BT
222_29;222;skos:broader;structural
222_29;222_58;skos:broader;zthes_BT
222_30;222;skos:broader;structural
222_30;222_31;skos:broader;zthes_BT
222_31;222;skos:broader;structural
222_31;222_53;skos:broader;zthes_BT
222_33;222;skos:broader;structural
222_33;222_53;skos:broader;zthes_BT
222_34;222;skos:broader;structural
222_34;222_55;skos:broader;zthes_BT
222_34;111_73;skos:related;zthes_RT
222_34;164_46;skos:related;zthes_RT
222_36;222;skos:broader;structural
222_36;222_46;skos:broader;zthes_BT
222_37;222;skos:broader;structural
222_37;222_58;skos:broader;zthes_BT
222_45;222;skos:broader;structural
222_45;222_55;skos:broader;zthes_BT
222_45;222_46;skos:related;zthes_RT
222_46;222;skos:broader;structural
222_46;222_55;skos:broader;zthes_BT
222_46;222_45;skos:related;zthes_RT
222_51;222;skos:broader;structural
222_51;222_53;skos:broader;zthes_BT
222_51;161_78;skos:related;zthes_RT
222_51;162_55;skos:related;zthes_RT
222_53;222;skos:broader;structural
222_53;222_63;skos:broader;zthes_BT
222_55;222;skos:broader;structural
222_55;122_70;skos:related;zthes_RT
222_58;222;skos:broader;structural
222_58;222_55;skos:broader;zthes_BT
222_58;164_56;skos:related;zthes_RT
222_58;164_69;skos:related;zthes_RT
222_59;222;skos:broader;structural
222_59;222_58;skos:broader;zthes_BT
222_60;222;skos:broader;structural
222_60;222_62;skos:broader;zthes_BT
222_60;125_63;skos:related;zthes_RT
222_61;222;skos:broader;structural
222_61;222_63;skos:broader;zthes_BT
222_61;125_63;skos:related;zthes_RT
222_61;125_94;skos:related;zthes_RT
222_62;222;skos:broader;structural
222_62;222_63;skos:broader;zthes_BT
222_62;121_91;skos:related;zthes_RT
222_63;222;skos:broader;structural
222_63;222_55;skos:broader;zthes_BT
222_63;125_55;skos:related;zthes_RT
222_70;222;skos:broader;structural
222_70;222_83;skos:broader;zthes_BT
222_70;222_90;skos:related;zthes_RT
222_71;222;skos:broader;structural
222_71;222_83;skos:broader;zthes_BT
222_75;222;skos:broader;structural
222_75;222_55;skos:broader;zthes_BT
222_75;125_46;skos:related;zthes_RT
222_75;223_56;skos:related;zthes_RT
222_75;224_57;skos:related;zthes_RT
222_75;224_92;skos:related;zthes_RT
222_77;222;skos:broader;structural
222_77;222_75;skos:broader;zthes_BT
222_77;125_59;skos:related;zthes_RT
222_77;163_72;skos:related;zthes_RT
222_77;224_57;skos:related;zthes_RT
222_77;361_81;skos:related;zthes_RT
222_77;429_21;skos:related;zthes_RT
222_81;222;skos:broader;structural
222_81;222_83;skos:broader;zthes_BT
222_83;222;skos:broader;structural
222_83;222_75;skos:broader;zthes_BT
222_83;426_10;skos:related;zthes_RT
222_89;222;skos:broader;structural
222_89;222_77;skos:broader;zthes_BT
222_90;222;skos:broader;structural
222_90;222_83;skos:broader;zthes_BT
222_90;222_70;skos:related;zthes_RT
222_91;222;skos:broader;structural
222_91;222_83;skos:broader;zthes_BT
222_92;222;skos:broader;structural
222_92;222_83;skos:broader;zthes_BT
222_92;426_10;skos:related;zthes_RT
222_93;222;skos:broader;structural
222_93;222_83;skos:broader;zthes_BT
222_94;222;skos:broader;structural
222_94;222_83;skos:broader;zthes_BT
222_96;222;skos:broader;structural
222_96;222_77;skos:broader;zthes_BT
222_96;429_01;skos:related;zthes_RT
222_97;222;skos:broader;structural
222_97;222_77;skos:broader;zthes_BT
222_97;213_98;skos:related;zthes_RT
222_98;222;skos:broader;structural
222_98;222_77;skos:broader;zthes_BT
222_98;125_51;skos:related;zthes_RT
222_98;429_10;skos:related;zthes_RT
223_04;223;skos:broader;structural
223_04;223_15;skos:broader;zthes_BT
223_04;213_11;skos:related;zthes_RT
223_04;223_44;skos:related;zthes_RT
223_07;223;skos:broader;structural
223_07;223_37;skos:broader;zthes_BT
223_12;223;skos:broader;structural
223_12;223_13;skos:broader;zthes_BT
223_13;223;skos:broader;structural
223_13;223_33;skos:broader;zthes_BT
223_13;223_44;skos:related;zthes_RT
223_13;223_64;skos:related;zthes_RT
223_15;223;skos:broader;structural
223_15;223_35;skos:broader;zthes_BT
223_15;122_57;skos:related;zthes_RT
223_15;223_16;skos:related;zthes_RT
223_16;223;skos:broader;structural
223_16;223_35;skos:broader;zthes_BT
223_16;223_15;skos:related;zthes_RT
223_18;223;skos:broader;structural
223_18;223_37;skos:broader;zthes_BT
223_33;223;skos:broader;structural
223_33;223_53;skos:broader;zthes_BT
223_35;223;skos:broader;structural
223_35;223_55;skos:broader;zthes_BT
223_35;224_63;skos:related;zthes_RT
223_37;223;skos:broader;structural
223_37;223_46;skos:broader;zthes_BT
223_37;224_85;skos:related;zthes_RT
223_42;223;skos:broader;structural
223_42;223_53;skos:broader;zthes_BT
223_42;123_93;skos:related;zthes_RT
223_44;223;skos:broader;structural
223_44;223_55;skos:broader;zthes_BT
223_44;213_03;skos:related;zthes_RT
223_44;213_14;skos:related;zthes_RT
223_44;223_04;skos:related;zthes_RT
223_44;223_13;skos:related;zthes_RT
223_44;224_13;skos:related;zthes_RT
223_46;223;skos:broader;structural
223_46;223_55;skos:broader;zthes_BT
223_46;223_56;skos:related;zthes_RT
223_51;223;skos:broader;structural
223_51;223_53;skos:broader;zthes_BT
223_53;223;skos:broader;structural
223_53;223_55;skos:broader;zthes_BT
223_53;213_75;skos:related;zthes_RT
223_55;223;skos:broader;structural
223_55;113_75;skos:related;zthes_RT
223_55;151_37;skos:related;zthes_RT
223_55;213_11;skos:related;zthes_RT
223_55;213_45;skos:related;zthes_RT
223_56;223;skos:broader;structural
223_56;223_55;skos:broader;zthes_BT
223_56;222_75;skos:related;zthes_RT
223_56;223_46;skos:related;zthes_RT
223_56;412_00;skos:related;zthes_RT
223_62;223;skos:broader;structural
223_62;223_55;skos:broader;zthes_BT
223_62;141_43;skos:related;zthes_RT
223_62;213_85;skos:related;zthes_RT
223_64;223;skos:broader;structural
223_64;223_55;skos:broader;zthes_BT
223_64;213_11;skos:related;zthes_RT
223_64;223_13;skos:related;zthes_RT
224_13;224;skos:broader;structural
224_13;224_44;skos:broader;zthes_BT
224_13;223_44;skos:related;zthes_RT
224_21;224;skos:broader;structural
224_21;224_32;skos:broader;zthes_BT
224_21;224_23;skos:related;zthes_RT
224_23;224;skos:broader;structural
224_23;224_44;skos:broader;zthes_BT
224_23;121_54;skos:related;zthes_RT
224_23;124_27;skos:related;zthes_RT
224_23;124_37;skos:related;zthes_RT
224_23;124_70;skos:related;zthes_RT
224_23;224_21;skos:related;zthes_RT
224_24;224;skos:broader;structural
224_24;224_44;skos:broader;zthes_BT
224_24;224_25;skos:related;zthes_RT
224_25;224;skos:broader;structural
224_25;224_44;skos:broader;zthes_BT
224_25;224_24;skos:related;zthes_RT
224_25;224_31;skos:related;zthes_RT
224_31;224;skos:broader;structural
224_31;224_32;skos:broader;zthes_BT
224_31;224_25;skos:related;zthes_RT
224_32;224;skos:broader;structural
224_32;224_54;skos:broader;zthes_BT
224_32;423_61;skos:related;zthes_RT
224_44;224;skos:broader;structural
224_44;224_54;skos:broader;zthes_BT
224_46;224;skos:broader;structural
224_46;224_55;skos:broader;zthes_BT
224_46;332_51;skos:related;zthes_RT
224_54;224;skos:broader;structural
224_54;224_55;skos:broader;zthes_BT
224_55;224;skos:broader;structural
224_57;224;skos:broader;structural
224_57;224_55;skos:broader;zthes_BT
224_57;222_75;skos:related;zthes_RT
224_57;222_77;skos:related;zthes_RT
224_62;224;skos:broader;structural
224_62;224_73;skos:broader;zthes_BT
224_63;224;skos:broader;structural
224_63;224_73;skos:broader;zthes_BT
224_63;223_35;skos:related;zthes_RT
224_72;224;skos:broader;structural
224_72;224_73;skos:broader;zthes_BT
224_73;224;skos:broader;structural
224_73;224_74;skos:broader;zthes_BT
224_74;224;skos:broader;structural
224_74;224_54;skos:broader;zthes_BT
224_74;213_92;skos:related;zthes_RT
224_76;224;skos:broader;structural
224_76;224_55;skos:broader;zthes_BT
224_82;224;skos:broader;structural
224_82;224_73;skos:broader;zthes_BT
224_83;224;skos:broader;structural
224_83;224_73;skos:broader;zthes_BT
224_83;224_85;skos:related;zthes_RT
224_85;224;skos:broader;structural
224_85;224_55;skos:broader;zthes_BT
224_85;223_37;skos:related;zthes_RT
224_85;224_83;skos:related;zthes_RT
224_86;224;skos:broader;structural
224_86;224_76;skos:broader;zthes_BT
224_86;213_11;skos:related;zthes_RT
224_87;224;skos:broader;structural
224_87;224_86;skos:broader;zthes_BT
224_87;164_79;skos:related;zthes_RT
224_88;224;skos:broader;structural
224_88;224_87;skos:broader;zthes_BT
224_92;224;skos:broader;structural
224_92;224_82;skos:broader;zthes_BT
224_92;164_26;skos:related;zthes_RT
224_92;222_75;skos:related;zthes_RT
224_92;362_33;skos:related;zthes_RT
224_93;224;skos:broader;structural
224_93;224_73;skos:broader;zthes_BT
224_93;141_98;skos:related;zthes_RT
224_93;162_62;skos:related;zthes_RT
224_93;164_25;skos:related;zthes_RT
224_93;362_43;skos:related;zthes_RT
311_01;311;skos:broader;structural
311_01;311_11;skos:broader;zthes_BT
311_01;413_25;skos:related;zthes_RT
311_02;311;skos:broader;structural
311_02;311_22;skos:broader;zthes_BT
311_02;122_89;skos:related;zthes_RT
311_04;311;skos:broader;structural
311_04;311_43;skos:broader;zthes_BT
311_04;321_68;skos:related;zthes_RT
311_10;311;skos:broader;structural
311_10;311_11;skos:broader;zthes_BT
311_10;323_62;skos:related;zthes_RT
311_10;333_23;skos:related;zthes_RT
311_11;311;skos:broader;structural
311_11;311_22;skos:broader;zthes_BT
311_12;311;skos:broader;structural
311_12;111_43;skos:broader;zthes_BT
311_12;311_22;skos:broader;zthes_BT
311_12;112_62;skos:related;zthes_RT
311_13;311;skos:broader;structural
311_13;311_43;skos:broader;zthes_BT
311_13;321_33;skos:related;zthes_RT
311_16;311;skos:broader;structural
311_16;311_26;skos:broader;zthes_BT
311_16;333_23;skos:related;zthes_RT
311_17;311;skos:broader;structural
311_17;311_26;skos:broader;zthes_BT
311_17;111_85;skos:related;zthes_RT
311_17;333_23;skos:related;zthes_RT
311_20;311;skos:broader;structural
311_20;311_22;skos:broader;zthes_BT
311_22;311;skos:broader;structural
311_22;311_42;skos:broader;zthes_BT
311_22;321_87;skos:related;zthes_RT
311_23;311;skos:broader;structural
311_23;311_33;skos:broader;zthes_BT
311_24;311;skos:broader;structural
311_24;311_43;skos:broader;zthes_BT
311_26;311;skos:broader;structural
311_26;311_35;skos:broader;zthes_BT
311_26;162_68;skos:related;zthes_RT
311_26;164_37;skos:related;zthes_RT
311_28;311;skos:broader;structural
311_28;311_57;skos:broader;zthes_BT
311_30;311;skos:broader;structural
311_30;311_20;skos:broader;zthes_BT
311_31;311;skos:broader;structural
311_31;311_42;skos:broader;zthes_BT
311_33;311;skos:broader;structural
311_33;311_43;skos:broader;zthes_BT
311_35;311;skos:broader;structural
311_35;311_55;skos:broader;zthes_BT
311_35;164_00;skos:related;zthes_RT
311_37;311;skos:broader;structural
311_37;311_35;skos:broader;zthes_BT
311_40;311;skos:broader;structural
311_40;311_51;skos:broader;zthes_BT
311_42;311;skos:broader;structural
311_42;311_43;skos:broader;zthes_BT
311_43;311;skos:broader;structural
311_43;311_55;skos:broader;zthes_BT
311_46;311;skos:broader;structural
311_46;311_57;skos:broader;zthes_BT
311_49;311;skos:broader;structural
311_49;311_57;skos:broader;zthes_BT
311_51;311;skos:broader;structural
311_51;311_42;skos:broader;zthes_BT
311_51;332_65;skos:related;zthes_RT
311_51;332_74;skos:related;zthes_RT
311_51;351_97;skos:related;zthes_RT
311_53;311;skos:broader;structural
311_53;311_55;skos:broader;zthes_BT
311_53;124_24;skos:related;zthes_RT
311_53;351_31;skos:related;zthes_RT
311_53;414_18;skos:related;zthes_RT
311_55;311;skos:broader;structural
311_57;311;skos:broader;structural
311_57;311_55;skos:broader;zthes_BT
311_58;311;skos:broader;structural
311_58;311_57;skos:broader;zthes_BT
311_60;311;skos:broader;structural
311_60;311_61;skos:broader;zthes_BT
311_60;332_58;skos:related;zthes_RT
311_60;333_22;skos:related;zthes_RT
311_61;311;skos:broader;structural
311_61;311_51;skos:broader;zthes_BT
311_70;311;skos:broader;structural
311_70;311_72;skos:broader;zthes_BT
311_70;321_71;skos:related;zthes_RT
311_72;311;skos:broader;structural
311_72;311_55;skos:broader;zthes_BT
311_72;321_73;skos:related;zthes_RT
311_72;333_45;skos:related;zthes_RT
311_72;341_58;skos:related;zthes_RT
311_73;311;skos:broader;structural
311_73;311_72;skos:broader;zthes_BT
311_73;311_75;skos:related;zthes_RT
311_75;311;skos:broader;structural
311_75;311_55;skos:broader;zthes_BT
311_75;311_73;skos:related;zthes_RT
311_75;311_76;skos:related;zthes_RT
311_76;311;skos:broader;structural
311_76;311_55;skos:broader;zthes_BT
311_76;311_75;skos:related;zthes_RT
311_79;311;skos:broader;structural
311_79;311_55;skos:broader;zthes_BT
311_83;311;skos:broader;structural
311_83;311_72;skos:broader;zthes_BT
311_83;131_60;skos:related;zthes_RT
311_83;142_75;skos:related;zthes_RT
311_83;333_84;skos:related;zthes_RT
311_83;333_86;skos:related;zthes_RT
311_87;311;skos:broader;structural
311_87;311_76;skos:broader;zthes_BT
311_91;311;skos:broader;structural
311_91;311_72;skos:broader;zthes_BT
321_03;321;skos:broader;structural
321_03;321_15;skos:broader;zthes_BT
321_04;321;skos:broader;structural
321_04;321_15;skos:broader;zthes_BT
321_04;323_42;skos:related;zthes_RT
321_06;321;skos:broader;structural
321_06;321_15;skos:broader;zthes_BT
321_06;321_54;skos:related;zthes_RT
321_07;321;skos:broader;structural
321_07;321_15;skos:broader;zthes_BT
321_15;321;skos:broader;structural
321_15;321_55;skos:broader;zthes_BT
321_15;323_55;skos:related;zthes_RT
321_15;323_82;skos:related;zthes_RT
321_17;321;skos:broader;structural
321_17;321_15;skos:broader;zthes_BT
321_17;323_77;skos:related;zthes_RT
321_17;351_31;skos:related;zthes_RT
321_21;321;skos:broader;structural
321_21;321_33;skos:broader;zthes_BT
321_21;333_84;skos:related;zthes_RT
321_21;334_03;skos:related;zthes_RT
321_22;321;skos:broader;structural
321_22;321_33;skos:broader;zthes_BT
321_23;321;skos:broader;structural
321_23;321_33;skos:broader;zthes_BT
321_28;321;skos:broader;structural
321_28;321_37;skos:broader;zthes_BT
321_33;321;skos:broader;structural
321_33;321_44;skos:broader;zthes_BT
321_33;311_13;skos:related;zthes_RT
321_33;412_08;skos:related;zthes_RT
321_34;321;skos:broader;structural
321_34;321_44;skos:broader;zthes_BT
321_35;321;skos:broader;structural
321_35;321_46;skos:broader;zthes_BT
321_35;321_54;skos:related;zthes_RT
321_36;321;skos:broader;structural
321_36;321_46;skos:broader;zthes_BT
321_37;321;skos:broader;structural
321_37;321_46;skos:broader;zthes_BT
321_38;321;skos:broader;structural
321_38;321_37;skos:broader;zthes_BT
321_38;323_28;skos:related;zthes_RT
321_42;321;skos:broader;structural
321_42;321_44;skos:broader;zthes_BT
321_43;321;skos:broader;structural
321_43;321_44;skos:broader;zthes_BT
321_44;321;skos:broader;structural
321_44;321_55;skos:broader;zthes_BT
321_46;321;skos:broader;structural
321_46;321_55;skos:broader;zthes_BT
321_46;351_86;skos:related;zthes_RT
321_48;321;skos:broader;structural
321_48;321_37;skos:broader;zthes_BT
321_53;321;skos:broader;structural
321_53;321_44;skos:broader;zthes_BT
321_54;321;skos:broader;structural
321_54;321_55;skos:broader;zthes_BT
321_54;321_06;skos:related;zthes_RT
321_54;321_35;skos:related;zthes_RT
321_55;321;skos:broader;structural
321_61;321;skos:broader;structural
321_61;321_72;skos:broader;zthes_BT
321_62;321;skos:broader;structural
321_62;321_73;skos:broader;zthes_BT
321_67;321;skos:broader;structural
321_67;321_77;skos:broader;zthes_BT
321_68;321;skos:broader;structural
321_68;321_77;skos:broader;zthes_BT
321_68;311_04;skos:related;zthes_RT
321_69;321;skos:broader;structural
321_69;321_68;skos:broader;zthes_BT
321_71;321;skos:broader;structural
321_71;321_72;skos:broader;zthes_BT
321_71;124_35;skos:related;zthes_RT
321_71;311_70;skos:related;zthes_RT
321_71;333_34;skos:related;zthes_RT
321_72;321;skos:broader;structural
321_72;321_73;skos:broader;zthes_BT
321_73;321;skos:broader;structural
321_73;321_55;skos:broader;zthes_BT
321_73;311_72;skos:related;zthes_RT
321_77;321;skos:broader;structural
321_77;321_55;skos:broader;zthes_BT
321_78;321;skos:broader;structural
321_78;321_77;skos:broader;zthes_BT
321_78;111_83;skos:related;zthes_RT
321_78;342_55;skos:related;zthes_RT
321_81;321;skos:broader;structural
321_81;321_73;skos:broader;zthes_BT
321_81;124_35;skos:related;zthes_RT
321_81;333_42;skos:related;zthes_RT
321_82;321;skos:broader;structural
321_82;321_73;skos:broader;zthes_BT
321_82;164_34;skos:related;zthes_RT
321_83;321;skos:broader;structural
321_83;321_73;skos:broader;zthes_BT
321_83;322_43;skos:related;zthes_RT
321_85;321;skos:broader;structural
321_85;321_55;skos:broader;zthes_BT
321_85;334_53;skos:related;zthes_RT
321_86;321;skos:broader;structural
321_86;321_77;skos:broader;zthes_BT
321_87;321;skos:broader;structural
321_87;321_77;skos:broader;zthes_BT
321_87;311_22;skos:related;zthes_RT
321_88;321;skos:broader;structural
321_88;321_77;skos:broader;zthes_BT
321_88;334_53;skos:related;zthes_RT
321_92;321;skos:broader;structural
321_92;321_82;skos:broader;zthes_BT
321_92;362_28;skos:related;zthes_RT
321_98;321;skos:broader;structural
321_98;321_77;skos:broader;zthes_BT
321_98;351_29;skos:related;zthes_RT
322_16;322;skos:broader;structural
322_16;322_26;skos:broader;zthes_BT
322_17;322;skos:broader;structural
322_17;322_26;skos:broader;zthes_BT
322_17;123_61;skos:related;zthes_RT
322_17;131_40;skos:related;zthes_RT
322_18;322;skos:broader;structural
322_18;322_17;skos:broader;zthes_BT
322_18;323_79;skos:related;zthes_RT
322_21;322;skos:broader;structural
322_21;322_55;skos:broader;zthes_BT
322_24;322;skos:broader;structural
322_24;322_55;skos:broader;zthes_BT
322_24;112_80;skos:related;zthes_RT
322_26;322;skos:broader;structural
322_26;322_55;skos:broader;zthes_BT
322_26;131_40;skos:related;zthes_RT
322_37;322;skos:broader;structural
322_37;322_55;skos:broader;zthes_BT
322_37;112_85;skos:related;zthes_RT
322_37;121_74;skos:related;zthes_RT
322_37;331_95;skos:related;zthes_RT
322_41;322;skos:broader;structural
322_41;322_42;skos:broader;zthes_BT
322_42;322;skos:broader;structural
322_42;322_53;skos:broader;zthes_BT
322_42;111_83;skos:related;zthes_RT
322_42;121_18;skos:related;zthes_RT
322_42;351_31;skos:related;zthes_RT
322_42;428_81;skos:related;zthes_RT
322_43;322;skos:broader;structural
322_43;322_53;skos:broader;zthes_BT
322_43;321_83;skos:related;zthes_RT
322_44;322;skos:broader;structural
322_44;322_53;skos:broader;zthes_BT
322_44;112_41;skos:related;zthes_RT
322_44;112_51;skos:related;zthes_RT
322_44;332_30;skos:related;zthes_RT
322_51;322;skos:broader;structural
322_51;322_52;skos:broader;zthes_BT
322_51;112_04;skos:related;zthes_RT
322_51;332_97;skos:related;zthes_RT
322_52;322;skos:broader;structural
322_52;322_53;skos:broader;zthes_BT
322_52;162_06;skos:related;zthes_RT
322_52;323_24;skos:related;zthes_RT
322_53;322;skos:broader;structural
322_53;322_55;skos:broader;zthes_BT
322_53;112_55;skos:related;zthes_RT
322_53;323_24;skos:related;zthes_RT
322_55;322;skos:broader;structural
322_55;323_24;skos:related;zthes_RT
322_55;323_82;skos:related;zthes_RT
322_57;322;skos:broader;structural
322_57;322_55;skos:broader;zthes_BT
322_57;143_55;skos:related;zthes_RT
322_57;323_67;skos:related;zthes_RT
322_57;323_77;skos:related;zthes_RT
322_61;322;skos:broader;structural
322_61;322_62;skos:broader;zthes_BT
322_62;322;skos:broader;structural
322_62;322_53;skos:broader;zthes_BT
322_64;322;skos:broader;structural
322_64;322_53;skos:broader;zthes_BT
322_65;322;skos:broader;structural
322_65;322_55;skos:broader;zthes_BT
322_65;132_67;skos:related;zthes_RT
322_66;322;skos:broader;structural
322_66;322_55;skos:broader;zthes_BT
322_66;333_23;skos:related;zthes_RT
322_68;322;skos:broader;structural
322_68;322_57;skos:broader;zthes_BT
322_68;143_35;skos:related;zthes_RT
322_71;322;skos:broader;structural
322_71;322_72;skos:broader;zthes_BT
322_71;112_06;skos:related;zthes_RT
322_72;322;skos:broader;structural
322_72;322_53;skos:broader;zthes_BT
322_74;322;skos:broader;structural
322_74;322_83;skos:broader;zthes_BT
322_74;111_23;skos:related;zthes_RT
322_74;111_75;skos:related;zthes_RT
322_74;322_85;skos:related;zthes_RT
322_77;322;skos:broader;structural
322_77;322_66;skos:broader;zthes_BT
322_83;322;skos:broader;structural
322_83;322_53;skos:broader;zthes_BT
322_83;134_32;skos:related;zthes_RT
322_84;322;skos:broader;structural
322_84;322_83;skos:broader;zthes_BT
322_84;111_13;skos:related;zthes_RT
322_84;161_92;skos:related;zthes_RT
322_85;322;skos:broader;structural
322_85;322_84;skos:broader;zthes_BT
322_85;161_92;skos:related;zthes_RT
322_85;322_74;skos:related;zthes_RT
322_92;322;skos:broader;structural
322_92;322_83;skos:broader;zthes_BT
322_93;322;skos:broader;structural
322_93;322_83;skos:broader;zthes_BT
322_94;322;skos:broader;structural
322_94;322_83;skos:broader;zthes_BT
322_94;112_66;skos:related;zthes_RT
323_00;323;skos:broader;structural
323_00;323_11;skos:broader;zthes_BT
323_01;323;skos:broader;structural
323_01;323_11;skos:broader;zthes_BT
323_10;323;skos:broader;structural
323_10;323_11;skos:broader;zthes_BT
323_10;162_68;skos:related;zthes_RT
323_10;162_89;skos:related;zthes_RT
323_10;162_98;skos:related;zthes_RT
323_11;323;skos:broader;structural
323_11;323_22;skos:broader;zthes_BT
323_13;323;skos:broader;structural
323_13;323_24;skos:broader;zthes_BT
323_13;351_48;skos:related;zthes_RT
323_14;323;skos:broader;structural
323_14;323_24;skos:broader;zthes_BT
323_21;323;skos:broader;structural
323_21;323_22;skos:broader;zthes_BT
323_22;323;skos:broader;structural
323_22;323_23;skos:broader;zthes_BT
323_23;323;skos:broader;structural
323_23;323_33;skos:broader;zthes_BT
323_24;323;skos:broader;structural
323_24;323_23;skos:broader;zthes_BT
323_24;322_52;skos:related;zthes_RT
323_24;322_53;skos:related;zthes_RT
323_24;322_55;skos:related;zthes_RT
323_28;323;skos:broader;structural
323_28;323_37;skos:broader;zthes_BT
323_28;321_38;skos:related;zthes_RT
323_32;323;skos:broader;structural
323_32;323_33;skos:broader;zthes_BT
323_33;323;skos:broader;structural
323_33;323_44;skos:broader;zthes_BT
323_35;323;skos:broader;structural
323_35;323_45;skos:broader;zthes_BT
323_35;124_27;skos:related;zthes_RT
323_35;131_90;skos:related;zthes_RT
323_37;323;skos:broader;structural
323_37;323_56;skos:broader;zthes_BT
323_38;323;skos:broader;structural
323_38;323_37;skos:broader;zthes_BT
323_38;323_77;skos:related;zthes_RT
323_42;323;skos:broader;structural
323_42;323_44;skos:broader;zthes_BT
323_42;321_04;skos:related;zthes_RT
323_44;323;skos:broader;structural
323_44;323_55;skos:broader;zthes_BT
323_45;323;skos:broader;structural
323_45;323_55;skos:broader;zthes_BT
323_48;323;skos:broader;structural
323_48;323_68;skos:broader;zthes_BT
323_49;323;skos:broader;structural
323_49;323_68;skos:broader;zthes_BT
323_53;323;skos:broader;structural
323_53;323_44;skos:broader;zthes_BT
323_53;352_08;skos:related;zthes_RT
323_55;323;skos:broader;structural
323_55;112_91;skos:related;zthes_RT
323_55;321_15;skos:related;zthes_RT
323_55;324_74;skos:related;zthes_RT
323_55;352_08;skos:related;zthes_RT
323_56;323;skos:broader;structural
323_56;323_55;skos:broader;zthes_BT
323_58;323;skos:broader;structural
323_58;323_68;skos:broader;zthes_BT
323_58;124_55;skos:related;zthes_RT
323_59;323;skos:broader;structural
323_59;323_68;skos:broader;zthes_BT
323_62;323;skos:broader;structural
323_62;323_72;skos:broader;zthes_BT
323_62;113_75;skos:related;zthes_RT
323_62;311_10;skos:related;zthes_RT
323_64;323;skos:broader;structural
323_64;323_55;skos:broader;zthes_BT
323_65;323;skos:broader;structural
323_65;323_55;skos:broader;zthes_BT
323_65;122_50;skos:related;zthes_RT
323_65;332_26;skos:related;zthes_RT
323_67;323;skos:broader;structural
323_67;323_56;skos:broader;zthes_BT
323_67;123_55;skos:related;zthes_RT
323_67;124_55;skos:related;zthes_RT
323_67;213_85;skos:related;zthes_RT
323_67;322_57;skos:related;zthes_RT
323_68;323;skos:broader;structural
323_68;323_67;skos:broader;zthes_BT
323_69;323;skos:broader;structural
323_69;323_68;skos:broader;zthes_BT
323_69;112_55;skos:related;zthes_RT
323_71;323;skos:broader;structural
323_71;323_72;skos:broader;zthes_BT
323_71;112_87;skos:related;zthes_RT
323_71;121_40;skos:related;zthes_RT
323_71;121_92;skos:related;zthes_RT
323_71;124_96;skos:related;zthes_RT
323_71;151_35;skos:related;zthes_RT
323_72;323;skos:broader;structural
323_72;323_73;skos:broader;zthes_BT
323_73;323;skos:broader;structural
323_73;323_64;skos:broader;zthes_BT
323_74;323;skos:broader;structural
323_74;323_64;skos:broader;zthes_BT
323_74;134_67;skos:related;zthes_RT
323_77;323;skos:broader;structural
323_77;323_67;skos:broader;zthes_BT
323_77;321_17;skos:related;zthes_RT
323_77;322_57;skos:related;zthes_RT
323_77;323_38;skos:related;zthes_RT
323_79;323;skos:broader;structural
323_79;323_68;skos:broader;zthes_BT
323_79;322_18;skos:related;zthes_RT
323_81;323;skos:broader;structural
323_81;323_72;skos:broader;zthes_BT
323_81;121_92;skos:related;zthes_RT
323_81;333_23;skos:related;zthes_RT
323_82;323;skos:broader;structural
323_82;323_72;skos:broader;zthes_BT
323_82;321_15;skos:related;zthes_RT
323_82;322_55;skos:related;zthes_RT
323_89;323;skos:broader;structural
323_89;323_79;skos:broader;zthes_BT
323_92;323;skos:broader;structural
323_92;323_82;skos:broader;zthes_BT
323_99;323;skos:broader;structural
323_99;323_89;skos:broader;zthes_BT
323_99;351_58;skos:related;zthes_RT
324_22;324;skos:broader;structural
324_22;324_32;skos:broader;zthes_BT
324_32;324;skos:broader;structural
324_32;324_42;skos:broader;zthes_BT
324_33;324;skos:broader;structural
324_33;324_42;skos:broader;zthes_BT
324_33;162_44;skos:related;zthes_RT
324_36;324;skos:broader;structural
324_36;324_46;skos:broader;zthes_BT
324_42;324;skos:broader;structural
324_42;324_53;skos:broader;zthes_BT
324_42;162_38;skos:related;zthes_RT
324_46;324;skos:broader;structural
324_46;324_57;skos:broader;zthes_BT
324_48;324;skos:broader;structural
324_48;324_57;skos:broader;zthes_BT
324_53;324;skos:broader;structural
324_53;324_55;skos:broader;zthes_BT
324_53;162_14;skos:related;zthes_RT
324_53;162_68;skos:related;zthes_RT
324_53;164_34;skos:related;zthes_RT
324_55;324;skos:broader;structural
324_57;324;skos:broader;structural
324_57;324_55;skos:broader;zthes_BT
324_57;351_31;skos:related;zthes_RT
324_57;351_61;skos:related;zthes_RT
324_57;351_62;skos:related;zthes_RT
324_62;324;skos:broader;structural
324_62;324_53;skos:broader;zthes_BT
324_66;324;skos:broader;structural
324_66;324_57;skos:broader;zthes_BT
324_68;324;skos:broader;structural
324_68;324_57;skos:broader;zthes_BT
324_69;324;skos:broader;structural
324_69;324_68;skos:broader;zthes_BT
324_70;324;skos:broader;structural
324_70;324_71;skos:broader;zthes_BT
324_71;324;skos:broader;structural
324_71;324_62;skos:broader;zthes_BT
324_71;161_78;skos:related;zthes_RT
324_71;161_86;skos:related;zthes_RT
324_72;324;skos:broader;structural
324_72;324_62;skos:broader;zthes_BT
324_74;324;skos:broader;structural
324_74;324_55;skos:broader;zthes_BT
324_74;323_55;skos:related;zthes_RT
324_74;351_06;skos:related;zthes_RT
324_74;351_53;skos:related;zthes_RT
324_74;362_63;skos:related;zthes_RT
324_77;324;skos:broader;structural
324_77;324_68;skos:broader;zthes_BT
324_77;162_40;skos:related;zthes_RT
324_77;351_22;skos:related;zthes_RT
324_79;324;skos:broader;structural
324_79;324_68;skos:broader;zthes_BT
324_79;351_74;skos:related;zthes_RT
324_80;324;skos:broader;structural
324_80;324_71;skos:broader;zthes_BT
324_82;324;skos:broader;structural
324_82;324_72;skos:broader;zthes_BT
331_02;331;skos:broader;structural
331_02;331_23;skos:broader;zthes_BT
331_04;331;skos:broader;structural
331_04;331_35;skos:broader;zthes_BT
331_06;331;skos:broader;structural
331_06;331_35;skos:broader;zthes_BT
331_06;141_55;skos:related;zthes_RT
331_06;152_55;skos:related;zthes_RT
331_10;331;skos:broader;structural
331_10;331_11;skos:broader;zthes_BT
331_10;113_33;skos:related;zthes_RT
331_10;164_63;skos:related;zthes_RT
331_11;331;skos:broader;structural
331_11;331_55;skos:broader;zthes_BT
331_15;331;skos:broader;structural
331_15;331_35;skos:broader;zthes_BT
331_17;331;skos:broader;structural
331_17;331_35;skos:broader;zthes_BT
331_17;141_55;skos:related;zthes_RT
331_19;331;skos:broader;structural
331_19;331_55;skos:broader;zthes_BT
331_19;351_85;skos:related;zthes_RT
331_23;331;skos:broader;structural
331_23;331_35;skos:broader;zthes_BT
331_23;212_81;skos:related;zthes_RT
331_27;331;skos:broader;structural
331_27;331_55;skos:broader;zthes_BT
331_31;331;skos:broader;structural
331_31;331_55;skos:broader;zthes_BT
331_31;332_28;skos:related;zthes_RT
331_35;331;skos:broader;structural
331_35;331_55;skos:broader;zthes_BT
331_36;331;skos:broader;structural
331_36;331_55;skos:broader;zthes_BT
331_36;111_23;skos:related;zthes_RT
331_37;331;skos:broader;structural
331_37;331_55;skos:broader;zthes_BT
331_38;331;skos:broader;structural
331_38;331_55;skos:broader;zthes_BT
331_38;111_23;skos:related;zthes_RT
331_38;131_87;skos:related;zthes_RT
331_44;331;skos:broader;structural
331_44;331_55;skos:broader;zthes_BT
331_44;335_41;skos:related;zthes_RT
331_47;331;skos:broader;structural
331_47;331_55;skos:broader;zthes_BT
331_47;111_46;skos:related;zthes_RT
331_47;131_45;skos:related;zthes_RT
331_48;331;skos:broader;structural
331_48;331_55;skos:broader;zthes_BT
331_49;331;skos:broader;structural
331_49;331_55;skos:broader;zthes_BT
331_49;131_67;skos:related;zthes_RT
331_49;134_44;skos:related;zthes_RT
331_49;332_04;skos:related;zthes_RT
331_49;332_06;skos:related;zthes_RT
331_49;332_25;skos:related;zthes_RT
331_50;331;skos:broader;structural
331_50;331_52;skos:broader;zthes_BT
331_50;112_64;skos:related;zthes_RT
331_52;331;skos:broader;structural
331_52;331_55;skos:broader;zthes_BT
331_52;332_22;skos:related;zthes_RT
331_52;333_16;skos:related;zthes_RT
331_55;331;skos:broader;structural
331_55;164_10;skos:related;zthes_RT
331_58;331;skos:broader;structural
331_58;331_55;skos:broader;zthes_BT
331_62;331;skos:broader;structural
331_62;331_55;skos:broader;zthes_BT
331_62;362_38;skos:related;zthes_RT
331_64;331;skos:broader;structural
331_64;331_75;skos:broader;zthes_BT
331_64;332_22;skos:related;zthes_RT
331_67;331;skos:broader;structural
331_67;331_55;skos:broader;zthes_BT
331_67;112_92;skos:related;zthes_RT
331_67;333_57;skos:related;zthes_RT
331_69;331;skos:broader;structural
331_69;331_67;skos:broader;zthes_BT
331_72;331;skos:broader;structural
331_72;331_55;skos:broader;zthes_BT
331_74;331;skos:broader;structural
331_74;331_75;skos:broader;zthes_BT
331_74;332_22;skos:related;zthes_RT
331_75;331;skos:broader;structural
331_75;331_55;skos:broader;zthes_BT
331_75;121_32;skos:related;zthes_RT
331_75;122_77;skos:related;zthes_RT
331_79;331;skos:broader;structural
331_79;331_67;skos:broader;zthes_BT
331_82;331;skos:broader;structural
331_82;331_72;skos:broader;zthes_BT
331_82;121_74;skos:related;zthes_RT
331_82;121_93;skos:related;zthes_RT
331_82;121_95;skos:related;zthes_RT
331_82;124_77;skos:related;zthes_RT
331_82;332_71;skos:related;zthes_RT
331_84;331;skos:broader;structural
331_84;331_75;skos:broader;zthes_BT
331_87;331;skos:broader;structural
331_87;331_55;skos:broader;zthes_BT
331_88;331;skos:broader;structural
331_88;331_87;skos:broader;zthes_BT
331_88;331_98;skos:related;zthes_RT
331_88;333_86;skos:related;zthes_RT
331_88;351_67;skos:related;zthes_RT
331_93;331;skos:broader;structural
331_93;331_82;skos:broader;zthes_BT
331_94;331;skos:broader;structural
331_94;331_75;skos:broader;zthes_BT
331_95;331;skos:broader;structural
331_95;331_75;skos:broader;zthes_BT
331_95;111_25;skos:related;zthes_RT
331_95;122_67;skos:related;zthes_RT
331_95;125_42;skos:related;zthes_RT
331_95;322_37;skos:related;zthes_RT
331_96;331;skos:broader;structural
331_96;331_87;skos:broader;zthes_BT
331_96;331_97;skos:related;zthes_RT
331_97;331;skos:broader;structural
331_97;331_87;skos:broader;zthes_BT
331_97;331_96;skos:related;zthes_RT
331_98;331;skos:broader;structural
331_98;331_87;skos:broader;zthes_BT
331_98;331_88;skos:related;zthes_RT
331_99;331;skos:broader;structural
331_99;331_87;skos:broader;zthes_BT
332_04;332;skos:broader;structural
332_04;332_25;skos:broader;zthes_BT
332_04;131_67;skos:related;zthes_RT
332_04;331_49;skos:related;zthes_RT
332_06;332;skos:broader;structural
332_06;332_25;skos:broader;zthes_BT
332_06;131_67;skos:related;zthes_RT
332_06;331_49;skos:related;zthes_RT
332_11;332;skos:broader;structural
332_11;332_55;skos:broader;zthes_BT
332_13;332;skos:broader;structural
332_13;332_34;skos:broader;zthes_BT
332_13;333_22;skos:related;zthes_RT
332_13;334_53;skos:related;zthes_RT
332_14;332;skos:broader;structural
332_14;332_24;skos:broader;zthes_BT
332_17;332;skos:broader;structural
332_17;332_36;skos:broader;zthes_BT
332_18;332;skos:broader;structural
332_18;332_28;skos:broader;zthes_BT
332_19;332;skos:broader;structural
332_19;332_18;skos:broader;zthes_BT
332_21;332;skos:broader;structural
332_21;332_42;skos:broader;zthes_BT
332_22;332;skos:broader;structural
332_22;332_32;skos:broader;zthes_BT
332_22;331_52;skos:related;zthes_RT
332_22;331_64;skos:related;zthes_RT
332_22;331_74;skos:related;zthes_RT
332_24;332;skos:broader;structural
332_24;332_35;skos:broader;zthes_BT
332_25;332;skos:broader;structural
332_25;332_35;skos:broader;zthes_BT
332_25;131_67;skos:related;zthes_RT
332_25;331_49;skos:related;zthes_RT
332_26;332;skos:broader;structural
332_26;332_35;skos:broader;zthes_BT
332_26;122_77;skos:related;zthes_RT
332_26;164_20;skos:related;zthes_RT
332_26;323_65;skos:related;zthes_RT
332_26;334_83;skos:related;zthes_RT
332_26;351_79;skos:related;zthes_RT
332_26;352_28;skos:related;zthes_RT
332_28;332;skos:broader;structural
332_28;332_55;skos:broader;zthes_BT
332_28;132_55;skos:related;zthes_RT
332_28;331_31;skos:related;zthes_RT
332_30;332;skos:broader;structural
332_30;332_42;skos:broader;zthes_BT
332_30;322_44;skos:related;zthes_RT
332_30;332_31;skos:related;zthes_RT
332_31;332;skos:broader;structural
332_31;332_42;skos:broader;zthes_BT
332_31;332_30;skos:related;zthes_RT
332_32;332;skos:broader;structural
332_32;332_42;skos:broader;zthes_BT
332_34;332;skos:broader;structural
332_34;332_44;skos:broader;zthes_BT
332_34;133_40;skos:related;zthes_RT
332_35;332;skos:broader;structural
332_35;332_55;skos:broader;zthes_BT
332_36;332;skos:broader;structural
332_36;332_55;skos:broader;zthes_BT
332_36;161_71;skos:related;zthes_RT
332_36;351_79;skos:related;zthes_RT
332_38;332;skos:broader;structural
332_38;332_55;skos:broader;zthes_BT
332_40;332;skos:broader;structural
332_40;332_55;skos:broader;zthes_BT
332_40;426_58;skos:related;zthes_RT
332_40;426_66;skos:related;zthes_RT
332_42;332;skos:broader;structural
332_42;332_55;skos:broader;zthes_BT
332_44;332;skos:broader;structural
332_44;332_55;skos:broader;zthes_BT
332_47;332;skos:broader;structural
332_47;332_55;skos:broader;zthes_BT
332_47;351_85;skos:related;zthes_RT
332_47;351_95;skos:related;zthes_RT
332_51;332;skos:broader;structural
332_51;332_55;skos:broader;zthes_BT
332_51;111_77;skos:related;zthes_RT
332_51;224_46;skos:related;zthes_RT
332_52;332;skos:broader;structural
332_52;332_55;skos:broader;zthes_BT
332_52;112_61;skos:related;zthes_RT
332_53;332;skos:broader;structural
332_53;332_55;skos:broader;zthes_BT
332_53;112_02;skos:related;zthes_RT
332_53;429_55;skos:related;zthes_RT
332_55;332;skos:broader;structural
332_56;332;skos:broader;structural
332_56;332_55;skos:broader;zthes_BT
332_58;332;skos:broader;structural
332_58;332_67;skos:broader;zthes_BT
332_58;311_60;skos:related;zthes_RT
332_59;332;skos:broader;structural
332_59;332_58;skos:broader;zthes_BT
332_59;112_58;skos:related;zthes_RT
332_61;332;skos:broader;structural
332_61;332_63;skos:broader;zthes_BT
332_63;332;skos:broader;structural
332_63;332_55;skos:broader;zthes_BT
332_63;112_41;skos:related;zthes_RT
332_65;332;skos:broader;structural
332_65;332_55;skos:broader;zthes_BT
332_65;311_51;skos:related;zthes_RT
332_65;341_57;skos:related;zthes_RT
332_67;332;skos:broader;structural
332_67;332_65;skos:broader;zthes_BT
332_68;332;skos:broader;structural
332_68;332_79;skos:broader;zthes_BT
332_68;332_69;skos:related;zthes_RT
332_69;332;skos:broader;structural
332_69;332_79;skos:broader;zthes_BT
332_69;332_68;skos:related;zthes_RT
332_69;351_29;skos:related;zthes_RT
332_71;332;skos:broader;structural
332_71;332_72;skos:broader;zthes_BT
332_71;331_82;skos:related;zthes_RT
332_72;332;skos:broader;structural
332_72;332_63;skos:broader;zthes_BT
332_73;332;skos:broader;structural
332_73;332_55;skos:broader;zthes_BT
332_74;332;skos:broader;structural
332_74;332_65;skos:broader;zthes_BT
332_74;311_51;skos:related;zthes_RT
332_75;332;skos:broader;structural
332_75;332_65;skos:broader;zthes_BT
332_77;332;skos:broader;structural
332_77;332_55;skos:broader;zthes_BT
332_79;332;skos:broader;structural
332_79;332_77;skos:broader;zthes_BT
332_80;332;skos:broader;structural
332_80;332_81;skos:broader;zthes_BT
332_80;112_07;skos:related;zthes_RT
332_80;112_85;skos:related;zthes_RT
332_80;131_07;skos:related;zthes_RT
332_81;332;skos:broader;structural
332_81;332_73;skos:broader;zthes_BT
332_81;112_23;skos:related;zthes_RT
332_81;141_55;skos:related;zthes_RT
332_82;332;skos:broader;structural
332_82;332_73;skos:broader;zthes_BT
332_82;342_51;skos:related;zthes_RT
332_83;332;skos:broader;structural
332_83;332_73;skos:broader;zthes_BT
332_83;112_23;skos:related;zthes_RT
332_83;141_55;skos:related;zthes_RT
332_86;332;skos:broader;structural
332_86;332_65;skos:broader;zthes_BT
332_87;332;skos:broader;structural
332_87;332_97;skos:broader;zthes_BT
332_87;342_75;skos:related;zthes_RT
332_87;362_52;skos:related;zthes_RT
332_88;332;skos:broader;structural
332_88;332_97;skos:broader;zthes_BT
332_88;342_75;skos:related;zthes_RT
332_88;421_44;skos:related;zthes_RT
332_89;332;skos:broader;structural
332_89;332_79;skos:broader;zthes_BT
332_91;332;skos:broader;structural
332_91;332_81;skos:broader;zthes_BT
332_91;112_64;skos:related;zthes_RT
332_92;332;skos:broader;structural
332_92;332_82;skos:broader;zthes_BT
332_94;332;skos:broader;structural
332_94;332_73;skos:broader;zthes_BT
332_96;332;skos:broader;structural
332_96;332_86;skos:broader;zthes_BT
332_96;421_44;skos:related;zthes_RT
332_96;421_47;skos:related;zthes_RT
332_97;332;skos:broader;structural
332_97;332_86;skos:broader;zthes_BT
332_97;112_04;skos:related;zthes_RT
332_97;322_51;skos:related;zthes_RT
332_97;332_87;skos:related;zthes_RT
332_97;332_99;skos:related;zthes_RT
332_97;341_32;skos:related;zthes_RT
332_97;342_17;skos:related;zthes_RT
332_97;342_58;skos:related;zthes_RT
332_97;421_44;skos:related;zthes_RT
332_98;332;skos:broader;structural
332_98;332_97;skos:broader;zthes_BT
332_98;342_75;skos:related;zthes_RT
332_98;421_44;skos:related;zthes_RT
332_99;332;skos:broader;structural
332_99;332_89;skos:broader;zthes_BT
332_99;332_97;skos:related;zthes_RT
333_14;333;skos:broader;structural
333_14;333_45;skos:broader;zthes_BT
333_14;333_22;skos:related;zthes_RT
333_15;333;skos:broader;structural
333_15;333_45;skos:broader;zthes_BT
333_16;333;skos:broader;structural
333_16;333_45;skos:broader;zthes_BT
333_16;331_52;skos:related;zthes_RT
333_17;333;skos:broader;structural
333_17;333_27;skos:broader;zthes_BT
333_21;333;skos:broader;structural
333_21;333_42;skos:broader;zthes_BT
333_22;333;skos:broader;structural
333_22;333_42;skos:broader;zthes_BT
333_22;311_60;skos:related;zthes_RT
333_22;332_13;skos:related;zthes_RT
333_22;333_14;skos:related;zthes_RT
333_22;334_53;skos:related;zthes_RT
333_22;413_33;skos:related;zthes_RT
333_23;333;skos:broader;structural
333_23;333_55;skos:broader;zthes_BT
333_23;311_10;skos:related;zthes_RT
333_23;311_16;skos:related;zthes_RT
333_23;311_17;skos:related;zthes_RT
333_23;322_66;skos:related;zthes_RT
333_23;323_81;skos:related;zthes_RT
333_27;333;skos:broader;structural
333_27;333_45;skos:broader;zthes_BT
333_27;413_43;skos:related;zthes_RT
333_30;333;skos:broader;structural
333_30;333_42;skos:broader;zthes_BT
333_31;333;skos:broader;structural
333_31;333_42;skos:broader;zthes_BT
333_33;333;skos:broader;structural
333_33;333_34;skos:broader;zthes_BT
333_33;124_35;skos:related;zthes_RT
333_34;333;skos:broader;structural
333_34;333_45;skos:broader;zthes_BT
333_34;321_71;skos:related;zthes_RT
333_42;333;skos:broader;structural
333_42;333_45;skos:broader;zthes_BT
333_42;122_79;skos:related;zthes_RT
333_42;124_33;skos:related;zthes_RT
333_42;124_34;skos:related;zthes_RT
333_42;124_35;skos:related;zthes_RT
333_42;321_81;skos:related;zthes_RT
333_42;335_14;skos:related;zthes_RT
333_45;333;skos:broader;structural
333_45;333_55;skos:broader;zthes_BT
333_45;311_72;skos:related;zthes_RT
333_45;335_14;skos:related;zthes_RT
333_45;335_81;skos:related;zthes_RT
333_45;413_33;skos:related;zthes_RT
333_48;333;skos:broader;structural
333_48;333_55;skos:broader;zthes_BT
333_48;341_58;skos:related;zthes_RT
333_50;333;skos:broader;structural
333_50;333_42;skos:broader;zthes_BT
333_54;333;skos:broader;structural
333_54;333_55;skos:broader;zthes_BT
333_55;333;skos:broader;structural
333_57;333;skos:broader;structural
333_57;333_55;skos:broader;zthes_BT
333_57;331_67;skos:related;zthes_RT
333_60;333;skos:broader;structural
333_60;333_42;skos:broader;zthes_BT
333_61;333;skos:broader;structural
333_61;333_42;skos:broader;zthes_BT
333_63;333;skos:broader;structural
333_63;333_55;skos:broader;zthes_BT
333_63;131_37;skos:related;zthes_RT
333_63;335_31;skos:related;zthes_RT
333_63;335_33;skos:related;zthes_RT
333_69;333;skos:broader;structural
333_69;333_55;skos:broader;zthes_BT
333_71;333;skos:broader;structural
333_71;333_72;skos:broader;zthes_BT
333_72;333;skos:broader;structural
333_72;333_42;skos:broader;zthes_BT
333_73;333;skos:broader;structural
333_73;333_63;skos:broader;zthes_BT
333_73;134_34;skos:related;zthes_RT
333_73;134_54;skos:related;zthes_RT
333_73;134_55;skos:related;zthes_RT
333_75;333;skos:broader;structural
333_75;333_55;skos:broader;zthes_BT
333_75;112_09;skos:related;zthes_RT
333_75;124_33;skos:related;zthes_RT
333_75;134_84;skos:related;zthes_RT
333_84;333;skos:broader;structural
333_84;333_55;skos:broader;zthes_BT
333_84;311_83;skos:related;zthes_RT
333_84;321_21;skos:related;zthes_RT
333_86;333;skos:broader;structural
333_86;333_55;skos:broader;zthes_BT
333_86;151_34;skos:related;zthes_RT
333_86;311_83;skos:related;zthes_RT
333_86;331_88;skos:related;zthes_RT
333_86;351_67;skos:related;zthes_RT
333_88;333;skos:broader;structural
333_88;333_55;skos:broader;zthes_BT
334_00;334;skos:broader;structural
334_00;334_53;skos:broader;zthes_BT
334_00;351_61;skos:related;zthes_RT
334_01;334;skos:broader;structural
334_01;334_53;skos:broader;zthes_BT
334_02;334;skos:broader;structural
334_02;334_22;skos:broader;zthes_BT
334_03;334;skos:broader;structural
334_03;334_33;skos:broader;zthes_BT
334_03;321_21;skos:related;zthes_RT
334_03;335_30;skos:related;zthes_RT
334_20;334;skos:broader;structural
334_20;334_41;skos:broader;zthes_BT
334_20;132_03;skos:related;zthes_RT
334_22;334;skos:broader;structural
334_22;334_33;skos:broader;zthes_BT
334_30;334;skos:broader;structural
334_30;334_41;skos:broader;zthes_BT
334_31;334;skos:broader;structural
334_31;334_41;skos:broader;zthes_BT
334_33;334;skos:broader;structural
334_33;334_53;skos:broader;zthes_BT
334_41;334;skos:broader;structural
334_41;334_61;skos:broader;zthes_BT
334_41;131_55;skos:related;zthes_RT
334_41;132_67;skos:related;zthes_RT
334_50;334;skos:broader;structural
334_50;334_61;skos:broader;zthes_BT
334_52;334;skos:broader;structural
334_52;334_53;skos:broader;zthes_BT
334_53;334;skos:broader;structural
334_53;131_55;skos:related;zthes_RT
334_53;132_57;skos:related;zthes_RT
334_53;321_85;skos:related;zthes_RT
334_53;321_88;skos:related;zthes_RT
334_53;332_13;skos:related;zthes_RT
334_53;333_22;skos:related;zthes_RT
334_53;335_53;skos:related;zthes_RT
334_61;334;skos:broader;structural
334_61;334_53;skos:broader;zthes_BT
334_70;334;skos:broader;structural
334_70;334_81;skos:broader;zthes_BT
334_73;334;skos:broader;structural
334_73;334_53;skos:broader;zthes_BT
334_80;334;skos:broader;structural
334_80;334_81;skos:broader;zthes_BT
334_81;334;skos:broader;structural
334_81;334_61;skos:broader;zthes_BT
334_82;334;skos:broader;structural
334_82;334_81;skos:broader;zthes_BT
334_83;334;skos:broader;structural
334_83;334_73;skos:broader;zthes_BT
334_83;332_26;skos:related;zthes_RT
334_90;334;skos:broader;structural
334_90;334_81;skos:broader;zthes_BT
334_92;334;skos:broader;structural
334_92;334_81;skos:broader;zthes_BT
334_92;351_48;skos:related;zthes_RT
334_93;334;skos:broader;structural
334_93;334_83;skos:broader;zthes_BT
335_03;335;skos:broader;structural
335_03;335_33;skos:broader;zthes_BT
335_06;335;skos:broader;structural
335_06;335_55;skos:broader;zthes_BT
335_07;335;skos:broader;structural
335_07;335_17;skos:broader;zthes_BT
335_07;213_02;skos:related;zthes_RT
335_08;335;skos:broader;structural
335_08;335_47;skos:broader;zthes_BT
335_08;132_91;skos:related;zthes_RT
335_14;335;skos:broader;structural
335_14;335_33;skos:broader;zthes_BT
335_14;333_42;skos:related;zthes_RT
335_14;333_45;skos:related;zthes_RT
335_17;335;skos:broader;structural
335_17;335_27;skos:broader;zthes_BT
335_17;123_93;skos:related;zthes_RT
335_18;335;skos:broader;structural
335_18;335_27;skos:broader;zthes_BT
335_19;335;skos:broader;structural
335_19;335_47;skos:broader;zthes_BT
335_19;131_91;skos:related;zthes_RT
335_19;132_88;skos:related;zthes_RT
335_21;335;skos:broader;structural
335_21;335_31;skos:broader;zthes_BT
335_24;335;skos:broader;structural
335_24;335_34;skos:broader;zthes_BT
335_24;131_37;skos:related;zthes_RT
335_26;335;skos:broader;structural
335_26;335_47;skos:broader;zthes_BT
335_27;335;skos:broader;structural
335_27;335_47;skos:broader;zthes_BT
335_30;335;skos:broader;structural
335_30;335_41;skos:broader;zthes_BT
335_30;334_03;skos:related;zthes_RT
335_31;335;skos:broader;structural
335_31;335_41;skos:broader;zthes_BT
335_31;333_63;skos:related;zthes_RT
335_33;335;skos:broader;structural
335_33;335_43;skos:broader;zthes_BT
335_33;131_37;skos:related;zthes_RT
335_33;333_63;skos:related;zthes_RT
335_34;335;skos:broader;structural
335_34;335_33;skos:broader;zthes_BT
335_39;335;skos:broader;structural
335_39;335_48;skos:broader;zthes_BT
335_39;131_90;skos:related;zthes_RT
335_39;134_55;skos:related;zthes_RT
335_41;335;skos:broader;structural
335_41;335_53;skos:broader;zthes_BT
335_41;331_44;skos:related;zthes_RT
335_42;335;skos:broader;structural
335_42;335_53;skos:broader;zthes_BT
335_43;335;skos:broader;structural
335_43;335_53;skos:broader;zthes_BT
335_45;335;skos:broader;structural
335_45;335_55;skos:broader;zthes_BT
335_46;335;skos:broader;structural
335_46;335_55;skos:broader;zthes_BT
335_46;134_55;skos:related;zthes_RT
335_47;335;skos:broader;structural
335_47;335_67;skos:broader;zthes_BT
335_48;335;skos:broader;structural
335_48;335_47;skos:broader;zthes_BT
335_49;335;skos:broader;structural
335_49;335_48;skos:broader;zthes_BT
335_49;124_79;skos:related;zthes_RT
335_50;335;skos:broader;structural
335_50;335_53;skos:broader;zthes_BT
335_53;335;skos:broader;structural
335_53;335_55;skos:broader;zthes_BT
335_53;334_53;skos:related;zthes_RT
335_55;335;skos:broader;structural
335_55;131_93;skos:related;zthes_RT
335_55;134_55;skos:related;zthes_RT
335_55;134_63;skos:related;zthes_RT
335_63;335;skos:broader;structural
335_63;335_64;skos:broader;zthes_BT
335_64;335;skos:broader;structural
335_64;335_53;skos:broader;zthes_BT
335_65;335;skos:broader;structural
335_65;335_55;skos:broader;zthes_BT
335_65;134_55;skos:related;zthes_RT
335_65;161_82;skos:related;zthes_RT
335_66;335;skos:broader;structural
335_66;335_65;skos:broader;zthes_BT
335_67;335;skos:broader;structural
335_67;335_55;skos:broader;zthes_BT
335_67;121_18;skos:related;zthes_RT
335_67;131_50;skos:related;zthes_RT
335_67;131_76;skos:related;zthes_RT
335_67;428_93;skos:related;zthes_RT
335_68;335;skos:broader;structural
335_68;335_67;skos:broader;zthes_BT
335_70;335;skos:broader;structural
335_70;335_81;skos:broader;zthes_BT
335_71;335;skos:broader;structural
335_71;335_81;skos:broader;zthes_BT
335_71;413_19;skos:related;zthes_RT
335_72;335;skos:broader;structural
335_72;335_81;skos:broader;zthes_BT
335_73;335;skos:broader;structural
335_73;335_64;skos:broader;zthes_BT
335_74;335;skos:broader;structural
335_74;335_64;skos:broader;zthes_BT
335_79;335;skos:broader;structural
335_79;335_67;skos:broader;zthes_BT
335_80;335;skos:broader;structural
335_80;335_81;skos:broader;zthes_BT
335_80;341_14;skos:related;zthes_RT
335_81;335;skos:broader;structural
335_81;335_53;skos:broader;zthes_BT
335_81;333_45;skos:related;zthes_RT
335_81;413_19;skos:related;zthes_RT
335_82;335;skos:broader;structural
335_82;335_81;skos:broader;zthes_BT
335_82;335_83;skos:related;zthes_RT
335_82;413_43;skos:related;zthes_RT
335_83;335;skos:broader;structural
335_83;335_64;skos:broader;zthes_BT
335_83;335_82;skos:related;zthes_RT
335_84;335;skos:broader;structural
335_84;335_64;skos:broader;zthes_BT
335_85;335;skos:broader;structural
335_85;335_64;skos:broader;zthes_BT
335_89;335;skos:broader;structural
335_89;335_67;skos:broader;zthes_BT
335_91;335;skos:broader;structural
335_91;335_81;skos:broader;zthes_BT
335_93;335;skos:broader;structural
335_93;335_64;skos:broader;zthes_BT
335_94;335;skos:broader;structural
335_94;335_64;skos:broader;zthes_BT
335_95;335;skos:broader;structural
335_95;335_67;skos:broader;zthes_BT
335_98;335;skos:broader;structural
335_98;335_67;skos:broader;zthes_BT
335_99;335;skos:broader;structural
335_99;335_67;skos:broader;zthes_BT
341_02;341;skos:broader;structural
341_02;341_13;skos:broader;zthes_BT
341_03;341;skos:broader;structural
341_03;341_13;skos:broader;zthes_BT
341_13;341;skos:broader;structural
341_13;341_23;skos:broader;zthes_BT
341_14;341;skos:broader;structural
341_14;341_23;skos:broader;zthes_BT
341_14;335_80;skos:related;zthes_RT
341_18;341;skos:broader;structural
341_18;341_37;skos:broader;zthes_BT
341_22;341;skos:broader;structural
341_22;341_32;skos:broader;zthes_BT
341_23;341;skos:broader;structural
341_23;341_33;skos:broader;zthes_BT
341_23;143_85;skos:related;zthes_RT
341_24;341;skos:broader;structural
341_24;341_33;skos:broader;zthes_BT
341_24;421_21;skos:related;zthes_RT
341_32;341;skos:broader;structural
341_32;341_62;skos:broader;zthes_BT
341_32;152_73;skos:related;zthes_RT
341_32;332_97;skos:related;zthes_RT
341_33;341;skos:broader;structural
341_33;341_53;skos:broader;zthes_BT
341_33;342_08;skos:related;zthes_RT
341_37;341;skos:broader;structural
341_37;341_55;skos:broader;zthes_BT
341_41;341;skos:broader;structural
341_41;341_62;skos:broader;zthes_BT
341_41;342_68;skos:related;zthes_RT
341_50;341;skos:broader;structural
341_50;341_62;skos:broader;zthes_BT
341_52;341;skos:broader;structural
341_52;341_63;skos:broader;zthes_BT
341_52;342_61;skos:related;zthes_RT
341_52;342_75;skos:related;zthes_RT
341_53;341;skos:broader;structural
341_53;341_63;skos:broader;zthes_BT
341_55;341;skos:broader;structural
341_55;141_43;skos:related;zthes_RT
341_55;142_75;skos:related;zthes_RT
341_55;342_55;skos:related;zthes_RT
341_55;421_52;skos:related;zthes_RT
341_57;341;skos:broader;structural
341_57;341_55;skos:broader;zthes_BT
341_57;332_65;skos:related;zthes_RT
341_58;341;skos:broader;structural
341_58;341_57;skos:broader;zthes_BT
341_58;311_72;skos:related;zthes_RT
341_58;333_48;skos:related;zthes_RT
341_62;341;skos:broader;structural
341_62;341_63;skos:broader;zthes_BT
341_63;341;skos:broader;structural
341_63;341_55;skos:broader;zthes_BT
341_65;341;skos:broader;structural
341_65;341_55;skos:broader;zthes_BT
341_65;152_36;skos:related;zthes_RT
341_65;423_55;skos:related;zthes_RT
341_68;341;skos:broader;structural
341_68;341_57;skos:broader;zthes_BT
341_70;341;skos:broader;structural
341_70;341_62;skos:broader;zthes_BT
341_79;341;skos:broader;structural
341_79;341_68;skos:broader;zthes_BT
341_81;341;skos:broader;structural
341_81;341_62;skos:broader;zthes_BT
341_84;341;skos:broader;structural
341_84;341_63;skos:broader;zthes_BT
341_87;341;skos:broader;structural
341_87;341_55;skos:broader;zthes_BT
341_87;152_24;skos:related;zthes_RT
341_87;152_26;skos:related;zthes_RT
341_88;341;skos:broader;structural
341_88;341_55;skos:broader;zthes_BT
341_88;143_25;skos:related;zthes_RT
341_88;143_55;skos:related;zthes_RT
341_88;143_85;skos:related;zthes_RT
341_91;341;skos:broader;structural
341_91;341_63;skos:broader;zthes_BT
341_92;341;skos:broader;structural
341_92;341_63;skos:broader;zthes_BT
341_95;341;skos:broader;structural
341_95;341_65;skos:broader;zthes_BT
342_08;342;skos:broader;structural
342_08;342_38;skos:broader;zthes_BT
342_08;341_33;skos:related;zthes_RT
342_11;342;skos:broader;structural
342_11;342_22;skos:broader;zthes_BT
342_13;342;skos:broader;structural
342_13;342_22;skos:broader;zthes_BT
342_14;342;skos:broader;structural
342_14;342_24;skos:broader;zthes_BT
342_14;151_48;skos:related;zthes_RT
342_14;426_35;skos:related;zthes_RT
342_17;342;skos:broader;structural
342_17;342_38;skos:broader;zthes_BT
342_17;332_97;skos:related;zthes_RT
342_22;342;skos:broader;structural
342_22;342_55;skos:broader;zthes_BT
342_22;426_45;skos:related;zthes_RT
342_22;428_05;skos:related;zthes_RT
342_24;342;skos:broader;structural
342_24;342_22;skos:broader;zthes_BT
342_24;342_36;skos:related;zthes_RT
342_24;426_45;skos:related;zthes_RT
342_27;342;skos:broader;structural
342_27;342_38;skos:broader;zthes_BT
342_36;342;skos:broader;structural
342_36;342_38;skos:broader;zthes_BT
342_36;342_24;skos:related;zthes_RT
342_38;342;skos:broader;structural
342_38;342_55;skos:broader;zthes_BT
342_38;411_22;skos:related;zthes_RT
342_42;342;skos:broader;structural
342_42;342_55;skos:broader;zthes_BT
342_42;111_83;skos:related;zthes_RT
342_48;342;skos:broader;structural
342_48;342_38;skos:broader;zthes_BT
342_51;342;skos:broader;structural
342_51;342_55;skos:broader;zthes_BT
342_51;111_75;skos:related;zthes_RT
342_51;131_86;skos:related;zthes_RT
342_51;132_63;skos:related;zthes_RT
342_51;332_82;skos:related;zthes_RT
342_55;342;skos:broader;structural
342_55;111_72;skos:related;zthes_RT
342_55;111_83;skos:related;zthes_RT
342_55;132_63;skos:related;zthes_RT
342_55;321_78;skos:related;zthes_RT
342_55;341_55;skos:related;zthes_RT
342_55;362_52;skos:related;zthes_RT
342_58;342;skos:broader;structural
342_58;342_68;skos:broader;zthes_BT
342_58;332_97;skos:related;zthes_RT
342_61;342;skos:broader;structural
342_61;342_55;skos:broader;zthes_BT
342_61;341_52;skos:related;zthes_RT
342_62;342;skos:broader;structural
342_62;342_55;skos:broader;zthes_BT
342_67;342;skos:broader;structural
342_67;342_55;skos:broader;zthes_BT
342_68;342;skos:broader;structural
342_68;342_77;skos:broader;zthes_BT
342_68;341_41;skos:related;zthes_RT
342_68;421_71;skos:related;zthes_RT
342_72;342;skos:broader;structural
342_72;342_55;skos:broader;zthes_BT
342_72;342_73;skos:related;zthes_RT
342_72;351_67;skos:related;zthes_RT
342_72;361_55;skos:related;zthes_RT
342_73;342;skos:broader;structural
342_73;342_55;skos:broader;zthes_BT
342_73;342_72;skos:related;zthes_RT
342_73;361_55;skos:related;zthes_RT
342_75;342;skos:broader;structural
342_75;342_55;skos:broader;zthes_BT
342_75;332_87;skos:related;zthes_RT
342_75;332_88;skos:related;zthes_RT
342_75;332_98;skos:related;zthes_RT
342_75;341_52;skos:related;zthes_RT
342_75;342_77;skos:related;zthes_RT
342_75;362_52;skos:related;zthes_RT
342_77;342;skos:broader;structural
342_77;342_55;skos:broader;zthes_BT
342_77;342_75;skos:related;zthes_RT
342_77;362_52;skos:related;zthes_RT
342_81;342;skos:broader;structural
342_81;342_72;skos:broader;zthes_BT
342_81;162_63;skos:related;zthes_RT
342_86;342;skos:broader;structural
342_86;342_77;skos:broader;zthes_BT
342_94;342;skos:broader;structural
342_94;342_73;skos:broader;zthes_BT
342_94;351_29;skos:related;zthes_RT
342_97;342;skos:broader;structural
342_97;342_77;skos:broader;zthes_BT
342_99;342;skos:broader;structural
342_99;342_77;skos:broader;zthes_BT
351_03;351;skos:broader;structural
351_03;351_53;skos:broader;zthes_BT
351_03;362_63;skos:related;zthes_RT
351_04;351;skos:broader;structural
351_04;351_53;skos:broader;zthes_BT
351_06;351;skos:broader;structural
351_06;351_44;skos:broader;zthes_BT
351_06;324_74;skos:related;zthes_RT
351_10;351;skos:broader;structural
351_10;351_31;skos:broader;zthes_BT
351_12;351;skos:broader;structural
351_12;351_53;skos:broader;zthes_BT
351_14;351;skos:broader;structural
351_14;351_53;skos:broader;zthes_BT
351_17;351;skos:broader;structural
351_17;351_47;skos:broader;zthes_BT
351_22;351;skos:broader;structural
351_22;351_53;skos:broader;zthes_BT
351_22;162_63;skos:related;zthes_RT
351_22;324_77;skos:related;zthes_RT
351_24;351;skos:broader;structural
351_24;351_53;skos:broader;zthes_BT
351_24;362_71;skos:related;zthes_RT
351_29;351;skos:broader;structural
351_29;351_47;skos:broader;zthes_BT
351_29;123_97;skos:related;zthes_RT
351_29;321_98;skos:related;zthes_RT
351_29;332_69;skos:related;zthes_RT
351_29;342_94;skos:related;zthes_RT
351_30;351;skos:broader;structural
351_30;351_31;skos:broader;zthes_BT
351_31;351;skos:broader;structural
351_31;351_62;skos:broader;zthes_BT
351_31;311_53;skos:related;zthes_RT
351_31;321_17;skos:related;zthes_RT
351_31;322_42;skos:related;zthes_RT
351_31;324_57;skos:related;zthes_RT
351_31;428_81;skos:related;zthes_RT
351_36;351;skos:broader;structural
351_36;351_55;skos:broader;zthes_BT
351_40;351;skos:broader;structural
351_40;351_62;skos:broader;zthes_BT
351_42;351;skos:broader;structural
351_42;351_53;skos:broader;zthes_BT
351_44;351;skos:broader;structural
351_44;351_54;skos:broader;zthes_BT
351_44;362_63;skos:related;zthes_RT
351_47;351;skos:broader;structural
351_47;351_55;skos:broader;zthes_BT
351_47;427_55;skos:related;zthes_RT
351_48;351;skos:broader;structural
351_48;351_47;skos:broader;zthes_BT
351_48;323_13;skos:related;zthes_RT
351_48;334_92;skos:related;zthes_RT
351_48;351_58;skos:related;zthes_RT
351_50;351;skos:broader;structural
351_50;351_62;skos:broader;zthes_BT
351_53;351;skos:broader;structural
351_53;351_55;skos:broader;zthes_BT
351_53;164_53;skos:related;zthes_RT
351_53;324_74;skos:related;zthes_RT
351_53;351_54;skos:related;zthes_RT
351_53;429_63;skos:related;zthes_RT
351_54;351;skos:broader;structural
351_54;351_55;skos:broader;zthes_BT
351_54;351_53;skos:related;zthes_RT
351_54;429_35;skos:related;zthes_RT
351_55;351;skos:broader;structural
351_58;351;skos:broader;structural
351_58;351_47;skos:broader;zthes_BT
351_58;323_99;skos:related;zthes_RT
351_58;351_48;skos:related;zthes_RT
351_61;351;skos:broader;structural
351_61;351_62;skos:broader;zthes_BT
351_61;162_06;skos:related;zthes_RT
351_61;324_57;skos:related;zthes_RT
351_61;334_00;skos:related;zthes_RT
351_62;351;skos:broader;structural
351_62;351_55;skos:broader;zthes_BT
351_62;324_57;skos:related;zthes_RT
351_67;351;skos:broader;structural
351_67;351_55;skos:broader;zthes_BT
351_67;331_88;skos:related;zthes_RT
351_67;333_86;skos:related;zthes_RT
351_67;342_72;skos:related;zthes_RT
351_67;352_55;skos:related;zthes_RT
351_69;351;skos:broader;structural
351_69;351_79;skos:broader;zthes_BT
351_70;351;skos:broader;structural
351_70;351_62;skos:broader;zthes_BT
351_70;162_40;skos:related;zthes_RT
351_74;351;skos:broader;structural
351_74;351_55;skos:broader;zthes_BT
351_74;161_86;skos:related;zthes_RT
351_74;324_79;skos:related;zthes_RT
351_74;351_85;skos:related;zthes_RT
351_78;351;skos:broader;structural
351_78;351_55;skos:broader;zthes_BT
351_79;351;skos:broader;structural
351_79;351_78;skos:broader;zthes_BT
351_79;332_26;skos:related;zthes_RT
351_79;332_36;skos:related;zthes_RT
351_82;351;skos:broader;structural
351_82;351_62;skos:broader;zthes_BT
351_85;351;skos:broader;structural
351_85;351_55;skos:broader;zthes_BT
351_85;161_35;skos:related;zthes_RT
351_85;161_79;skos:related;zthes_RT
351_85;331_19;skos:related;zthes_RT
351_85;332_47;skos:related;zthes_RT
351_85;351_74;skos:related;zthes_RT
351_85;352_60;skos:related;zthes_RT
351_86;351;skos:broader;structural
351_86;351_55;skos:broader;zthes_BT
351_86;321_46;skos:related;zthes_RT
351_87;351;skos:broader;structural
351_87;351_55;skos:broader;zthes_BT
351_89;351;skos:broader;structural
351_89;351_79;skos:broader;zthes_BT
351_90;351;skos:broader;structural
351_90;351_62;skos:broader;zthes_BT
351_95;351;skos:broader;structural
351_95;351_85;skos:broader;zthes_BT
351_95;332_47;skos:related;zthes_RT
351_96;351;skos:broader;structural
351_96;351_95;skos:broader;zthes_BT
351_97;351;skos:broader;structural
351_97;351_78;skos:broader;zthes_BT
351_97;311_51;skos:related;zthes_RT
351_98;351;skos:broader;structural
351_98;351_78;skos:broader;zthes_BT
351_99;351;skos:broader;structural
351_99;351_78;skos:broader;zthes_BT
352_08;352;skos:broader;structural
352_08;352_28;skos:broader;zthes_BT
352_08;323_53;skos:related;zthes_RT
352_08;323_55;skos:related;zthes_RT
352_08;352_16;skos:related;zthes_RT
352_13;352;skos:broader;structural
352_13;352_35;skos:broader;zthes_BT
352_14;352;skos:broader;structural
352_14;352_35;skos:broader;zthes_BT
352_15;352;skos:broader;structural
352_15;352_35;skos:broader;zthes_BT
352_16;352;skos:broader;structural
352_16;352_35;skos:broader;zthes_BT
352_16;352_08;skos:related;zthes_RT
352_21;352;skos:broader;structural
352_21;352_53;skos:broader;zthes_BT
352_23;352;skos:broader;structural
352_23;352_35;skos:broader;zthes_BT
352_27;352;skos:broader;structural
352_27;352_35;skos:broader;zthes_BT
352_28;352;skos:broader;structural
352_28;352_47;skos:broader;zthes_BT
352_28;332_26;skos:related;zthes_RT
352_29;352;skos:broader;structural
352_29;352_47;skos:broader;zthes_BT
352_29;352_48;skos:related;zthes_RT
352_29;362_39;skos:related;zthes_RT
352_31;352;skos:broader;structural
352_31;352_53;skos:broader;zthes_BT
352_33;352;skos:broader;structural
352_33;352_55;skos:broader;zthes_BT
352_35;352;skos:broader;structural
352_35;352_47;skos:broader;zthes_BT
352_35;122_53;skos:related;zthes_RT
352_39;352;skos:broader;structural
352_39;352_47;skos:broader;zthes_BT
352_39;352_48;skos:related;zthes_RT
352_41;352;skos:broader;structural
352_41;352_53;skos:broader;zthes_BT
352_46;352;skos:broader;structural
352_46;352_56;skos:broader;zthes_BT
352_47;352;skos:broader;structural
352_47;352_56;skos:broader;zthes_BT
352_48;352;skos:broader;structural
352_48;352_47;skos:broader;zthes_BT
352_48;352_29;skos:related;zthes_RT
352_48;352_39;skos:related;zthes_RT
352_51;352;skos:broader;structural
352_51;352_53;skos:broader;zthes_BT
352_53;352;skos:broader;structural
352_53;352_55;skos:broader;zthes_BT
352_55;352;skos:broader;structural
352_55;351_67;skos:related;zthes_RT
352_56;352;skos:broader;structural
352_56;352_55;skos:broader;zthes_BT
352_56;122_53;skos:related;zthes_RT
352_56;212_84;skos:related;zthes_RT
352_58;352;skos:broader;structural
352_58;352_47;skos:broader;zthes_BT
352_58;352_67;skos:related;zthes_RT
352_59;352;skos:broader;structural
352_59;352_47;skos:broader;zthes_BT
352_60;352;skos:broader;structural
352_60;352_73;skos:broader;zthes_BT
352_60;161_78;skos:related;zthes_RT
352_60;161_86;skos:related;zthes_RT
352_60;351_85;skos:related;zthes_RT
352_62;352;skos:broader;structural
352_62;352_53;skos:broader;zthes_BT
352_67;352;skos:broader;structural
352_67;352_56;skos:broader;zthes_BT
352_67;111_02;skos:related;zthes_RT
352_67;161_33;skos:related;zthes_RT
352_67;161_35;skos:related;zthes_RT
352_67;352_58;skos:related;zthes_RT
352_70;352;skos:broader;structural
352_70;352_71;skos:broader;zthes_BT
352_71;352;skos:broader;structural
352_71;352_73;skos:broader;zthes_BT
352_73;352;skos:broader;structural
352_73;352_53;skos:broader;zthes_BT
352_75;352;skos:broader;structural
352_75;352_56;skos:broader;zthes_BT
352_80;352;skos:broader;structural
352_80;352_91;skos:broader;zthes_BT
352_91;352;skos:broader;structural
352_91;352_73;skos:broader;zthes_BT
352_91;161_37;skos:related;zthes_RT
352_93;352;skos:broader;structural
352_93;352_73;skos:broader;zthes_BT
352_95;352;skos:broader;structural
352_95;352_56;skos:broader;zthes_BT
361_10;361;skos:broader;structural
361_10;361_61;skos:broader;zthes_BT
361_15;361;skos:broader;structural
361_15;361_25;skos:broader;zthes_BT
361_16;361;skos:broader;structural
361_16;361_25;skos:broader;zthes_BT
361_18;361;skos:broader;structural
361_18;361_38;skos:broader;zthes_BT
361_20;361;skos:broader;structural
361_20;361_61;skos:broader;zthes_BT
361_25;361;skos:broader;structural
361_25;361_45;skos:broader;zthes_BT
361_30;361;skos:broader;structural
361_30;361_61;skos:broader;zthes_BT
361_38;361;skos:broader;structural
361_38;361_55;skos:broader;zthes_BT
361_38;164_31;skos:related;zthes_RT
361_40;361;skos:broader;structural
361_40;361_61;skos:broader;zthes_BT
361_42;361;skos:broader;structural
361_42;361_55;skos:broader;zthes_BT
361_45;361;skos:broader;structural
361_45;361_55;skos:broader;zthes_BT
361_45;426_77;skos:related;zthes_RT
361_50;361;skos:broader;structural
361_50;361_61;skos:broader;zthes_BT
361_55;361;skos:broader;structural
361_55;342_72;skos:related;zthes_RT
361_55;342_73;skos:related;zthes_RT
361_57;361;skos:broader;structural
361_57;361_66;skos:broader;zthes_BT
361_57;362_22;skos:related;zthes_RT
361_60;361;skos:broader;structural
361_60;361_61;skos:broader;zthes_BT
361_61;361;skos:broader;structural
361_61;361_63;skos:broader;zthes_BT
361_63;361;skos:broader;structural
361_63;361_55;skos:broader;zthes_BT
361_66;361;skos:broader;structural
361_66;361_55;skos:broader;zthes_BT
361_66;121_28;skos:related;zthes_RT
361_66;426_66;skos:related;zthes_RT
361_68;361;skos:broader;structural
361_68;361_66;skos:broader;zthes_BT
361_70;361;skos:broader;structural
361_70;361_61;skos:broader;zthes_BT
361_74;361;skos:broader;structural
361_74;361_63;skos:broader;zthes_BT
361_74;361_81;skos:related;zthes_RT
361_78;361;skos:broader;structural
361_78;361_66;skos:broader;zthes_BT
361_78;361_88;skos:related;zthes_RT
361_80;361;skos:broader;structural
361_80;361_61;skos:broader;zthes_BT
361_81;361;skos:broader;structural
361_81;361_63;skos:broader;zthes_BT
361_81;125_51;skos:related;zthes_RT
361_81;222_77;skos:related;zthes_RT
361_81;361_74;skos:related;zthes_RT
361_81;429_02;skos:related;zthes_RT
361_83;361;skos:broader;structural
361_83;361_63;skos:broader;zthes_BT
361_84;361;skos:broader;structural
361_84;361_63;skos:broader;zthes_BT
361_87;361;skos:broader;structural
361_87;361_66;skos:broader;zthes_BT
361_88;361;skos:broader;structural
361_88;361_87;skos:broader;zthes_BT
361_88;361_78;skos:related;zthes_RT
361_91;361;skos:broader;structural
361_91;361_63;skos:broader;zthes_BT
361_92;361;skos:broader;structural
361_92;361_63;skos:broader;zthes_BT
361_92;141_87;skos:related;zthes_RT
361_93;361;skos:broader;structural
361_93;361_63;skos:broader;zthes_BT
361_93;125_72;skos:related;zthes_RT
362_08;362;skos:broader;structural
362_08;362_18;skos:broader;zthes_BT
362_15;362;skos:broader;structural
362_15;362_25;skos:broader;zthes_BT
362_18;362;skos:broader;structural
362_18;362_28;skos:broader;zthes_BT
362_18;111_85;skos:related;zthes_RT
362_19;362;skos:broader;structural
362_22;362;skos:broader;structural
362_22;362_35;skos:broader;zthes_BT
362_22;361_57;skos:related;zthes_RT
362_25;362;skos:broader;structural
362_25;362_35;skos:broader;zthes_BT
362_25;410_00;skos:related;zthes_RT
362_28;362;skos:broader;structural
362_28;362_35;skos:broader;zthes_BT
362_28;164_70;skos:related;zthes_RT
362_28;321_92;skos:related;zthes_RT
362_33;362;skos:broader;structural
362_33;362_43;skos:broader;zthes_BT
362_33;111_77;skos:related;zthes_RT
362_33;164_56;skos:related;zthes_RT
362_33;224_92;skos:related;zthes_RT
362_35;362;skos:broader;structural
362_35;362_55;skos:broader;zthes_BT
362_35;164_55;skos:related;zthes_RT
362_38;362;skos:broader;structural
362_38;362_28;skos:broader;zthes_BT
362_38;331_62;skos:related;zthes_RT
362_39;362;skos:broader;structural
362_39;362_38;skos:broader;zthes_BT
362_39;352_29;skos:related;zthes_RT
362_43;362;skos:broader;structural
362_43;362_55;skos:broader;zthes_BT
362_43;164_63;skos:related;zthes_RT
362_43;211_55;skos:related;zthes_RT
362_43;213_55;skos:related;zthes_RT
362_43;224_93;skos:related;zthes_RT
362_44;362;skos:broader;structural
362_44;362_55;skos:broader;zthes_BT
362_44;151_95;skos:related;zthes_RT
362_47;362;skos:broader;structural
362_47;362_55;skos:broader;zthes_BT
362_52;362;skos:broader;structural
362_52;362_62;skos:broader;zthes_BT
362_52;332_87;skos:related;zthes_RT
362_52;342_55;skos:related;zthes_RT
362_52;342_75;skos:related;zthes_RT
362_52;342_77;skos:related;zthes_RT
362_53;362;skos:broader;structural
362_53;362_64;skos:broader;zthes_BT
362_55;362;skos:broader;structural
362_62;362;skos:broader;structural
362_62;362_55;skos:broader;zthes_BT
362_62;152_73;skos:related;zthes_RT
362_63;362;skos:broader;structural
362_63;362_55;skos:broader;zthes_BT
362_63;324_74;skos:related;zthes_RT
362_63;351_03;skos:related;zthes_RT
362_63;351_44;skos:related;zthes_RT
362_63;362_71;skos:related;zthes_RT
362_63;429_35;skos:related;zthes_RT
362_64;362;skos:broader;structural
362_64;362_55;skos:broader;zthes_BT
362_68;362;skos:broader;structural
362_68;362_55;skos:broader;zthes_BT
362_71;362;skos:broader;structural
362_71;362_62;skos:broader;zthes_BT
362_71;351_24;skos:related;zthes_RT
362_71;362_63;skos:related;zthes_RT
362_73;362;skos:broader;structural
362_73;362_55;skos:broader;zthes_BT
362_75;362;skos:broader;structural
362_75;362_55;skos:broader;zthes_BT
362_75;152_75;skos:related;zthes_RT
362_77;362;skos:broader;structural
362_77;362_55;skos:broader;zthes_BT
362_80;362;skos:broader;structural
362_80;362_71;skos:broader;zthes_BT
362_81;362;skos:broader;structural
362_81;362_71;skos:broader;zthes_BT
410_00;410;skos:broader;structural
410_00;362_25;skos:related;zthes_RT
410_01;410;skos:broader;structural
410_01;410_00;skos:broader;zthes_BT
410_02;410;skos:broader;structural
410_02;410_00;skos:broader;zthes_BT
410_03;410;skos:broader;structural
410_03;410_00;skos:broader;zthes_BT
410_04;410;skos:broader;structural
410_04;410_00;skos:broader;zthes_BT
410_05;410;skos:broader;structural
410_05;410_00;skos:broader;zthes_BT
410_06;410;skos:broader;structural
410_06;410_00;skos:broader;zthes_BT
410_07;410;skos:broader;structural
410_07;410_00;skos:broader;zthes_BT
410_08;410;skos:broader;structural
410_08;410_00;skos:broader;zthes_BT
410_09;410;skos:broader;structural
410_09;410_00;skos:broader;zthes_BT
410_10;410;skos:broader;structural
410_10;410_00;skos:broader;zthes_BT
410_11;410;skos:broader;structural
410_11;410_00;skos:broader;zthes_BT
410_12;410;skos:broader;structural
410_12;410_00;skos:broader;zthes_BT
410_13;410;skos:broader;structural
410_13;410_00;skos:broader;zthes_BT
410_14;410;skos:broader;structural
410_14;410_00;skos:broader;zthes_BT
410_15;410;skos:broader;structural
410_15;410_00;skos:broader;zthes_BT
410_16;410;skos:broader;structural
410_16;410_00;skos:broader;zthes_BT
410_17;410;skos:broader;structural
410_17;410_00;skos:broader;zthes_BT
410_18;410;skos:broader;structural
410_18;410_00;skos:broader;zthes_BT
410_19;410;skos:broader;structural
410_19;410_00;skos:broader;zthes_BT
410_20;410;skos:broader;structural
410_20;410_00;skos:broader;zthes_BT
410_21;410;skos:broader;structural
410_21;410_00;skos:broader;zthes_BT
410_22;410;skos:broader;structural
410_22;410_00;skos:broader;zthes_BT
410_23;410;skos:broader;structural
410_23;410_00;skos:broader;zthes_BT
410_24;410;skos:broader;structural
410_24;410_00;skos:broader;zthes_BT
410_25;410;skos:broader;structural
410_25;410_00;skos:broader;zthes_BT
410_26;410;skos:broader;structural
410_26;410_00;skos:broader;zthes_BT
410_27;410;skos:broader;structural
410_27;410_00;skos:broader;zthes_BT
410_28;410;skos:broader;structural
410_28;410_00;skos:broader;zthes_BT
410_29;410;skos:broader;structural
410_29;410_00;skos:broader;zthes_BT
410_30;410;skos:broader;structural
410_30;410_00;skos:broader;zthes_BT
410_31;410;skos:broader;structural
410_31;410_00;skos:broader;zthes_BT
410_32;410;skos:broader;structural
410_32;410_00;skos:broader;zthes_BT
410_33;410;skos:broader;structural
410_33;410_00;skos:broader;zthes_BT
410_34;410;skos:broader;structural
410_34;410_00;skos:broader;zthes_BT
411_00;411;skos:broader;structural
411_01;411;skos:broader;structural
411_01;411_00;skos:broader;zthes_BT
411_02;411;skos:broader;structural
411_02;411_00;skos:broader;zthes_BT
411_03;411;skos:broader;structural
411_03;411_00;skos:broader;zthes_BT
411_04;411;skos:broader;structural
411_04;411_00;skos:broader;zthes_BT
411_05;411;skos:broader;structural
411_05;411_00;skos:broader;zthes_BT
411_06;411;skos:broader;structural
411_06;411_00;skos:broader;zthes_BT
411_07;411;skos:broader;structural
411_07;411_00;skos:broader;zthes_BT
411_08;411;skos:broader;structural
411_08;411_00;skos:broader;zthes_BT
411_09;411;skos:broader;structural
411_09;411_00;skos:broader;zthes_BT
411_10;411;skos:broader;structural
411_10;411_00;skos:broader;zthes_BT
411_11;411;skos:broader;structural
411_11;411_00;skos:broader;zthes_BT
411_12;411;skos:broader;structural
411_12;411_00;skos:broader;zthes_BT
411_13;411;skos:broader;structural
411_13;411_00;skos:broader;zthes_BT
411_14;411;skos:broader;structural
411_14;411_00;skos:broader;zthes_BT
411_15;411;skos:broader;structural
411_15;411_00;skos:broader;zthes_BT
411_16;411;skos:broader;structural
411_16;411_00;skos:broader;zthes_BT
411_17;411;skos:broader;structural
411_17;411_00;skos:broader;zthes_BT
411_18;411;skos:broader;structural
411_18;411_00;skos:broader;zthes_BT
411_19;411;skos:broader;structural
411_19;411_00;skos:broader;zthes_BT
411_20;411;skos:broader;structural
411_20;411_00;skos:broader;zthes_BT
411_21;411;skos:broader;structural
411_21;411_00;skos:broader;zthes_BT
411_22;411;skos:broader;structural
411_22;411_00;skos:broader;zthes_BT
411_22;342_38;skos:related;zthes_RT
411_23;411;skos:broader;structural
411_23;411_00;skos:broader;zthes_BT
411_24;411;skos:broader;structural
411_24;411_00;skos:broader;zthes_BT
411_25;411;skos:broader;structural
411_25;411_00;skos:broader;zthes_BT
411_26;411;skos:broader;structural
411_26;411_00;skos:broader;zthes_BT
411_27;411;skos:broader;structural
411_27;411_00;skos:broader;zthes_BT
411_28;411;skos:broader;structural
411_28;411_00;skos:broader;zthes_BT
411_29;411;skos:broader;structural
411_29;411_00;skos:broader;zthes_BT
411_30;411;skos:broader;structural
411_30;411_00;skos:broader;zthes_BT
411_31;411;skos:broader;structural
411_31;411_00;skos:broader;zthes_BT
411_32;411;skos:broader;structural
411_32;411_00;skos:broader;zthes_BT
411_33;411;skos:broader;structural
411_33;411_00;skos:broader;zthes_BT
411_34;411;skos:broader;structural
411_34;411_00;skos:broader;zthes_BT
411_36;411;skos:broader;structural
411_36;411_00;skos:broader;zthes_BT
411_37;411;skos:broader;structural
411_37;411_00;skos:broader;zthes_BT
411_38;411;skos:broader;structural
411_38;411_00;skos:broader;zthes_BT
411_39;411;skos:broader;structural
411_39;411_00;skos:broader;zthes_BT
411_40;411;skos:broader;structural
411_40;411_00;skos:broader;zthes_BT
411_42;411;skos:broader;structural
411_42;411_00;skos:broader;zthes_BT
411_43;411;skos:broader;structural
411_43;411_00;skos:broader;zthes_BT
411_44;411;skos:broader;structural
411_44;411_00;skos:broader;zthes_BT
411_46;411;skos:broader;structural
411_46;411_00;skos:broader;zthes_BT
411_50;411;skos:broader;structural
411_50;411_00;skos:broader;zthes_BT
411_52;411;skos:broader;structural
411_52;411_00;skos:broader;zthes_BT
411_54;411;skos:broader;structural
411_54;411_00;skos:broader;zthes_BT
411_56;411;skos:broader;structural
411_56;411_00;skos:broader;zthes_BT
411_57;411;skos:broader;structural
411_57;411_00;skos:broader;zthes_BT
411_58;411;skos:broader;structural
411_58;411_00;skos:broader;zthes_BT
411_60;411;skos:broader;structural
411_60;411_00;skos:broader;zthes_BT
411_61;411;skos:broader;structural
411_61;411_00;skos:broader;zthes_BT
411_62;411;skos:broader;structural
411_62;411_00;skos:broader;zthes_BT
411_63;411;skos:broader;structural
411_63;411_00;skos:broader;zthes_BT
411_69;411;skos:broader;structural
411_69;411_00;skos:broader;zthes_BT
411_70;411;skos:broader;structural
411_70;411_00;skos:broader;zthes_BT
411_71;411;skos:broader;structural
411_71;411_00;skos:broader;zthes_BT
411_72;411;skos:broader;structural
411_72;411_00;skos:broader;zthes_BT
411_73;411;skos:broader;structural
411_73;411_00;skos:broader;zthes_BT
411_75;411;skos:broader;structural
411_75;411_00;skos:broader;zthes_BT
411_76;411;skos:broader;structural
411_76;411_00;skos:broader;zthes_BT
411_77;411;skos:broader;structural
411_77;411_00;skos:broader;zthes_BT
411_78;411;skos:broader;structural
411_78;411_00;skos:broader;zthes_BT
411_79;411;skos:broader;structural
411_79;411_00;skos:broader;zthes_BT
411_80;411;skos:broader;structural
411_80;411_00;skos:broader;zthes_BT
411_82;411;skos:broader;structural
411_82;411_00;skos:broader;zthes_BT
411_83;411;skos:broader;structural
411_83;411_00;skos:broader;zthes_BT
411_84;411;skos:broader;structural
411_84;411_00;skos:broader;zthes_BT
411_86;411;skos:broader;structural
411_86;411_00;skos:broader;zthes_BT
411_87;411;skos:broader;structural
411_87;411_00;skos:broader;zthes_BT
411_88;411;skos:broader;structural
411_88;411_00;skos:broader;zthes_BT
411_94;411;skos:broader;structural
411_94;411_00;skos:broader;zthes_BT
411_95;411;skos:broader;structural
411_95;411_00;skos:broader;zthes_BT
411_96;411;skos:broader;structural
411_96;411_00;skos:broader;zthes_BT
411_97;411;skos:broader;structural
411_97;411_00;skos:broader;zthes_BT
411_98;411;skos:broader;structural
411_98;411_00;skos:broader;zthes_BT
411_99;411;skos:broader;structural
411_99;411_00;skos:broader;zthes_BT
412_00;412;skos:broader;structural
412_00;223_56;skos:related;zthes_RT
412_01;412;skos:broader;structural
412_01;412_00;skos:broader;zthes_BT
412_02;412;skos:broader;structural
412_02;412_00;skos:broader;zthes_BT
412_03;412;skos:broader;structural
412_03;412_00;skos:broader;zthes_BT
412_04;412;skos:broader;structural
412_04;412_00;skos:broader;zthes_BT
412_06;412;skos:broader;structural
412_06;412_00;skos:broader;zthes_BT
412_07;412;skos:broader;structural
412_07;412_00;skos:broader;zthes_BT
412_08;412;skos:broader;structural
412_08;412_00;skos:broader;zthes_BT
412_08;321_33;skos:related;zthes_RT
412_09;412;skos:broader;structural
412_09;412_00;skos:broader;zthes_BT
412_10;412;skos:broader;structural
412_10;412_00;skos:broader;zthes_BT
412_11;412;skos:broader;structural
412_11;412_00;skos:broader;zthes_BT
412_12;412;skos:broader;structural
412_12;412_00;skos:broader;zthes_BT
412_13;412;skos:broader;structural
412_13;412_00;skos:broader;zthes_BT
412_14;412;skos:broader;structural
412_14;412_00;skos:broader;zthes_BT
412_15;412;skos:broader;structural
412_15;412_00;skos:broader;zthes_BT
412_16;412;skos:broader;structural
412_16;412_00;skos:broader;zthes_BT
412_17;412;skos:broader;structural
412_17;412_00;skos:broader;zthes_BT
412_18;412;skos:broader;structural
412_18;412_00;skos:broader;zthes_BT
412_19;412;skos:broader;structural
412_19;412_00;skos:broader;zthes_BT
412_21;412;skos:broader;structural
412_21;412_00;skos:broader;zthes_BT
412_22;412;skos:broader;structural
412_22;412_00;skos:broader;zthes_BT
412_23;412;skos:broader;structural
412_23;412_00;skos:broader;zthes_BT
412_24;412;skos:broader;structural
412_24;412_00;skos:broader;zthes_BT
412_25;412;skos:broader;structural
412_25;412_00;skos:broader;zthes_BT
412_26;412;skos:broader;structural
412_26;412_00;skos:broader;zthes_BT
412_27;412;skos:broader;structural
412_27;412_00;skos:broader;zthes_BT
412_28;412;skos:broader;structural
412_28;412_00;skos:broader;zthes_BT
412_28;151_95;skos:related;zthes_RT
412_29;412;skos:broader;structural
412_29;412_00;skos:broader;zthes_BT
412_30;412;skos:broader;structural
412_30;412_00;skos:broader;zthes_BT
412_31;412;skos:broader;structural
412_31;412_00;skos:broader;zthes_BT
412_31;142_58;skos:related;zthes_RT
412_32;412;skos:broader;structural
412_32;412_00;skos:broader;zthes_BT
412_33;412;skos:broader;structural
412_33;412_00;skos:broader;zthes_BT
412_35;412;skos:broader;structural
412_35;412_00;skos:broader;zthes_BT
412_36;412;skos:broader;structural
412_36;412_00;skos:broader;zthes_BT
412_37;412;skos:broader;structural
412_37;412_00;skos:broader;zthes_BT
412_38;412;skos:broader;structural
412_38;412_00;skos:broader;zthes_BT
412_39;412;skos:broader;structural
412_39;412_00;skos:broader;zthes_BT
412_40;412;skos:broader;structural
412_40;412_00;skos:broader;zthes_BT
412_41;412;skos:broader;structural
412_41;412_00;skos:broader;zthes_BT
412_42;412;skos:broader;structural
412_42;412_00;skos:broader;zthes_BT
412_42;151_95;skos:related;zthes_RT
412_43;412;skos:broader;structural
412_43;412_00;skos:broader;zthes_BT
412_44;412;skos:broader;structural
412_44;412_00;skos:broader;zthes_BT
412_45;412;skos:broader;structural
412_45;412_00;skos:broader;zthes_BT
412_46;412;skos:broader;structural
412_46;412_00;skos:broader;zthes_BT
412_47;412;skos:broader;structural
412_47;412_00;skos:broader;zthes_BT
412_48;412;skos:broader;structural
412_48;412_00;skos:broader;zthes_BT
412_49;412;skos:broader;structural
412_49;412_00;skos:broader;zthes_BT
412_56;412;skos:broader;structural
412_56;412_00;skos:broader;zthes_BT
413_00;413;skos:broader;structural
413_01;413;skos:broader;structural
413_01;413_00;skos:broader;zthes_BT
413_02;413;skos:broader;structural
413_02;413_00;skos:broader;zthes_BT
413_03;413;skos:broader;structural
413_03;413_00;skos:broader;zthes_BT
413_04;413;skos:broader;structural
413_04;413_00;skos:broader;zthes_BT
413_05;413;skos:broader;structural
413_05;413_00;skos:broader;zthes_BT
413_06;413;skos:broader;structural
413_06;413_00;skos:broader;zthes_BT
413_07;413;skos:broader;structural
413_07;413_00;skos:broader;zthes_BT
413_08;413;skos:broader;structural
413_08;413_00;skos:broader;zthes_BT
413_10;413;skos:broader;structural
413_10;413_00;skos:broader;zthes_BT
413_12;413;skos:broader;structural
413_12;413_00;skos:broader;zthes_BT
413_13;413;skos:broader;structural
413_13;413_00;skos:broader;zthes_BT
413_14;413;skos:broader;structural
413_14;413_00;skos:broader;zthes_BT
413_15;413;skos:broader;structural
413_15;413_00;skos:broader;zthes_BT
413_16;413;skos:broader;structural
413_16;413_00;skos:broader;zthes_BT
413_17;413;skos:broader;structural
413_17;413_00;skos:broader;zthes_BT
413_18;413;skos:broader;structural
413_18;413_00;skos:broader;zthes_BT
413_19;413;skos:broader;structural
413_19;413_00;skos:broader;zthes_BT
413_19;335_71;skos:related;zthes_RT
413_19;335_81;skos:related;zthes_RT
413_20;413;skos:broader;structural
413_20;413_00;skos:broader;zthes_BT
413_22;413;skos:broader;structural
413_22;413_00;skos:broader;zthes_BT
413_23;413;skos:broader;structural
413_23;413_00;skos:broader;zthes_BT
413_24;413;skos:broader;structural
413_24;413_00;skos:broader;zthes_BT
413_25;413;skos:broader;structural
413_25;413_00;skos:broader;zthes_BT
413_25;311_01;skos:related;zthes_RT
413_27;413;skos:broader;structural
413_27;413_00;skos:broader;zthes_BT
413_28;413;skos:broader;structural
413_28;413_00;skos:broader;zthes_BT
413_29;413;skos:broader;structural
413_29;413_00;skos:broader;zthes_BT
413_30;413;skos:broader;structural
413_30;413_00;skos:broader;zthes_BT
413_31;413;skos:broader;structural
413_31;413_00;skos:broader;zthes_BT
413_32;413;skos:broader;structural
413_32;413_00;skos:broader;zthes_BT
413_33;413;skos:broader;structural
413_33;413_00;skos:broader;zthes_BT
413_33;124_35;skos:related;zthes_RT
413_33;333_22;skos:related;zthes_RT
413_33;333_45;skos:related;zthes_RT
413_34;413;skos:broader;structural
413_34;413_00;skos:broader;zthes_BT
413_35;413;skos:broader;structural
413_35;413_00;skos:broader;zthes_BT
413_36;413;skos:broader;structural
413_36;413_00;skos:broader;zthes_BT
413_36;413_46;skos:related;zthes_RT
413_37;413;skos:broader;structural
413_37;413_00;skos:broader;zthes_BT
413_38;413;skos:broader;structural
413_38;413_00;skos:broader;zthes_BT
413_39;413;skos:broader;structural
413_39;413_00;skos:broader;zthes_BT
413_40;413;skos:broader;structural
413_40;413_00;skos:broader;zthes_BT
413_41;413;skos:broader;structural
413_41;413_00;skos:broader;zthes_BT
413_41;142_58;skos:related;zthes_RT
413_42;413;skos:broader;structural
413_42;413_00;skos:broader;zthes_BT
413_43;413;skos:broader;structural
413_43;413_00;skos:broader;zthes_BT
413_43;333_27;skos:related;zthes_RT
413_43;335_82;skos:related;zthes_RT
413_45;413;skos:broader;structural
413_45;413_00;skos:broader;zthes_BT
413_46;413;skos:broader;structural
413_46;413_00;skos:broader;zthes_BT
413_46;413_36;skos:related;zthes_RT
413_47;413;skos:broader;structural
413_47;413_00;skos:broader;zthes_BT
413_48;413;skos:broader;structural
413_48;413_00;skos:broader;zthes_BT
413_49;413;skos:broader;structural
413_49;413_00;skos:broader;zthes_BT
413_50;413;skos:broader;structural
413_50;413_00;skos:broader;zthes_BT
414_00;414;skos:broader;structural
414_01;414;skos:broader;structural
414_01;414_00;skos:broader;zthes_BT
414_03;414;skos:broader;structural
414_03;414_00;skos:broader;zthes_BT
414_04;414;skos:broader;structural
414_04;414_00;skos:broader;zthes_BT
414_05;414;skos:broader;structural
414_05;414_00;skos:broader;zthes_BT
414_06;414;skos:broader;structural
414_06;414_00;skos:broader;zthes_BT
414_07;414;skos:broader;structural
414_07;414_00;skos:broader;zthes_BT
414_08;414;skos:broader;structural
414_08;414_00;skos:broader;zthes_BT
414_09;414;skos:broader;structural
414_09;414_00;skos:broader;zthes_BT
414_10;414;skos:broader;structural
414_10;414_00;skos:broader;zthes_BT
414_11;414;skos:broader;structural
414_11;414_00;skos:broader;zthes_BT
414_12;414;skos:broader;structural
414_12;414_00;skos:broader;zthes_BT
414_13;414;skos:broader;structural
414_13;414_00;skos:broader;zthes_BT
414_14;414;skos:broader;structural
414_14;414_00;skos:broader;zthes_BT
414_15;414;skos:broader;structural
414_15;414_00;skos:broader;zthes_BT
414_16;414;skos:broader;structural
414_16;414_00;skos:broader;zthes_BT
414_18;414;skos:broader;structural
414_18;414_00;skos:broader;zthes_BT
414_18;311_53;skos:related;zthes_RT
414_19;414;skos:broader;structural
414_19;414_00;skos:broader;zthes_BT
414_20;414;skos:broader;structural
414_20;414_00;skos:broader;zthes_BT
414_21;414;skos:broader;structural
414_21;414_00;skos:broader;zthes_BT
414_22;414;skos:broader;structural
414_22;414_00;skos:broader;zthes_BT
414_23;414;skos:broader;structural
414_23;414_00;skos:broader;zthes_BT
414_24;414;skos:broader;structural
414_24;414_00;skos:broader;zthes_BT
414_25;414;skos:broader;structural
414_25;414_00;skos:broader;zthes_BT
414_26;414;skos:broader;structural
414_26;414_00;skos:broader;zthes_BT
414_27;414;skos:broader;structural
414_27;414_00;skos:broader;zthes_BT
414_29;414;skos:broader;structural
414_29;414_00;skos:broader;zthes_BT
414_31;414;skos:broader;structural
414_31;414_00;skos:broader;zthes_BT
414_32;414;skos:broader;structural
414_32;414_00;skos:broader;zthes_BT
414_33;414;skos:broader;structural
414_33;414_00;skos:broader;zthes_BT
414_34;414;skos:broader;structural
414_34;414_00;skos:broader;zthes_BT
414_35;414;skos:broader;structural
414_35;414_00;skos:broader;zthes_BT
414_36;414;skos:broader;structural
414_36;414_00;skos:broader;zthes_BT
414_37;414;skos:broader;structural
414_37;414_00;skos:broader;zthes_BT
415_00;415;skos:broader;structural
415_01;415;skos:broader;structural
415_01;415_00;skos:broader;zthes_BT
415_02;415;skos:broader;structural
415_02;415_00;skos:broader;zthes_BT
415_03;415;skos:broader;structural
415_03;415_00;skos:broader;zthes_BT
415_04;415;skos:broader;structural
415_04;415_00;skos:broader;zthes_BT
415_05;415;skos:broader;structural
415_05;415_00;skos:broader;zthes_BT
415_06;415;skos:broader;structural
415_06;415_00;skos:broader;zthes_BT
415_07;415;skos:broader;structural
415_07;415_00;skos:broader;zthes_BT
415_08;415;skos:broader;structural
415_08;415_00;skos:broader;zthes_BT
415_09;415;skos:broader;structural
415_09;415_00;skos:broader;zthes_BT
415_11;415;skos:broader;structural
415_11;415_00;skos:broader;zthes_BT
415_12;415;skos:broader;structural
415_12;415_00;skos:broader;zthes_BT
415_13;415;skos:broader;structural
415_13;415_00;skos:broader;zthes_BT
415_14;415;skos:broader;structural
415_14;415_00;skos:broader;zthes_BT
415_15;415;skos:broader;structural
415_15;415_00;skos:broader;zthes_BT
415_16;415;skos:broader;structural
415_16;415_00;skos:broader;zthes_BT
415_17;415;skos:broader;structural
415_17;415_00;skos:broader;zthes_BT
415_20;415;skos:broader;structural
415_20;415_00;skos:broader;zthes_BT
415_21;415;skos:broader;structural
415_21;415_00;skos:broader;zthes_BT
415_22;415;skos:broader;structural
415_22;415_00;skos:broader;zthes_BT
415_23;415;skos:broader;structural
415_23;415_00;skos:broader;zthes_BT
415_24;415;skos:broader;structural
415_24;415_00;skos:broader;zthes_BT
415_25;415;skos:broader;structural
415_25;415_00;skos:broader;zthes_BT
415_26;415;skos:broader;structural
415_26;415_00;skos:broader;zthes_BT
415_27;415;skos:broader;structural
415_27;415_00;skos:broader;zthes_BT
415_28;415;skos:broader;structural
415_28;415_00;skos:broader;zthes_BT
415_29;415;skos:broader;structural
415_29;415_00;skos:broader;zthes_BT
415_30;415;skos:broader;structural
415_30;415_00;skos:broader;zthes_BT
415_31;415;skos:broader;structural
415_31;415_00;skos:broader;zthes_BT
415_32;415;skos:broader;structural
415_32;415_00;skos:broader;zthes_BT
415_33;415;skos:broader;structural
415_33;415_00;skos:broader;zthes_BT
415_34;415;skos:broader;structural
415_34;415_00;skos:broader;zthes_BT
415_35;415;skos:broader;structural
415_35;415_00;skos:broader;zthes_BT
416_00;416;skos:broader;structural
416_01;416;skos:broader;structural
416_01;416_00;skos:broader;zthes_BT
416_02;416;skos:broader;structural
416_02;416_00;skos:broader;zthes_BT
416_03;416;skos:broader;structural
416_03;416_00;skos:broader;zthes_BT
416_05;416;skos:broader;structural
416_05;416_00;skos:broader;zthes_BT
416_06;416;skos:broader;structural
416_06;416_00;skos:broader;zthes_BT
416_07;416;skos:broader;structural
416_07;416_00;skos:broader;zthes_BT
416_08;416;skos:broader;structural
416_08;416_00;skos:broader;zthes_BT
416_09;416;skos:broader;structural
416_09;416_00;skos:broader;zthes_BT
416_10;416;skos:broader;structural
416_10;416_00;skos:broader;zthes_BT
416_11;416;skos:broader;structural
416_11;416_00;skos:broader;zthes_BT
416_12;416;skos:broader;structural
416_12;416_00;skos:broader;zthes_BT
416_13;416;skos:broader;structural
416_13;416_00;skos:broader;zthes_BT
416_14;416;skos:broader;structural
416_14;416_00;skos:broader;zthes_BT
416_15;416;skos:broader;structural
416_15;416_00;skos:broader;zthes_BT
416_16;416;skos:broader;structural
416_16;416_00;skos:broader;zthes_BT
416_17;416;skos:broader;structural
416_17;416_00;skos:broader;zthes_BT
420_06;420;skos:broader;structural
420_06;420_27;skos:broader;zthes_BT
420_07;420;skos:broader;structural
420_07;420_27;skos:broader;zthes_BT
420_08;420;skos:broader;structural
420_08;420_18;skos:broader;zthes_BT
420_16;420;skos:broader;structural
420_16;420_27;skos:broader;zthes_BT
420_18;420;skos:broader;structural
420_18;420_38;skos:broader;zthes_BT
420_19;420;skos:broader;structural
420_19;420_38;skos:broader;zthes_BT
420_24;420;skos:broader;structural
420_24;420_55;skos:broader;zthes_BT
420_25;420;skos:broader;structural
420_25;420_55;skos:broader;zthes_BT
420_27;420;skos:broader;structural
420_27;420_37;skos:broader;zthes_BT
420_29;420;skos:broader;structural
420_29;420_38;skos:broader;zthes_BT
420_32;420;skos:broader;structural
420_32;420_42;skos:broader;zthes_BT
420_34;420;skos:broader;structural
420_34;420_55;skos:broader;zthes_BT
420_37;420;skos:broader;structural
420_37;420_55;skos:broader;zthes_BT
420_38;420;skos:broader;structural
420_38;420_55;skos:broader;zthes_BT
420_42;420;skos:broader;structural
420_42;420_53;skos:broader;zthes_BT
420_44;420;skos:broader;structural
420_44;420_55;skos:broader;zthes_BT
420_48;420;skos:broader;structural
420_48;420_55;skos:broader;zthes_BT
420_52;420;skos:broader;structural
420_52;420_53;skos:broader;zthes_BT
420_53;420;skos:broader;structural
420_53;420_55;skos:broader;zthes_BT
420_55;420;skos:broader;structural
420_57;420;skos:broader;structural
420_57;420_55;skos:broader;zthes_BT
420_64;420;skos:broader;structural
420_64;420_55;skos:broader;zthes_BT
420_67;420;skos:broader;structural
420_67;420_55;skos:broader;zthes_BT
420_69;420;skos:broader;structural
420_69;420_67;skos:broader;zthes_BT
420_73;420;skos:broader;structural
420_73;420_74;skos:broader;zthes_BT
420_74;420;skos:broader;structural
420_74;420_55;skos:broader;zthes_BT
420_76;420;skos:broader;structural
420_76;420_55;skos:broader;zthes_BT
420_77;420;skos:broader;structural
420_77;420_76;skos:broader;zthes_BT
420_79;420;skos:broader;structural
420_79;420_77;skos:broader;zthes_BT
420_83;420;skos:broader;structural
420_83;420_74;skos:broader;zthes_BT
420_86;420;skos:broader;structural
420_86;420_76;skos:broader;zthes_BT
420_88;420;skos:broader;structural
420_88;420_77;skos:broader;zthes_BT
420_89;420;skos:broader;structural
420_89;420_77;skos:broader;zthes_BT
420_92;420;skos:broader;structural
420_92;420_93;skos:broader;zthes_BT
420_93;420;skos:broader;structural
420_93;420_74;skos:broader;zthes_BT
420_96;420;skos:broader;structural
420_96;420_86;skos:broader;zthes_BT
420_97;420;skos:broader;structural
420_97;420_86;skos:broader;zthes_BT
420_98;420;skos:broader;structural
420_98;420_77;skos:broader;zthes_BT
420_99;420;skos:broader;structural
420_99;420_77;skos:broader;zthes_BT
421_03;421;skos:broader;structural
421_03;421_44;skos:broader;zthes_BT
421_05;421;skos:broader;structural
421_05;421_44;skos:broader;zthes_BT
421_13;421;skos:broader;structural
421_13;421_44;skos:broader;zthes_BT
421_15;421;skos:broader;structural
421_15;421_44;skos:broader;zthes_BT
421_20;421;skos:broader;structural
421_20;421_42;skos:broader;zthes_BT
421_20;142_85;skos:related;zthes_RT
421_21;421;skos:broader;structural
421_21;421_42;skos:broader;zthes_BT
421_21;341_24;skos:related;zthes_RT
421_27;421;skos:broader;structural
421_27;421_47;skos:broader;zthes_BT
421_28;421;skos:broader;structural
421_28;421_47;skos:broader;zthes_BT
421_30;421;skos:broader;structural
421_30;421_42;skos:broader;zthes_BT
421_33;421;skos:broader;structural
421_33;421_44;skos:broader;zthes_BT
421_35;421;skos:broader;structural
421_35;421_44;skos:broader;zthes_BT
421_36;421;skos:broader;structural
421_36;421_47;skos:broader;zthes_BT
421_38;421;skos:broader;structural
421_38;421_47;skos:broader;zthes_BT
421_42;421;skos:broader;structural
421_42;421_55;skos:broader;zthes_BT
421_44;421;skos:broader;structural
421_44;421_55;skos:broader;zthes_BT
421_44;112_04;skos:related;zthes_RT
421_44;332_88;skos:related;zthes_RT
421_44;332_96;skos:related;zthes_RT
421_44;332_97;skos:related;zthes_RT
421_44;332_98;skos:related;zthes_RT
421_47;421;skos:broader;structural
421_47;421_55;skos:broader;zthes_BT
421_47;112_04;skos:related;zthes_RT
421_47;332_96;skos:related;zthes_RT
421_48;421;skos:broader;structural
421_48;421_47;skos:broader;zthes_BT
421_52;421;skos:broader;structural
421_52;421_55;skos:broader;zthes_BT
421_52;341_55;skos:related;zthes_RT
421_55;421;skos:broader;structural
421_58;421;skos:broader;structural
421_58;421_67;skos:broader;zthes_BT
421_67;421;skos:broader;structural
421_67;421_55;skos:broader;zthes_BT
421_68;421;skos:broader;structural
421_68;421_67;skos:broader;zthes_BT
421_71;421;skos:broader;structural
421_71;421_55;skos:broader;zthes_BT
421_71;342_68;skos:related;zthes_RT
422_22;422;skos:broader;structural
422_22;422_43;skos:broader;zthes_BT
422_23;422;skos:broader;structural
422_23;422_43;skos:broader;zthes_BT
422_24;422;skos:broader;structural
422_24;422_34;skos:broader;zthes_BT
422_25;422;skos:broader;structural
422_25;422_34;skos:broader;zthes_BT
422_27;422;skos:broader;structural
422_27;422_37;skos:broader;zthes_BT
422_30;422;skos:broader;structural
422_30;422_43;skos:broader;zthes_BT
422_31;422;skos:broader;structural
422_31;422_43;skos:broader;zthes_BT
422_32;422;skos:broader;structural
422_32;422_43;skos:broader;zthes_BT
422_34;422;skos:broader;structural
422_34;422_55;skos:broader;zthes_BT
422_34;141_57;skos:related;zthes_RT
422_35;422;skos:broader;structural
422_35;422_34;skos:broader;zthes_BT
422_35;142_32;skos:related;zthes_RT
422_37;422;skos:broader;structural
422_37;422_56;skos:broader;zthes_BT
422_38;422;skos:broader;structural
422_38;422_56;skos:broader;zthes_BT
422_39;422;skos:broader;structural
422_39;422_56;skos:broader;zthes_BT
422_43;422;skos:broader;structural
422_43;422_55;skos:broader;zthes_BT
422_43;143_41;skos:related;zthes_RT
422_45;422;skos:broader;structural
422_45;422_55;skos:broader;zthes_BT
422_46;422;skos:broader;structural
422_46;422_56;skos:broader;zthes_BT
422_49;422;skos:broader;structural
422_49;422_56;skos:broader;zthes_BT
422_50;422;skos:broader;structural
422_50;422_51;skos:broader;zthes_BT
422_50;143_47;skos:related;zthes_RT
422_51;422;skos:broader;structural
422_51;422_55;skos:broader;zthes_BT
422_51;143_57;skos:related;zthes_RT
422_51;428_99;skos:related;zthes_RT
422_53;422;skos:broader;structural
422_53;422_55;skos:broader;zthes_BT
422_55;422;skos:broader;structural
422_55;152_32;skos:related;zthes_RT
422_56;422;skos:broader;structural
422_56;422_55;skos:broader;zthes_BT
422_56;142_43;skos:related;zthes_RT
422_56;152_34;skos:related;zthes_RT
422_59;422;skos:broader;structural
422_59;422_56;skos:broader;zthes_BT
422_67;422;skos:broader;structural
422_67;422_56;skos:broader;zthes_BT
422_67;152_24;skos:related;zthes_RT
422_67;152_26;skos:related;zthes_RT
422_68;422;skos:broader;structural
422_68;422_56;skos:broader;zthes_BT
422_69;422;skos:broader;structural
422_69;422_56;skos:broader;zthes_BT
422_71;422;skos:broader;structural
422_71;422_55;skos:broader;zthes_BT
422_71;143_25;skos:related;zthes_RT
422_73;422;skos:broader;structural
422_73;422_55;skos:broader;zthes_BT
422_76;422;skos:broader;structural
422_76;422_55;skos:broader;zthes_BT
422_80;422;skos:broader;structural
422_80;422_71;skos:broader;zthes_BT
422_81;422;skos:broader;structural
422_81;422_71;skos:broader;zthes_BT
422_84;422;skos:broader;structural
422_84;422_55;skos:broader;zthes_BT
422_86;422;skos:broader;structural
422_86;422_76;skos:broader;zthes_BT
422_86;152_12;skos:related;zthes_RT
422_88;422;skos:broader;structural
422_88;422_76;skos:broader;zthes_BT
422_88;152_20;skos:related;zthes_RT
422_94;422;skos:broader;structural
422_94;422_84;skos:broader;zthes_BT
422_95;422;skos:broader;structural
422_95;422_84;skos:broader;zthes_BT
423_15;423;skos:broader;structural
423_15;423_35;skos:broader;zthes_BT
423_15;152_47;skos:related;zthes_RT
423_26;423;skos:broader;structural
423_26;423_35;skos:broader;zthes_BT
423_33;423;skos:broader;structural
423_33;423_35;skos:broader;zthes_BT
423_35;423;skos:broader;structural
423_35;423_55;skos:broader;zthes_BT
423_35;152_57;skos:related;zthes_RT
423_39;423;skos:broader;structural
423_39;423_49;skos:broader;zthes_BT
423_41;423;skos:broader;structural
423_41;423_53;skos:broader;zthes_BT
423_41;163_72;skos:related;zthes_RT
423_49;423;skos:broader;structural
423_49;423_57;skos:broader;zthes_BT
423_51;423;skos:broader;structural
423_51;423_53;skos:broader;zthes_BT
423_51;213_15;skos:related;zthes_RT
423_51;213_55;skos:related;zthes_RT
423_53;423;skos:broader;structural
423_53;423_55;skos:broader;zthes_BT
423_55;423;skos:broader;structural
423_55;341_65;skos:related;zthes_RT
423_57;423;skos:broader;structural
423_57;423_55;skos:broader;zthes_BT
423_57;152_27;skos:related;zthes_RT
423_61;423;skos:broader;structural
423_61;423_53;skos:broader;zthes_BT
423_61;224_32;skos:related;zthes_RT
423_69;423;skos:broader;structural
423_69;423_57;skos:broader;zthes_BT
423_75;423;skos:broader;structural
423_75;423_55;skos:broader;zthes_BT
424_04;424;skos:broader;structural
424_04;424_45;skos:broader;zthes_BT
424_05;424;skos:broader;structural
424_05;424_45;skos:broader;zthes_BT
424_06;424;skos:broader;structural
424_06;424_45;skos:broader;zthes_BT
424_07;424;skos:broader;structural
424_07;424_45;skos:broader;zthes_BT
424_14;424;skos:broader;structural
424_14;424_45;skos:broader;zthes_BT
424_17;424;skos:broader;structural
424_17;424_45;skos:broader;zthes_BT
424_24;424;skos:broader;structural
424_24;424_45;skos:broader;zthes_BT
424_27;424;skos:broader;structural
424_27;424_45;skos:broader;zthes_BT
424_34;424;skos:broader;structural
424_34;424_45;skos:broader;zthes_BT
424_37;424;skos:broader;structural
424_37;424_45;skos:broader;zthes_BT
424_43;424;skos:broader;structural
424_43;424_55;skos:broader;zthes_BT
424_45;424;skos:broader;structural
424_45;424_55;skos:broader;zthes_BT
424_48;424;skos:broader;structural
424_48;424_57;skos:broader;zthes_BT
424_48;152_41;skos:related;zthes_RT
424_52;424;skos:broader;structural
424_52;424_64;skos:broader;zthes_BT
424_55;424;skos:broader;structural
424_55;152_73;skos:related;zthes_RT
424_57;424;skos:broader;structural
424_57;424_55;skos:broader;zthes_BT
424_59;424;skos:broader;structural
424_59;424_57;skos:broader;zthes_BT
424_64;424;skos:broader;structural
424_64;424_55;skos:broader;zthes_BT
424_69;424;skos:broader;structural
424_69;424_57;skos:broader;zthes_BT
424_74;424;skos:broader;structural
424_74;424_55;skos:broader;zthes_BT
424_75;424;skos:broader;structural
424_75;424_55;skos:broader;zthes_BT
424_77;424;skos:broader;structural
424_77;424_57;skos:broader;zthes_BT
424_79;424;skos:broader;structural
424_79;424_57;skos:broader;zthes_BT
424_84;424;skos:broader;structural
424_84;424_74;skos:broader;zthes_BT
424_86;424;skos:broader;structural
424_86;424_55;skos:broader;zthes_BT
424_88;424;skos:broader;structural
424_88;424_57;skos:broader;zthes_BT
425_03;425;skos:broader;structural
425_03;425_04;skos:broader;zthes_BT
425_04;425;skos:broader;structural
425_04;425_45;skos:broader;zthes_BT
425_05;425;skos:broader;structural
425_05;425_36;skos:broader;zthes_BT
425_06;425;skos:broader;structural
425_06;425_36;skos:broader;zthes_BT
425_07;425;skos:broader;structural
425_07;425_36;skos:broader;zthes_BT
425_07;426_75;skos:related;zthes_RT
425_17;425;skos:broader;structural
425_17;425_36;skos:broader;zthes_BT
425_22;425;skos:broader;structural
425_22;425_43;skos:broader;zthes_BT
425_24;425;skos:broader;structural
425_24;425_45;skos:broader;zthes_BT
425_27;425;skos:broader;structural
425_27;425_36;skos:broader;zthes_BT
425_32;425;skos:broader;structural
425_32;425_43;skos:broader;zthes_BT
425_34;425;skos:broader;structural
425_34;425_45;skos:broader;zthes_BT
425_36;425;skos:broader;structural
425_36;425_45;skos:broader;zthes_BT
425_37;425;skos:broader;structural
425_37;425_47;skos:broader;zthes_BT
425_38;425;skos:broader;structural
425_38;425_57;skos:broader;zthes_BT
425_39;425;skos:broader;structural
425_39;425_57;skos:broader;zthes_BT
425_41;425;skos:broader;structural
425_41;425_42;skos:broader;zthes_BT
425_42;425;skos:broader;structural
425_42;425_43;skos:broader;zthes_BT
425_43;425;skos:broader;structural
425_43;425_55;skos:broader;zthes_BT
425_45;425;skos:broader;structural
425_45;425_55;skos:broader;zthes_BT
425_47;425;skos:broader;structural
425_47;425_57;skos:broader;zthes_BT
425_49;425;skos:broader;structural
425_49;425_57;skos:broader;zthes_BT
425_52;425;skos:broader;structural
425_52;425_43;skos:broader;zthes_BT
425_55;425;skos:broader;structural
425_57;425;skos:broader;structural
425_57;425_55;skos:broader;zthes_BT
425_59;425;skos:broader;structural
425_59;425_57;skos:broader;zthes_BT
425_65;425;skos:broader;structural
425_65;425_55;skos:broader;zthes_BT
425_65;152_30;skos:related;zthes_RT
425_65;152_51;skos:related;zthes_RT
425_67;425;skos:broader;structural
425_67;425_55;skos:broader;zthes_BT
425_69;425;skos:broader;structural
425_69;425_57;skos:broader;zthes_BT
425_76;425;skos:broader;structural
425_76;425_65;skos:broader;zthes_BT
425_78;425;skos:broader;structural
425_78;425_67;skos:broader;zthes_BT
425_79;425;skos:broader;structural
425_79;425_57;skos:broader;zthes_BT
425_86;425;skos:broader;structural
425_86;425_65;skos:broader;zthes_BT
425_96;425;skos:broader;structural
425_96;425_65;skos:broader;zthes_BT
426_01;426;skos:broader;structural
426_01;426_43;skos:broader;zthes_BT
426_02;426;skos:broader;structural
426_02;426_43;skos:broader;zthes_BT
426_03;426;skos:broader;structural
426_03;426_43;skos:broader;zthes_BT
426_08;426;skos:broader;structural
426_08;426_09;skos:broader;zthes_BT
426_09;426;skos:broader;structural
426_09;426_46;skos:broader;zthes_BT
426_10;426;skos:broader;structural
426_10;426_43;skos:broader;zthes_BT
426_10;222_83;skos:related;zthes_RT
426_10;222_92;skos:related;zthes_RT
426_15;426;skos:broader;structural
426_15;426_26;skos:broader;zthes_BT
426_17;426;skos:broader;structural
426_17;426_46;skos:broader;zthes_BT
426_20;426;skos:broader;structural
426_20;426_43;skos:broader;zthes_BT
426_26;426;skos:broader;structural
426_26;426_46;skos:broader;zthes_BT
426_28;426;skos:broader;structural
426_28;426_46;skos:broader;zthes_BT
426_29;426;skos:broader;structural
426_29;426_46;skos:broader;zthes_BT
426_31;426;skos:broader;structural
426_31;426_43;skos:broader;zthes_BT
426_35;426;skos:broader;structural
426_35;426_55;skos:broader;zthes_BT
426_35;426_45;skos:broader;zthes_BT
426_35;342_14;skos:related;zthes_RT
426_39;426;skos:broader;structural
426_39;426_46;skos:broader;zthes_BT
426_43;426;skos:broader;structural
426_43;426_55;skos:broader;zthes_BT
426_45;426;skos:broader;structural
426_45;426_55;skos:broader;zthes_BT
426_45;342_22;skos:related;zthes_RT
426_45;342_24;skos:related;zthes_RT
426_46;426;skos:broader;structural
426_46;426_55;skos:broader;zthes_BT
426_48;426;skos:broader;structural
426_48;426_58;skos:broader;zthes_BT
426_55;426;skos:broader;structural
426_57;426;skos:broader;structural
426_57;426_55;skos:broader;zthes_BT
426_58;426;skos:broader;structural
426_58;426_57;skos:broader;zthes_BT
426_58;332_40;skos:related;zthes_RT
426_59;426;skos:broader;structural
426_59;426_58;skos:broader;zthes_BT
426_66;426;skos:broader;structural
426_66;426_55;skos:broader;zthes_BT
426_66;332_40;skos:related;zthes_RT
426_66;361_66;skos:related;zthes_RT
426_67;426;skos:broader;structural
426_67;426_57;skos:broader;zthes_BT
426_69;426;skos:broader;structural
426_69;426_57;skos:broader;zthes_BT
426_75;426;skos:broader;structural
426_75;426_55;skos:broader;zthes_BT
426_75;121_03;skos:related;zthes_RT
426_75;425_07;skos:related;zthes_RT
426_77;426;skos:broader;structural
426_77;426_67;skos:broader;zthes_BT
426_77;361_45;skos:related;zthes_RT
426_78;426;skos:broader;structural
426_78;426_57;skos:broader;zthes_BT
426_86;426;skos:broader;structural
426_86;426_75;skos:broader;zthes_BT
426_95;426;skos:broader;structural
426_95;426_75;skos:broader;zthes_BT
427_05;427;skos:broader;structural
427_05;427_46;skos:broader;zthes_BT
427_06;427;skos:broader;structural
427_06;427_46;skos:broader;zthes_BT
427_07;427;skos:broader;structural
427_07;427_46;skos:broader;zthes_BT
427_09;427;skos:broader;structural
427_09;427_46;skos:broader;zthes_BT
427_15;427;skos:broader;structural
427_15;427_46;skos:broader;zthes_BT
427_17;427;skos:broader;structural
427_17;427_46;skos:broader;zthes_BT
427_19;427;skos:broader;structural
427_19;427_46;skos:broader;zthes_BT
427_25;427;skos:broader;structural
427_25;427_46;skos:broader;zthes_BT
427_29;427;skos:broader;structural
427_29;427_46;skos:broader;zthes_BT
427_32;427;skos:broader;structural
427_32;427_43;skos:broader;zthes_BT
427_33;427;skos:broader;structural
427_33;427_43;skos:broader;zthes_BT
427_35;427;skos:broader;structural
427_35;427_46;skos:broader;zthes_BT
427_39;427;skos:broader;structural
427_39;427_46;skos:broader;zthes_BT
427_43;427;skos:broader;structural
427_43;427_55;skos:broader;zthes_BT
427_46;427;skos:broader;structural
427_46;427_55;skos:broader;zthes_BT
427_49;427;skos:broader;structural
427_49;427_46;skos:broader;zthes_BT
427_51;427;skos:broader;structural
427_51;427_52;skos:broader;zthes_BT
427_52;427;skos:broader;structural
427_52;427_55;skos:broader;zthes_BT
427_55;427;skos:broader;structural
427_55;152_31;skos:related;zthes_RT
427_55;351_47;skos:related;zthes_RT
427_57;427;skos:broader;structural
427_57;427_55;skos:broader;zthes_BT
427_65;427;skos:broader;structural
427_65;427_55;skos:broader;zthes_BT
427_78;427;skos:broader;structural
427_78;427_65;skos:broader;zthes_BT
427_84;427;skos:broader;structural
427_84;427_65;skos:broader;zthes_BT
427_85;427;skos:broader;structural
427_85;427_65;skos:broader;zthes_BT
427_88;427;skos:broader;structural
427_88;427_65;skos:broader;zthes_BT
427_96;427;skos:broader;structural
427_96;427_85;skos:broader;zthes_BT
427_98;427;skos:broader;structural
427_98;427_65;skos:broader;zthes_BT
428_01;428;skos:broader;structural
428_01;428_12;skos:broader;zthes_BT
428_02;428;skos:broader;structural
428_02;428_12;skos:broader;zthes_BT
428_05;428;skos:broader;structural
428_05;428_55;skos:broader;zthes_BT
428_05;125_68;skos:related;zthes_RT
428_05;141_99;skos:related;zthes_RT
428_05;342_22;skos:related;zthes_RT
428_12;428;skos:broader;structural
428_12;428_55;skos:broader;zthes_BT
428_16;428;skos:broader;structural
428_16;428_36;skos:broader;zthes_BT
428_17;428;skos:broader;structural
428_17;428_36;skos:broader;zthes_BT
428_24;428;skos:broader;structural
428_24;428_55;skos:broader;zthes_BT
428_28;428;skos:broader;structural
428_28;428_55;skos:broader;zthes_BT
428_28;141_20;skos:related;zthes_RT
428_30;428;skos:broader;structural
428_30;428_53;skos:broader;zthes_BT
428_31;428;skos:broader;structural
428_31;428_53;skos:broader;zthes_BT
428_32;428;skos:broader;structural
428_32;428_53;skos:broader;zthes_BT
428_32;141_75;skos:related;zthes_RT
428_36;428;skos:broader;structural
428_36;428_55;skos:broader;zthes_BT
428_36;141_79;skos:related;zthes_RT
428_40;428;skos:broader;structural
428_40;428_53;skos:broader;zthes_BT
428_43;428;skos:broader;structural
428_43;428_55;skos:broader;zthes_BT
428_48;428;skos:broader;structural
428_48;428_66;skos:broader;zthes_BT
428_50;428;skos:broader;structural
428_50;428_53;skos:broader;zthes_BT
428_51;428;skos:broader;structural
428_51;428_53;skos:broader;zthes_BT
428_53;428;skos:broader;structural
428_53;428_55;skos:broader;zthes_BT
428_55;428;skos:broader;structural
428_56;428;skos:broader;structural
428_56;224_54;skos:broader;zthes_BT
428_59;428;skos:broader;structural
428_59;428_66;skos:broader;zthes_BT
428_60;428;skos:broader;structural
428_60;428_53;skos:broader;zthes_BT
428_60;125_83;skos:related;zthes_RT
428_61;428;skos:broader;structural
428_61;428_53;skos:broader;zthes_BT
428_66;428;skos:broader;structural
428_66;428_55;skos:broader;zthes_BT
428_66;143_55;skos:related;zthes_RT
428_69;428;skos:broader;structural
428_69;428_66;skos:broader;zthes_BT
428_73;428;skos:broader;structural
428_73;428_55;skos:broader;zthes_BT
428_75;428;skos:broader;structural
428_75;428_66;skos:broader;zthes_BT
428_79;428;skos:broader;structural
428_79;428_66;skos:broader;zthes_BT
428_81;428;skos:broader;structural
428_81;428_73;skos:broader;zthes_BT
428_81;322_42;skos:related;zthes_RT
428_81;351_31;skos:related;zthes_RT
428_85;428;skos:broader;structural
428_85;428_66;skos:broader;zthes_BT
428_87;428;skos:broader;structural
428_87;428_66;skos:broader;zthes_BT
428_89;428;skos:broader;structural
428_89;428_66;skos:broader;zthes_BT
428_91;428;skos:broader;structural
428_91;428_73;skos:broader;zthes_BT
428_91;134_15;skos:related;zthes_RT
428_92;428;skos:broader;structural
428_92;428_73;skos:broader;zthes_BT
428_93;428;skos:broader;structural
428_93;428_73;skos:broader;zthes_BT
428_93;335_67;skos:related;zthes_RT
428_96;428;skos:broader;structural
428_96;428_66;skos:broader;zthes_BT
428_98;428;skos:broader;structural
428_98;428_66;skos:broader;zthes_BT
428_99;428;skos:broader;structural
428_99;428_66;skos:broader;zthes_BT
428_99;422_51;skos:related;zthes_RT
429_01;429;skos:broader;structural
429_01;429_21;skos:broader;zthes_BT
429_01;222_96;skos:related;zthes_RT
429_02;429;skos:broader;structural
429_02;429_21;skos:broader;zthes_BT
429_02;361_81;skos:related;zthes_RT
429_10;429;skos:broader;structural
429_10;429_21;skos:broader;zthes_BT
429_10;222_98;skos:related;zthes_RT
429_15;429;skos:broader;structural
429_15;429_25;skos:broader;zthes_BT
429_16;429;skos:broader;structural
429_16;429_25;skos:broader;zthes_BT
429_21;429;skos:broader;structural
429_21;429_42;skos:broader;zthes_BT
429_21;222_77;skos:related;zthes_RT
429_25;429;skos:broader;structural
429_25;429_55;skos:broader;zthes_BT
429_33;429;skos:broader;structural
429_33;429_55;skos:broader;zthes_BT
429_33;163_55;skos:related;zthes_RT
429_35;429;skos:broader;structural
429_35;429_55;skos:broader;zthes_BT
429_35;351_54;skos:related;zthes_RT
429_35;362_63;skos:related;zthes_RT
429_36;429;skos:broader;structural
429_36;429_55;skos:broader;zthes_BT
429_42;429;skos:broader;structural
429_42;429_55;skos:broader;zthes_BT
429_42;121_28;skos:related;zthes_RT
429_44;429;skos:broader;structural
429_44;429_55;skos:broader;zthes_BT
429_47;429;skos:broader;structural
429_47;429_57;skos:broader;zthes_BT
429_48;429;skos:broader;structural
429_48;429_57;skos:broader;zthes_BT
429_48;123_59;skos:related;zthes_RT
429_49;429;skos:broader;structural
429_49;429_57;skos:broader;zthes_BT
429_51;429;skos:broader;structural
429_51;429_53;skos:broader;zthes_BT
429_53;429;skos:broader;structural
429_53;429_55;skos:broader;zthes_BT
429_55;429;skos:broader;structural
429_55;112_02;skos:related;zthes_RT
429_55;121_07;skos:related;zthes_RT
429_55;332_53;skos:related;zthes_RT
429_57;429;skos:broader;structural
429_57;429_55;skos:broader;zthes_BT
429_57;123_33;skos:related;zthes_RT
429_63;429;skos:broader;structural
429_63;429_53;skos:broader;zthes_BT
429_63;351_53;skos:related;zthes_RT
429_65;429;skos:broader;structural
429_65;429_55;skos:broader;zthes_BT
429_65;123_31;skos:related;zthes_RT
429_66;429;skos:broader;structural
429_66;429_55;skos:broader;zthes_BT
429_67;429;skos:broader;structural
429_67;429_57;skos:broader;zthes_BT
429_69;429;skos:broader;structural
429_69;429_57;skos:broader;zthes_BT
429_71;429;skos:broader;structural
429_71;429_53;skos:broader;zthes_BT
429_72;429;skos:broader;structural
429_72;429_53;skos:broader;zthes_BT
429_74;429;skos:broader;structural
429_74;429_65;skos:broader;zthes_BT
429_76;429;skos:broader;structural
429_76;429_65;skos:broader;zthes_BT
429_76;123_20;skos:related;zthes_RT
429_78;429;skos:broader;structural
429_78;429_57;skos:broader;zthes_BT
429_79;429;skos:broader;structural
429_79;429_57;skos:broader;zthes_BT
429_79;123_78;skos:related;zthes_RT
429_84;429;skos:broader;structural
429_84;429_65;skos:broader;zthes_BT
429_86;429;skos:broader;structural
429_86;429_65;skos:broader;zthes_BT
429_86;123_01;skos:related;zthes_RT
429_94;429;skos:broader;structural
429_94;429_65;skos:broader;zthes_BT
429_95;429;skos:broader;structural
429_95;429_65;skos:broader;zthes_BT
429_96;429;skos:broader;structural
429_96;429_65;skos:broader;zthes_BT
429_96;124_35;skos:related;zthes_RT
