sous_groupe;descripteur_code;descripteur;relation;cible_code;cible_libelle;cible_url
111;111_48;ANALYSE DES SYSTEMES;terme_generique;111_47;THEORIE DES SYSTEMES;https://aciege.org/Dct/Fra/Fra_111_47.html
111;111_68;APPRENTISSAGE ORGANISATIONNEL;terme_generique;111_57;DEVELOPPEMENT DES ORGANISATIONS;https://aciege.org/Dct/Fra/Fra_111_57.html
111;111_68;APPRENTISSAGE ORGANISATIONNEL;employe_pour;Or_3258;Organisation apprenante;https://aciege.org/Dct/Fra/Or_3258.html
111;111_96;BUREAUCRATIE;terme_generique;111_76;STYLE DE MANAGEMENT;https://aciege.org/Dct/Fra/Fra_111_76.html
111;111_35;CHAINE DE VALEUR;terme_generique;111_55;ORGANISATION;https://aciege.org/Dct/Fra/Fra_111_55.html
111;111_35;CHAINE DE VALEUR;terme_specifique;111_25;COMPETITIVITE;https://aciege.org/Dct/Fra/Fra_111_25.html
111;111_58;CHANGEMENT ORGANISATIONNEL;terme_generique;111_57;DEVELOPPEMENT DES ORGANISATIONS;https://aciege.org/Dct/Fra/Fra_111_57.html
111;111_58;CHANGEMENT ORGANISATIONNEL;employe_pour;Ag_2414;Agilité de l'entreprise;https://aciege.org/Dct/Fra/Ag_2414.html
111;111_58;CHANGEMENT ORGANISATIONNEL;employe_pour;Re_3420;Reengineering;https://aciege.org/Dct/Fra/Re_3420.html
111;111_58;CHANGEMENT ORGANISATIONNEL;employe_pour;Re_3453;Réforme de l'entreprise;https://aciege.org/Dct/Fra/Re_3453.html
111;111_02;CHEF D'ENTREPRISE;terme_generique;111_22;HIERARCHIE;https://aciege.org/Dct/Fra/Fra_111_22.html
111;111_02;CHEF D'ENTREPRISE;employe_pour;En_2835;Entrepreneur;https://aciege.org/Dct/Fra/En_2835.html
111;111_78;COMMUNAUTE DE PRATIQUE;terme_generique;111_77;MANAGEMENT DES CONNAISSANCES;https://aciege.org/Dct/Fra/Fra_111_77.html
111;111_25;COMPETITIVITE;terme_generique;111_35;CHAINE DE VALEUR;https://aciege.org/Dct/Fra/Fra_111_35.html
111;111_25;COMPETITIVITE;employe_pour;Av_2499;Avantage Concurrentiel;https://aciege.org/Dct/Fra/Av_2499.html
111;111_13;CONSEIL D'ADMINISTRATION;terme_generique;111_23;GOUVERNANCE DE L'ENTREPRISE;https://aciege.org/Dct/Fra/Fra_111_23.html
111;111_13;CONSEIL D'ADMINISTRATION;employe_pour;Ad_2396;Administrateur;https://aciege.org/Dct/Fra/Ad_2396.html
111;111_87;CULTURE ORGANISATIONNELLE;terme_generique;111_76;STYLE DE MANAGEMENT;https://aciege.org/Dct/Fra/Fra_111_76.html
111;111_87;CULTURE ORGANISATIONNELLE;employe_pour;Cu_2718;Culture d'entreprise;https://aciege.org/Dct/Fra/Cu_2718.html
111;111_87;CULTURE ORGANISATIONNELLE;employe_pour;Id_2975;Identité organisationnelle;https://aciege.org/Dct/Fra/Id_2975.html
111;111_01;DELEGATION DE RESPONSABILITE;terme_generique;111_22;HIERARCHIE;https://aciege.org/Dct/Fra/Fra_111_22.html
111;111_01;DELEGATION DE RESPONSABILITE;employe_pour;De_2774;Délégation de l'autorité;https://aciege.org/Dct/Fra/De_2774.html
111;111_57;DEVELOPPEMENT DES ORGANISATIONS;terme_generique;111_55;ORGANISATION;https://aciege.org/Dct/Fra/Fra_111_55.html
111;111_57;DEVELOPPEMENT DES ORGANISATIONS;terme_specifique;111_68;APPRENTISSAGE ORGANISATIONNEL;https://aciege.org/Dct/Fra/Fra_111_68.html
111;111_57;DEVELOPPEMENT DES ORGANISATIONS;terme_specifique;111_58;CHANGEMENT ORGANISATIONNEL;https://aciege.org/Dct/Fra/Fra_111_58.html
111;111_12;DIRECTION GENERALE;terme_generique;111_22;HIERARCHIE;https://aciege.org/Dct/Fra/Fra_111_22.html
111;111_12;DIRECTION GENERALE;employe_pour;Co_2631;Comité de direction;https://aciege.org/Dct/Fra/Co_2631.html
111;111_85;ETHIQUE PROFESSIONNELLE;terme_generique;111_65;MANAGEMENT;https://aciege.org/Dct/Fra/Fra_111_65.html
111;111_85;ETHIQUE PROFESSIONNELLE;employe_pour;De_2779;Déontologie;https://aciege.org/Dct/Fra/De_2779.html
111;111_85;ETHIQUE PROFESSIONNELLE;employe_pour;Et_2860;Ethique de l'entreprise;https://aciege.org/Dct/Fra/Et_2860.html
111;111_23;GOUVERNANCE DE L'ENTREPRISE;terme_generique;111_43;STRUCTURE DE L'ENTREPRISE;https://aciege.org/Dct/Fra/Fra_111_43.html
111;111_23;GOUVERNANCE DE L'ENTREPRISE;terme_specifique;111_13;CONSEIL D'ADMINISTRATION;https://aciege.org/Dct/Fra/Fra_111_13.html
111;111_22;HIERARCHIE;terme_generique;111_43;STRUCTURE DE L'ENTREPRISE;https://aciege.org/Dct/Fra/Fra_111_43.html
111;111_22;HIERARCHIE;terme_specifique;111_02;CHEF D'ENTREPRISE;https://aciege.org/Dct/Fra/Fra_111_02.html
111;111_22;HIERARCHIE;terme_specifique;111_01;DELEGATION DE RESPONSABILITE;https://aciege.org/Dct/Fra/Fra_111_01.html
111;111_22;HIERARCHIE;terme_specifique;111_12;DIRECTION GENERALE;https://aciege.org/Dct/Fra/Fra_111_12.html
111;111_65;MANAGEMENT;terme_generique;111_55;ORGANISATION;https://aciege.org/Dct/Fra/Fra_111_55.html
111;111_65;MANAGEMENT;terme_specifique;111_85;ETHIQUE PROFESSIONNELLE;https://aciege.org/Dct/Fra/Fra_111_85.html
111;111_65;MANAGEMENT;terme_specifique;111_94;MANAGEMENT COMPARE;https://aciege.org/Dct/Fra/Fra_111_94.html
111;111_65;MANAGEMENT;terme_specifique;111_77;MANAGEMENT DES CONNAISSANCES;https://aciege.org/Dct/Fra/Fra_111_77.html
111;111_65;MANAGEMENT;terme_specifique;111_83;MANAGEMENT DU RISQUE;https://aciege.org/Dct/Fra/Fra_111_83.html
111;111_65;MANAGEMENT;terme_specifique;111_72;MANAGEMENT ENVIRONNEMENTAL;https://aciege.org/Dct/Fra/Fra_111_72.html
111;111_65;MANAGEMENT;terme_specifique;111_73;MANAGEMENT INTERCULTUREL;https://aciege.org/Dct/Fra/Fra_111_73.html
111;111_65;MANAGEMENT;terme_specifique;111_74;MANAGEMENT INTERNATIONAL;https://aciege.org/Dct/Fra/Fra_111_74.html
111;111_65;MANAGEMENT;terme_specifique;111_82;MANAGEMENT TECHNOLOGIQUE;https://aciege.org/Dct/Fra/Fra_111_82.html
111;111_65;MANAGEMENT;terme_specifique;111_75;RESPONSABILITE SOCIALE DE L'ENTREPRISE;https://aciege.org/Dct/Fra/Fra_111_75.html
111;111_65;MANAGEMENT;terme_specifique;111_76;STYLE DE MANAGEMENT;https://aciege.org/Dct/Fra/Fra_111_76.html
111;111_65;MANAGEMENT;employe_pour;Ad_2397;Administration des affaires;https://aciege.org/Dct/Fra/Ad_2397.html
111;111_65;MANAGEMENT;employe_pour;Ge_2929;Gestion de l'entreprise;https://aciege.org/Dct/Fra/Ge_2929.html
111;111_65;MANAGEMENT;employe_pour;Ma_3149;Management opérationnel;https://aciege.org/Dct/Fra/Ma_3149.html
111;111_65;MANAGEMENT;employe_pour;Th_3565;Théorie du management;https://aciege.org/Dct/Fra/Th_3565.html
111;111_94;MANAGEMENT COMPARE;terme_generique;111_65;MANAGEMENT;https://aciege.org/Dct/Fra/Fra_111_65.html
111;111_77;MANAGEMENT DES CONNAISSANCES;terme_generique;111_65;MANAGEMENT;https://aciege.org/Dct/Fra/Fra_111_65.html
111;111_77;MANAGEMENT DES CONNAISSANCES;terme_specifique;111_78;COMMUNAUTE DE PRATIQUE;https://aciege.org/Dct/Fra/Fra_111_78.html
111;111_77;MANAGEMENT DES CONNAISSANCES;employe_pour;Ge_2933;Gestion des savoirs;https://aciege.org/Dct/Fra/Ge_2933.html
111;111_83;MANAGEMENT DU RISQUE;terme_generique;111_65;MANAGEMENT;https://aciege.org/Dct/Fra/Fra_111_65.html
111;111_83;MANAGEMENT DU RISQUE;employe_pour;Pr_3340;Principe de précaution;https://aciege.org/Dct/Fra/Pr_3340.html
111;111_72;MANAGEMENT ENVIRONNEMENTAL;terme_generique;111_65;MANAGEMENT;https://aciege.org/Dct/Fra/Fra_111_65.html
111;111_73;MANAGEMENT INTERCULTUREL;terme_generique;111_65;MANAGEMENT;https://aciege.org/Dct/Fra/Fra_111_65.html
111;111_74;MANAGEMENT INTERNATIONAL;terme_generique;111_65;MANAGEMENT;https://aciege.org/Dct/Fra/Fra_111_65.html
111;111_82;MANAGEMENT TECHNOLOGIQUE;terme_generique;111_65;MANAGEMENT;https://aciege.org/Dct/Fra/Fra_111_65.html
111;111_82;MANAGEMENT TECHNOLOGIQUE;employe_pour;Ma_3146;Management de la technologie;https://aciege.org/Dct/Fra/Ma_3146.html
111;111_30;ORGANIGRAMME;terme_generique;111_43;STRUCTURE DE L'ENTREPRISE;https://aciege.org/Dct/Fra/Fra_111_43.html
111;111_55;ORGANISATION;terme_specifique;111_35;CHAINE DE VALEUR;https://aciege.org/Dct/Fra/Fra_111_35.html
111;111_55;ORGANISATION;terme_specifique;111_57;DEVELOPPEMENT DES ORGANISATIONS;https://aciege.org/Dct/Fra/Fra_111_57.html
111;111_55;ORGANISATION;terme_specifique;111_65;MANAGEMENT;https://aciege.org/Dct/Fra/Fra_111_65.html
111;111_55;ORGANISATION;terme_specifique;111_43;STRUCTURE DE L'ENTREPRISE;https://aciege.org/Dct/Fra/Fra_111_43.html
111;111_55;ORGANISATION;terme_specifique;111_46;THEORIE DES ORGANISATIONS;https://aciege.org/Dct/Fra/Fra_111_46.html
111;111_55;ORGANISATION;terme_specifique;111_47;THEORIE DES SYSTEMES;https://aciege.org/Dct/Fra/Fra_111_47.html
111;111_55;ORGANISATION;employe_pour;Or_3261;Organisation de l'entreprise;https://aciege.org/Dct/Fra/Or_3261.html
111;111_40;RATIONALISATION;terme_generique;111_43;STRUCTURE DE L'ENTREPRISE;https://aciege.org/Dct/Fra/Fra_111_43.html
111;111_75;RESPONSABILITE SOCIALE DE L'ENTREPRISE;terme_generique;111_65;MANAGEMENT;https://aciege.org/Dct/Fra/Fra_111_65.html
111;111_75;RESPONSABILITE SOCIALE DE L'ENTREPRISE;employe_pour;En_2836;Entreprise citoyenne;https://aciege.org/Dct/Fra/En_2836.html
111;111_43;STRUCTURE DE L'ENTREPRISE;terme_generique;111_55;ORGANISATION;https://aciege.org/Dct/Fra/Fra_111_55.html
111;111_43;STRUCTURE DE L'ENTREPRISE;terme_generique;311_12;DECENTRALISATION;https://aciege.org/Dct/Fra/Fra_311_12.html
111;111_43;STRUCTURE DE L'ENTREPRISE;terme_specifique;111_23;GOUVERNANCE DE L'ENTREPRISE;https://aciege.org/Dct/Fra/Fra_111_23.html
111;111_43;STRUCTURE DE L'ENTREPRISE;terme_specifique;111_22;HIERARCHIE;https://aciege.org/Dct/Fra/Fra_111_22.html
111;111_43;STRUCTURE DE L'ENTREPRISE;terme_specifique;111_30;ORGANIGRAMME;https://aciege.org/Dct/Fra/Fra_111_30.html
111;111_43;STRUCTURE DE L'ENTREPRISE;terme_specifique;111_40;RATIONALISATION;https://aciege.org/Dct/Fra/Fra_111_40.html
111;111_43;STRUCTURE DE L'ENTREPRISE;terme_specifique;111_31;STRUCTURE FONCTIONNELLE;https://aciege.org/Dct/Fra/Fra_111_31.html
111;111_43;STRUCTURE DE L'ENTREPRISE;employe_pour;Ce_2586;Centralisation;https://aciege.org/Dct/Fra/Ce_2586.html
111;111_43;STRUCTURE DE L'ENTREPRISE;employe_pour;Mo_3203;Morphologie de l'entreprise;https://aciege.org/Dct/Fra/Mo_3203.html
111;111_43;STRUCTURE DE L'ENTREPRISE;employe_pour;Re_3435;Restructuration;https://aciege.org/Dct/Fra/Re_3435.html
111;111_31;STRUCTURE FONCTIONNELLE;terme_generique;111_43;STRUCTURE DE L'ENTREPRISE;https://aciege.org/Dct/Fra/Fra_111_43.html
111;111_76;STYLE DE MANAGEMENT;terme_generique;111_65;MANAGEMENT;https://aciege.org/Dct/Fra/Fra_111_65.html
111;111_76;STYLE DE MANAGEMENT;terme_specifique;111_96;BUREAUCRATIE;https://aciege.org/Dct/Fra/Fra_111_96.html
111;111_76;STYLE DE MANAGEMENT;terme_specifique;111_87;CULTURE ORGANISATIONNELLE;https://aciege.org/Dct/Fra/Fra_111_87.html
111;111_76;STYLE DE MANAGEMENT;employe_pour;Ma_3150;Management par projet;https://aciege.org/Dct/Fra/Ma_3150.html
111;111_76;STYLE DE MANAGEMENT;employe_pour;Ma_3151;Management participatif;https://aciege.org/Dct/Fra/Ma_3151.html
111;111_49;SYSTEMIQUE;terme_generique;111_47;THEORIE DES SYSTEMES;https://aciege.org/Dct/Fra/Fra_111_47.html
111;111_46;THEORIE DES ORGANISATIONS;terme_generique;111_55;ORGANISATION;https://aciege.org/Dct/Fra/Fra_111_55.html
111;111_46;THEORIE DES ORGANISATIONS;employe_pour;Th_3562;Théorie de la firme;https://aciege.org/Dct/Fra/Th_3562.html
111;111_47;THEORIE DES SYSTEMES;terme_generique;111_55;ORGANISATION;https://aciege.org/Dct/Fra/Fra_111_55.html
111;111_47;THEORIE DES SYSTEMES;terme_specifique;111_48;ANALYSE DES SYSTEMES;https://aciege.org/Dct/Fra/Fra_111_48.html
111;111_47;THEORIE DES SYSTEMES;terme_specifique;111_49;SYSTEMIQUE;https://aciege.org/Dct/Fra/Fra_111_49.html
112;112_53;AIDE AUX ENTREPRISES;terme_generique;112_55;ENTREPRISE;https://aciege.org/Dct/Fra/Fra_112_55.html
112;112_85;ALLIANCE STRATEGIQUE;terme_generique;112_66;COLLABORATION INTER ENTREPRISES;https://aciege.org/Dct/Fra/Fra_112_66.html
112;112_85;ALLIANCE STRATEGIQUE;terme_specifique;112_95;COOPETITION;https://aciege.org/Dct/Fra/Fra_112_95.html
112;112_85;ALLIANCE STRATEGIQUE;employe_pour;Gr_2952;Groupement d'entreprises;https://aciege.org/Dct/Fra/Gr_2952.html
112;112_80;CESSATION D'ACTIVITE;terme_generique;112_64;HISTOIRE DE L'ENTREPRISE;https://aciege.org/Dct/Fra/Fra_112_64.html
112;112_80;CESSATION D'ACTIVITE;employe_pour;Fe_2883;Fermeture de l'entreprise;https://aciege.org/Dct/Fra/Fe_2883.html
112;112_86;CLUSTER;terme_generique;112_66;COLLABORATION INTER ENTREPRISES;https://aciege.org/Dct/Fra/Fra_112_66.html
112;112_86;CLUSTER;employe_pour;Di_2752;District industriel;https://aciege.org/Dct/Fra/Di_2752.html
112;112_86;CLUSTER;employe_pour;Po_3391;Pôle de compétitivité;https://aciege.org/Dct/Fra/Po_3391.html
112;112_86;CLUSTER;employe_pour;Sy_3530;Système productif local;https://aciege.org/Dct/Fra/Sy_3530.html
112;112_66;COLLABORATION INTER ENTREPRISES;terme_generique;112_55;ENTREPRISE;https://aciege.org/Dct/Fra/Fra_112_55.html
112;112_66;COLLABORATION INTER ENTREPRISES;terme_specifique;112_85;ALLIANCE STRATEGIQUE;https://aciege.org/Dct/Fra/Fra_112_85.html
112;112_66;COLLABORATION INTER ENTREPRISES;terme_specifique;112_86;CLUSTER;https://aciege.org/Dct/Fra/Fra_112_86.html
112;112_66;COLLABORATION INTER ENTREPRISES;terme_specifique;112_87;FRANCHISE;https://aciege.org/Dct/Fra/Fra_112_87.html
112;112_66;COLLABORATION INTER ENTREPRISES;terme_specifique;112_98;JOINT VENTURE;https://aciege.org/Dct/Fra/Fra_112_98.html
112;112_66;COLLABORATION INTER ENTREPRISES;terme_specifique;112_76;PARTENARIAT;https://aciege.org/Dct/Fra/Fra_112_76.html
112;112_66;COLLABORATION INTER ENTREPRISES;terme_specifique;112_78;SOUS TRAITANCE;https://aciege.org/Dct/Fra/Fra_112_78.html
112;112_66;COLLABORATION INTER ENTREPRISES;employe_pour;Re_3462;Réseau d'entreprises;https://aciege.org/Dct/Fra/Re_3462.html
112;112_07;CONGLOMERAT;terme_generique;112_27;GRANDE ENTREPRISE;https://aciege.org/Dct/Fra/Fra_112_27.html
112;112_95;COOPETITION;terme_generique;112_85;ALLIANCE STRATEGIQUE;https://aciege.org/Dct/Fra/Fra_112_85.html
112;112_81;CREATION D'ENTREPRISE;terme_generique;112_72;ENTREPRENEURIAT;https://aciege.org/Dct/Fra/Fra_112_72.html
112;112_81;CREATION D'ENTREPRISE;terme_specifique;112_90;START-UP;https://aciege.org/Dct/Fra/Fra_112_90.html
112;112_92;CROISSANCE DE L'ENTREPRISE;terme_generique;112_64;HISTOIRE DE L'ENTREPRISE;https://aciege.org/Dct/Fra/Fra_112_64.html
112;112_62;DELOCALISATION;terme_generique;112_64;HISTOIRE DE L'ENTREPRISE;https://aciege.org/Dct/Fra/Fra_112_64.html
112;112_26;DIMENSION DE L'ENTREPRISE;terme_generique;112_55;ENTREPRISE;https://aciege.org/Dct/Fra/Fra_112_55.html
112;112_26;DIMENSION DE L'ENTREPRISE;terme_specifique;112_17;ETI;https://aciege.org/Dct/Fra/Fra_112_17.html
112;112_26;DIMENSION DE L'ENTREPRISE;employe_pour;Ta_3539;Taille de l'entreprise;https://aciege.org/Dct/Fra/Ta_3539.html
112;112_72;ENTREPRENEURIAT;terme_generique;112_55;ENTREPRISE;https://aciege.org/Dct/Fra/Fra_112_55.html
112;112_72;ENTREPRENEURIAT;terme_specifique;112_81;CREATION D'ENTREPRISE;https://aciege.org/Dct/Fra/Fra_112_81.html
112;112_72;ENTREPRENEURIAT;terme_specifique;112_61;ENTREPRENEURIAT SOCIAL;https://aciege.org/Dct/Fra/Fra_112_61.html
112;112_72;ENTREPRENEURIAT;terme_specifique;112_82;INTRAPRENEURIAT;https://aciege.org/Dct/Fra/Fra_112_82.html
112;112_72;ENTREPRENEURIAT;terme_specifique;112_71;PEPINIERE D'ENTREPRISES;https://aciege.org/Dct/Fra/Fra_112_71.html
112;112_61;ENTREPRENEURIAT SOCIAL;terme_generique;112_72;ENTREPRENEURIAT;https://aciege.org/Dct/Fra/Fra_112_72.html
112;112_55;ENTREPRISE;terme_specifique;112_53;AIDE AUX ENTREPRISES;https://aciege.org/Dct/Fra/Fra_112_53.html
112;112_55;ENTREPRISE;terme_specifique;112_66;COLLABORATION INTER ENTREPRISES;https://aciege.org/Dct/Fra/Fra_112_66.html
112;112_55;ENTREPRISE;terme_specifique;112_26;DIMENSION DE L'ENTREPRISE;https://aciege.org/Dct/Fra/Fra_112_26.html
112;112_55;ENTREPRISE;terme_specifique;112_72;ENTREPRENEURIAT;https://aciege.org/Dct/Fra/Fra_112_72.html
112;112_55;ENTREPRISE;terme_specifique;112_05;ENTREPRISE ARTISANALE;https://aciege.org/Dct/Fra/Fra_112_05.html
112;112_55;ENTREPRISE;terme_specifique;112_02;ENTREPRISE DE SERVICES;https://aciege.org/Dct/Fra/Fra_112_02.html
112;112_55;ENTREPRISE;terme_specifique;112_38;ENTREPRISE ETRANGERE;https://aciege.org/Dct/Fra/Fra_112_38.html
112;112_55;ENTREPRISE;terme_specifique;112_36;ENTREPRISE FAMILIALE;https://aciege.org/Dct/Fra/Fra_112_36.html
112;112_55;ENTREPRISE;terme_specifique;112_06;ENTREPRISE INDIVIDUELLE;https://aciege.org/Dct/Fra/Fra_112_06.html
112;112_55;ENTREPRISE;terme_specifique;112_23;ENTREPRISE INDUSTRIELLE;https://aciege.org/Dct/Fra/Fra_112_23.html
112;112_55;ENTREPRISE;terme_specifique;112_58;ENTREPRISE LOCALE;https://aciege.org/Dct/Fra/Fra_112_58.html
112;112_55;ENTREPRISE;terme_specifique;112_37;ENTREPRISE MULTINATIONALE;https://aciege.org/Dct/Fra/Fra_112_37.html
112;112_55;ENTREPRISE;terme_specifique;112_04;EXPLOITATION AGRICOLE;https://aciege.org/Dct/Fra/Fra_112_04.html
112;112_55;ENTREPRISE;terme_specifique;112_27;GRANDE ENTREPRISE;https://aciege.org/Dct/Fra/Fra_112_27.html
112;112_55;ENTREPRISE;terme_specifique;112_64;HISTOIRE DE L'ENTREPRISE;https://aciege.org/Dct/Fra/Fra_112_64.html
112;112_55;ENTREPRISE;terme_specifique;112_56;MODELE D'ENTREPRISE;https://aciege.org/Dct/Fra/Fra_112_56.html
112;112_55;ENTREPRISE;terme_specifique;112_16;PME;https://aciege.org/Dct/Fra/Fra_112_16.html
112;112_55;ENTREPRISE;terme_specifique;112_24;PROFESSION LIBERALE;https://aciege.org/Dct/Fra/Fra_112_24.html
112;112_55;ENTREPRISE;terme_specifique;112_51;SECTEUR PRIVE;https://aciege.org/Dct/Fra/Fra_112_51.html
112;112_55;ENTREPRISE;terme_specifique;112_41;SECTEUR PUBLIC;https://aciege.org/Dct/Fra/Fra_112_41.html
112;112_05;ENTREPRISE ARTISANALE;terme_generique;112_55;ENTREPRISE;https://aciege.org/Dct/Fra/Fra_112_55.html
112;112_05;ENTREPRISE ARTISANALE;employe_pour;Ar_2467;Artisan;https://aciege.org/Dct/Fra/Ar_2467.html
112;112_05;ENTREPRISE ARTISANALE;employe_pour;Ch_2604;Chambre des métiers;https://aciege.org/Dct/Fra/Ch_2604.html
112;112_02;ENTREPRISE DE SERVICES;terme_generique;112_55;ENTREPRISE;https://aciege.org/Dct/Fra/Fra_112_55.html
112;112_02;ENTREPRISE DE SERVICES;employe_pour;Pr_3337;Prestation de service;https://aciege.org/Dct/Fra/Pr_3337.html
112;112_70;ENTREPRISE EN DIFFICULTE;terme_generique;112_64;HISTOIRE DE L'ENTREPRISE;https://aciege.org/Dct/Fra/Fra_112_64.html
112;112_70;ENTREPRISE EN DIFFICULTE;employe_pour;Re_3418;Redressement d'entreprise;https://aciege.org/Dct/Fra/Re_3418.html
112;112_38;ENTREPRISE ETRANGERE;terme_generique;112_55;ENTREPRISE;https://aciege.org/Dct/Fra/Fra_112_55.html
112;112_36;ENTREPRISE FAMILIALE;terme_generique;112_55;ENTREPRISE;https://aciege.org/Dct/Fra/Fra_112_55.html
112;112_06;ENTREPRISE INDIVIDUELLE;terme_generique;112_55;ENTREPRISE;https://aciege.org/Dct/Fra/Fra_112_55.html
112;112_06;ENTREPRISE INDIVIDUELLE;employe_pour;EI_2797;EIRL;https://aciege.org/Dct/Fra/EI_2797.html
112;112_06;ENTREPRISE INDIVIDUELLE;employe_pour;TP_3534;TPE;https://aciege.org/Dct/Fra/TP_3534.html
112;112_06;ENTREPRISE INDIVIDUELLE;employe_pour;Tr_3593;Très petite entreprise;https://aciege.org/Dct/Fra/Tr_3593.html
112;112_23;ENTREPRISE INDUSTRIELLE;terme_generique;112_55;ENTREPRISE;https://aciege.org/Dct/Fra/Fra_112_55.html
112;112_58;ENTREPRISE LOCALE;terme_generique;112_55;ENTREPRISE;https://aciege.org/Dct/Fra/Fra_112_55.html
112;112_58;ENTREPRISE LOCALE;employe_pour;En_2842;Entreprise régionale;https://aciege.org/Dct/Fra/En_2842.html
112;112_37;ENTREPRISE MULTINATIONALE;terme_generique;112_55;ENTREPRISE;https://aciege.org/Dct/Fra/Fra_112_55.html
112;112_37;ENTREPRISE MULTINATIONALE;employe_pour;En_2839;Entreprise internationale;https://aciege.org/Dct/Fra/En_2839.html
112;112_37;ENTREPRISE MULTINATIONALE;employe_pour;Ge_2931;Gestion de l'entreprise internationale;https://aciege.org/Dct/Fra/Ge_2931.html
112;112_37;ENTREPRISE MULTINATIONALE;employe_pour;In_3080;Internationalisation des entreprises;https://aciege.org/Dct/Fra/In_3080.html
112;112_17;ETI;terme_generique;112_26;DIMENSION DE L'ENTREPRISE;https://aciege.org/Dct/Fra/Fra_112_26.html
112;112_17;ETI;employe_pour;En_2838;Entreprise de taille intermédiaire;https://aciege.org/Dct/Fra/En_2838.html
112;112_04;EXPLOITATION AGRICOLE;terme_generique;112_55;ENTREPRISE;https://aciege.org/Dct/Fra/Fra_112_55.html
112;112_04;EXPLOITATION AGRICOLE;employe_pour;Ag_2415;Agriculteur;https://aciege.org/Dct/Fra/Ag_2415.html
112;112_04;EXPLOITATION AGRICOLE;employe_pour;Pa_3308;Paysan;https://aciege.org/Dct/Fra/Pa_3308.html
112;112_18;FILIALE;terme_generique;112_27;GRANDE ENTREPRISE;https://aciege.org/Dct/Fra/Fra_112_27.html
112;112_18;FILIALE;terme_specifique;112_19;FILIALE A L'ETRANGER;https://aciege.org/Dct/Fra/Fra_112_19.html
112;112_18;FILIALE;terme_specifique;112_09;FILIALE ETRANGERE;https://aciege.org/Dct/Fra/Fra_112_09.html
112;112_19;FILIALE A L'ETRANGER;terme_generique;112_18;FILIALE;https://aciege.org/Dct/Fra/Fra_112_18.html
112;112_19;FILIALE A L'ETRANGER;employe_pour;Fi_2886;Filiale de production à l'étranger;https://aciege.org/Dct/Fra/Fi_2886.html
112;112_19;FILIALE A L'ETRANGER;employe_pour;Fi_2887;Filiale de vente à l'étranger;https://aciege.org/Dct/Fra/Fi_2887.html
112;112_09;FILIALE ETRANGERE;terme_generique;112_18;FILIALE;https://aciege.org/Dct/Fra/Fra_112_18.html
112;112_87;FRANCHISE;terme_generique;112_66;COLLABORATION INTER ENTREPRISES;https://aciege.org/Dct/Fra/Fra_112_66.html
112;112_84;FUSION ACQUISITION;terme_generique;112_64;HISTOIRE DE L'ENTREPRISE;https://aciege.org/Dct/Fra/Fra_112_64.html
112;112_84;FUSION ACQUISITION;terme_specifique;112_94;LBO;https://aciege.org/Dct/Fra/Fra_112_94.html
112;112_84;FUSION ACQUISITION;employe_pour;Ab_2379;Absorption;https://aciege.org/Dct/Fra/Ab_2379.html
112;112_27;GRANDE ENTREPRISE;terme_generique;112_55;ENTREPRISE;https://aciege.org/Dct/Fra/Fra_112_55.html
112;112_27;GRANDE ENTREPRISE;terme_specifique;112_07;CONGLOMERAT;https://aciege.org/Dct/Fra/Fra_112_07.html
112;112_27;GRANDE ENTREPRISE;terme_specifique;112_18;FILIALE;https://aciege.org/Dct/Fra/Fra_112_18.html
112;112_27;GRANDE ENTREPRISE;terme_specifique;112_28;HOLDING;https://aciege.org/Dct/Fra/Fra_112_28.html
112;112_27;GRANDE ENTREPRISE;employe_pour;Gr_2950;Groupe;https://aciege.org/Dct/Fra/Gr_2950.html
112;112_64;HISTOIRE DE L'ENTREPRISE;terme_generique;112_55;ENTREPRISE;https://aciege.org/Dct/Fra/Fra_112_55.html
112;112_64;HISTOIRE DE L'ENTREPRISE;terme_specifique;112_80;CESSATION D'ACTIVITE;https://aciege.org/Dct/Fra/Fra_112_80.html
112;112_64;HISTOIRE DE L'ENTREPRISE;terme_specifique;112_92;CROISSANCE DE L'ENTREPRISE;https://aciege.org/Dct/Fra/Fra_112_92.html
112;112_64;HISTOIRE DE L'ENTREPRISE;terme_specifique;112_62;DELOCALISATION;https://aciege.org/Dct/Fra/Fra_112_62.html
112;112_64;HISTOIRE DE L'ENTREPRISE;terme_specifique;112_70;ENTREPRISE EN DIFFICULTE;https://aciege.org/Dct/Fra/Fra_112_70.html
112;112_64;HISTOIRE DE L'ENTREPRISE;terme_specifique;112_84;FUSION ACQUISITION;https://aciege.org/Dct/Fra/Fra_112_84.html
112;112_64;HISTOIRE DE L'ENTREPRISE;terme_specifique;112_83;SCISSION;https://aciege.org/Dct/Fra/Fra_112_83.html
112;112_64;HISTOIRE DE L'ENTREPRISE;terme_specifique;112_91;TRANSMISSION D'ENTREPRISE;https://aciege.org/Dct/Fra/Fra_112_91.html
112;112_28;HOLDING;terme_generique;112_27;GRANDE ENTREPRISE;https://aciege.org/Dct/Fra/Fra_112_27.html
112;112_82;INTRAPRENEURIAT;terme_generique;112_72;ENTREPRENEURIAT;https://aciege.org/Dct/Fra/Fra_112_72.html
112;112_82;INTRAPRENEURIAT;employe_pour;Es_2857;Essaimage;https://aciege.org/Dct/Fra/Es_2857.html
112;112_98;JOINT VENTURE;terme_generique;112_66;COLLABORATION INTER ENTREPRISES;https://aciege.org/Dct/Fra/Fra_112_66.html
112;112_94;LBO;terme_generique;112_84;FUSION ACQUISITION;https://aciege.org/Dct/Fra/Fra_112_84.html
112;112_94;LBO;employe_pour;Ac_2385;Achat avec effet de levier;https://aciege.org/Dct/Fra/Ac_2385.html
112;112_94;LBO;employe_pour;Ac_2388;Acquisition par emprunt;https://aciege.org/Dct/Fra/Ac_2388.html
112;112_56;MODELE D'ENTREPRISE;terme_generique;112_55;ENTREPRISE;https://aciege.org/Dct/Fra/Fra_112_55.html
112;112_76;PARTENARIAT;terme_generique;112_66;COLLABORATION INTER ENTREPRISES;https://aciege.org/Dct/Fra/Fra_112_66.html
112;112_71;PEPINIERE D'ENTREPRISES;terme_generique;112_72;ENTREPRENEURIAT;https://aciege.org/Dct/Fra/Fra_112_72.html
112;112_71;PEPINIERE D'ENTREPRISES;employe_pour;In_3058;Incubateur;https://aciege.org/Dct/Fra/In_3058.html
112;112_16;PME;terme_generique;112_55;ENTREPRISE;https://aciege.org/Dct/Fra/Fra_112_55.html
112;112_16;PME;employe_pour;PM_3285;PMI;https://aciege.org/Dct/Fra/PM_3285.html
112;112_16;PME;employe_pour;Pe_3311;Petite et moyenne entreprise;https://aciege.org/Dct/Fra/Pe_3311.html
112;112_16;PME;employe_pour;Pe_3312;Petite et moyenne industrie;https://aciege.org/Dct/Fra/Pe_3312.html
112;112_79;PORTAGE SALARIAL;terme_generique;112_78;SOUS TRAITANCE;https://aciege.org/Dct/Fra/Fra_112_78.html
112;112_24;PROFESSION LIBERALE;terme_generique;112_55;ENTREPRISE;https://aciege.org/Dct/Fra/Fra_112_55.html
112;112_83;SCISSION;terme_generique;112_64;HISTOIRE DE L'ENTREPRISE;https://aciege.org/Dct/Fra/Fra_112_64.html
112;112_51;SECTEUR PRIVE;terme_generique;112_55;ENTREPRISE;https://aciege.org/Dct/Fra/Fra_112_55.html
112;112_51;SECTEUR PRIVE;employe_pour;En_2840;Entreprise privée;https://aciege.org/Dct/Fra/En_2840.html
112;112_51;SECTEUR PRIVE;employe_pour;Pr_3342;Privatisation;https://aciege.org/Dct/Fra/Pr_3342.html
112;112_41;SECTEUR PUBLIC;terme_generique;112_55;ENTREPRISE;https://aciege.org/Dct/Fra/Fra_112_55.html
112;112_41;SECTEUR PUBLIC;employe_pour;En_2841;Entreprise publique;https://aciege.org/Dct/Fra/En_2841.html
112;112_41;SECTEUR PUBLIC;employe_pour;Na_3223;Nationalisation;https://aciege.org/Dct/Fra/Na_3223.html
112;112_78;SOUS TRAITANCE;terme_generique;112_66;COLLABORATION INTER ENTREPRISES;https://aciege.org/Dct/Fra/Fra_112_66.html
112;112_78;SOUS TRAITANCE;terme_specifique;112_79;PORTAGE SALARIAL;https://aciege.org/Dct/Fra/Fra_112_79.html
112;112_78;SOUS TRAITANCE;terme_specifique;112_89;SPECIALISATION;https://aciege.org/Dct/Fra/Fra_112_89.html
112;112_78;SOUS TRAITANCE;employe_pour;Ex_2871;Externalisation;https://aciege.org/Dct/Fra/Ex_2871.html
112;112_78;SOUS TRAITANCE;employe_pour;Fa_2879;Facilities management;https://aciege.org/Dct/Fra/Fa_2879.html
112;112_78;SOUS TRAITANCE;employe_pour;Re_3459;Réinternalisation;https://aciege.org/Dct/Fra/Re_3459.html
112;112_89;SPECIALISATION;terme_generique;112_78;SOUS TRAITANCE;https://aciege.org/Dct/Fra/Fra_112_78.html
112;112_89;SPECIALISATION;employe_pour;Di_2753;Division du travail;https://aciege.org/Dct/Fra/Di_2753.html
112;112_90;START-UP;terme_generique;112_81;CREATION D'ENTREPRISE;https://aciege.org/Dct/Fra/Fra_112_81.html
112;112_91;TRANSMISSION D'ENTREPRISE;terme_generique;112_64;HISTOIRE DE L'ENTREPRISE;https://aciege.org/Dct/Fra/Fra_112_64.html
112;112_91;TRANSMISSION D'ENTREPRISE;employe_pour;RE_3398;RES;https://aciege.org/Dct/Fra/RE_3398.html
112;112_91;TRANSMISSION D'ENTREPRISE;employe_pour;Ra_3400;Rachat d'entreprise;https://aciege.org/Dct/Fra/Ra_3400.html
112;112_91;TRANSMISSION D'ENTREPRISE;employe_pour;Re_3429;Reprise d'entreprise par les salariés;https://aciege.org/Dct/Fra/Re_3429.html
113;113_57;AFFECTATION DES RESSOURCES;terme_generique;113_55;STRATEGIE;https://aciege.org/Dct/Fra/Fra_113_55.html
113;113_95;BENCHMARKING;terme_generique;113_85;VEILLE STRATEGIQUE;https://aciege.org/Dct/Fra/Fra_113_85.html
113;113_24;CREATION DE VALEUR;terme_generique;113_55;STRATEGIE;https://aciege.org/Dct/Fra/Fra_113_55.html
113;113_63;DIAGNOSTIC STRATEGIQUE;terme_generique;113_55;STRATEGIE;https://aciege.org/Dct/Fra/Fra_113_55.html
113;113_63;DIAGNOSTIC STRATEGIQUE;employe_pour;Au_2490;Audit;https://aciege.org/Dct/Fra/Au_2490.html
113;113_63;DIAGNOSTIC STRATEGIQUE;employe_pour;Au_2492;Autodiagnostic;https://aciege.org/Dct/Fra/Au_2492.html
113;113_63;DIAGNOSTIC STRATEGIQUE;employe_pour;Co_2691;Contrôle interne;https://aciege.org/Dct/Fra/Co_2691.html
113;113_63;DIAGNOSTIC STRATEGIQUE;employe_pour;Di_2733;Diagnostic d'entreprise;https://aciege.org/Dct/Fra/Di_2733.html
113;113_11;GESTION DE CRISE;terme_generique;113_33;PRISE DE DECISION;https://aciege.org/Dct/Fra/Fra_113_33.html
113;113_51;GESTION DE LA QUALITE;terme_generique;113_55;STRATEGIE;https://aciege.org/Dct/Fra/Fra_113_55.html
113;113_51;GESTION DE LA QUALITE;employe_pour;Ce_2602;Cercle de qualité;https://aciege.org/Dct/Fra/Ce_2602.html
113;113_51;GESTION DE LA QUALITE;employe_pour;Qu_3395;Qualité totale;https://aciege.org/Dct/Fra/Qu_3395.html
113;113_51;GESTION DE LA QUALITE;employe_pour;TQ_3535;TQM;https://aciege.org/Dct/Fra/TQ_3535.html
113;113_16;GESTION PREVISIONNELLE;terme_generique;113_36;PLANIFICATION STRATEGIQUE;https://aciege.org/Dct/Fra/Fra_113_36.html
113;113_16;GESTION PREVISIONNELLE;terme_specifique;113_05;PREVISION A COURT TERME;https://aciege.org/Dct/Fra/Fra_113_05.html
113;113_16;GESTION PREVISIONNELLE;terme_specifique;113_07;PREVISION A LONG TERME;https://aciege.org/Dct/Fra/Fra_113_07.html
113;113_16;GESTION PREVISIONNELLE;terme_specifique;113_06;PREVISION A MOYEN TERME;https://aciege.org/Dct/Fra/Fra_113_06.html
113;113_16;GESTION PREVISIONNELLE;terme_specifique;113_18;TABLEAU DE BORD;https://aciege.org/Dct/Fra/Fra_113_18.html
113;113_75;INTELLIGENCE ECONOMIQUE;terme_generique;113_55;STRATEGIE;https://aciege.org/Dct/Fra/Fra_113_55.html
113;113_75;INTELLIGENCE ECONOMIQUE;terme_specifique;113_85;VEILLE STRATEGIQUE;https://aciege.org/Dct/Fra/Fra_113_85.html
113;113_75;INTELLIGENCE ECONOMIQUE;employe_pour;Ve_3627;Veille concurrentielle;https://aciege.org/Dct/Fra/Ve_3627.html
113;113_43;OBJECTIF DE L'ENTREPRISE;terme_generique;113_55;STRATEGIE;https://aciege.org/Dct/Fra/Fra_113_55.html
113;113_43;OBJECTIF DE L'ENTREPRISE;terme_specifique;113_41;SYSTEME DE MANAGEMENT INTEGRE;https://aciege.org/Dct/Fra/Fra_113_41.html
113;113_43;OBJECTIF DE L'ENTREPRISE;employe_pour;Pr_3358;Programme de l'entreprise;https://aciege.org/Dct/Fra/Pr_3358.html
113;113_43;OBJECTIF DE L'ENTREPRISE;employe_pour;Pr_3360;Projet d'entreprise;https://aciege.org/Dct/Fra/Pr_3360.html
113;113_37;PLAN DE DEVELOPPEMENT;terme_generique;113_36;PLANIFICATION STRATEGIQUE;https://aciege.org/Dct/Fra/Fra_113_36.html
113;113_37;PLAN DE DEVELOPPEMENT;employe_pour;Pl_3315;Plan d'affaires;https://aciege.org/Dct/Fra/Pl_3315.html
113;113_36;PLANIFICATION STRATEGIQUE;terme_generique;113_55;STRATEGIE;https://aciege.org/Dct/Fra/Fra_113_55.html
113;113_36;PLANIFICATION STRATEGIQUE;terme_specifique;113_16;GESTION PREVISIONNELLE;https://aciege.org/Dct/Fra/Fra_113_16.html
113;113_36;PLANIFICATION STRATEGIQUE;terme_specifique;113_37;PLAN DE DEVELOPPEMENT;https://aciege.org/Dct/Fra/Fra_113_37.html
113;113_05;PREVISION A COURT TERME;terme_generique;113_16;GESTION PREVISIONNELLE;https://aciege.org/Dct/Fra/Fra_113_16.html
113;113_07;PREVISION A LONG TERME;terme_generique;113_16;GESTION PREVISIONNELLE;https://aciege.org/Dct/Fra/Fra_113_16.html
113;113_06;PREVISION A MOYEN TERME;terme_generique;113_16;GESTION PREVISIONNELLE;https://aciege.org/Dct/Fra/Fra_113_16.html
113;113_33;PRISE DE DECISION;terme_generique;113_55;STRATEGIE;https://aciege.org/Dct/Fra/Fra_113_55.html
113;113_33;PRISE DE DECISION;terme_specifique;113_11;GESTION DE CRISE;https://aciege.org/Dct/Fra/Fra_113_11.html
113;113_77;PROSPECTIVE;terme_generique;113_55;STRATEGIE;https://aciege.org/Dct/Fra/Fra_113_55.html
113;113_77;PROSPECTIVE;employe_pour;Fu_2918;Futurologie;https://aciege.org/Dct/Fra/Fu_2918.html
113;113_55;STRATEGIE;terme_specifique;113_57;AFFECTATION DES RESSOURCES;https://aciege.org/Dct/Fra/Fra_113_57.html
113;113_55;STRATEGIE;terme_specifique;113_24;CREATION DE VALEUR;https://aciege.org/Dct/Fra/Fra_113_24.html
113;113_55;STRATEGIE;terme_specifique;113_63;DIAGNOSTIC STRATEGIQUE;https://aciege.org/Dct/Fra/Fra_113_63.html
113;113_55;STRATEGIE;terme_specifique;113_51;GESTION DE LA QUALITE;https://aciege.org/Dct/Fra/Fra_113_51.html
113;113_55;STRATEGIE;terme_specifique;113_75;INTELLIGENCE ECONOMIQUE;https://aciege.org/Dct/Fra/Fra_113_75.html
113;113_55;STRATEGIE;terme_specifique;113_43;OBJECTIF DE L'ENTREPRISE;https://aciege.org/Dct/Fra/Fra_113_43.html
113;113_55;STRATEGIE;terme_specifique;113_36;PLANIFICATION STRATEGIQUE;https://aciege.org/Dct/Fra/Fra_113_36.html
113;113_55;STRATEGIE;terme_specifique;113_33;PRISE DE DECISION;https://aciege.org/Dct/Fra/Fra_113_33.html
113;113_55;STRATEGIE;terme_specifique;113_77;PROSPECTIVE;https://aciege.org/Dct/Fra/Fra_113_77.html
113;113_55;STRATEGIE;terme_specifique;113_97;THEORIE DES JEUX;https://aciege.org/Dct/Fra/Fra_113_97.html
113;113_55;STRATEGIE;employe_pour;Ma_3152;Management stratégique;https://aciege.org/Dct/Fra/Ma_3152.html
113;113_55;STRATEGIE;employe_pour;St_3517;Strategie d'entreprise;https://aciege.org/Dct/Fra/St_3517.html
113;113_41;SYSTEME DE MANAGEMENT INTEGRE;terme_generique;113_43;OBJECTIF DE L'ENTREPRISE;https://aciege.org/Dct/Fra/Fra_113_43.html
113;113_18;TABLEAU DE BORD;terme_generique;113_16;GESTION PREVISIONNELLE;https://aciege.org/Dct/Fra/Fra_113_16.html
113;113_18;TABLEAU DE BORD;employe_pour;Ba_2506;Balance score card;https://aciege.org/Dct/Fra/Ba_2506.html
113;113_97;THEORIE DES JEUX;terme_generique;113_55;STRATEGIE;https://aciege.org/Dct/Fra/Fra_113_55.html
113;113_85;VEILLE STRATEGIQUE;terme_generique;113_75;INTELLIGENCE ECONOMIQUE;https://aciege.org/Dct/Fra/Fra_113_75.html
113;113_85;VEILLE STRATEGIQUE;terme_specifique;113_95;BENCHMARKING;https://aciege.org/Dct/Fra/Fra_113_95.html
121;121_21;ATTRIBUT DU PRODUIT;terme_generique;121_32;PRODUIT;https://aciege.org/Dct/Fra/Fra_121_32.html
121;121_23;BIEN DE CONSOMMATION;terme_generique;121_32;PRODUIT;https://aciege.org/Dct/Fra/Fra_121_32.html
121;121_23;BIEN DE CONSOMMATION;terme_specifique;121_14;BIEN DE GRANDE CONSOMMATION;https://aciege.org/Dct/Fra/Fra_121_14.html
121;121_23;BIEN DE CONSOMMATION;terme_specifique;121_02;BIEN DURABLE;https://aciege.org/Dct/Fra/Fra_121_02.html
121;121_23;BIEN DE CONSOMMATION;terme_specifique;121_03;PRODUIT DE LUXE;https://aciege.org/Dct/Fra/Fra_121_03.html
121;121_23;BIEN DE CONSOMMATION;employe_pour;Bi_2518;Bien d'usage;https://aciege.org/Dct/Fra/Bi_2518.html
121;121_14;BIEN DE GRANDE CONSOMMATION;terme_generique;121_23;BIEN DE CONSOMMATION;https://aciege.org/Dct/Fra/Fra_121_23.html
121;121_14;BIEN DE GRANDE CONSOMMATION;employe_pour;Bi_2520;Bien de consommation courante;https://aciege.org/Dct/Fra/Bi_2520.html
121;121_02;BIEN DURABLE;terme_generique;121_23;BIEN DE CONSOMMATION;https://aciege.org/Dct/Fra/Fra_121_23.html
121;121_02;BIEN DURABLE;employe_pour;Bi_2521;Bien de consommation durable;https://aciege.org/Dct/Fra/Bi_2521.html
121;121_02;BIEN DURABLE;employe_pour;Ma_3158;Marché de renouvellement;https://aciege.org/Dct/Fra/Ma_3158.html
121;121_34;BIEN INDUSTRIEL;terme_generique;121_32;PRODUIT;https://aciege.org/Dct/Fra/Fra_121_32.html
121;121_34;BIEN INDUSTRIEL;employe_pour;Bi_2519;Bien d'équipement;https://aciege.org/Dct/Fra/Bi_2519.html
121;121_34;BIEN INDUSTRIEL;employe_pour;Bi_2522;Bien de consommation intermédiaire;https://aciege.org/Dct/Fra/Bi_2522.html
121;121_34;BIEN INDUSTRIEL;employe_pour;Bi_2523;Bien de production;https://aciege.org/Dct/Fra/Bi_2523.html
121;121_34;BIEN INDUSTRIEL;employe_pour;Bi_2524;Bien intermédiaire;https://aciege.org/Dct/Fra/Bi_2524.html
121;121_11;CYCLE DE VIE DE PRODUIT;terme_generique;121_32;PRODUIT;https://aciege.org/Dct/Fra/Fra_121_32.html
121;121_11;CYCLE DE VIE DE PRODUIT;employe_pour;Ec_2804;Eco-conception;https://aciege.org/Dct/Fra/Ec_2804.html
121;121_50;DIVERSIFICATION;terme_generique;121_52;POLITIQUE DE PRODUIT;https://aciege.org/Dct/Fra/Fra_121_52.html
121;121_63;FIDELISATION;terme_generique;121_53;POLITIQUE COMMERCIALE;https://aciege.org/Dct/Fra/Fra_121_53.html
121;121_94;FIXATION DES PRIX;terme_generique;121_74;POLITIQUE DES PRIX;https://aciege.org/Dct/Fra/Fra_121_74.html
121;121_94;FIXATION DES PRIX;terme_specifique;121_95;PRIX DE DETAIL;https://aciege.org/Dct/Fra/Fra_121_95.html
121;121_94;FIXATION DES PRIX;terme_specifique;121_93;PRIX DE GROS;https://aciege.org/Dct/Fra/Fra_121_93.html
121;121_94;FIXATION DES PRIX;employe_pour;Pr_3348;Prix psychologique;https://aciege.org/Dct/Fra/Pr_3348.html
121;121_94;FIXATION DES PRIX;employe_pour;Re_3439;Revenue management;https://aciege.org/Dct/Fra/Re_3439.html
121;121_94;FIXATION DES PRIX;employe_pour;Yi_3653;Yield management;https://aciege.org/Dct/Fra/Yi_3653.html
121;121_30;GAMME DE PRODUITS;terme_generique;121_52;POLITIQUE DE PRODUIT;https://aciege.org/Dct/Fra/Fra_121_52.html
121;121_54;GESTION DE LA RELATION CLIENT;terme_generique;121_55;GESTION DU MARKETING;https://aciege.org/Dct/Fra/Fra_121_55.html
121;121_54;GESTION DE LA RELATION CLIENT;employe_pour;GR_2920;GRC;https://aciege.org/Dct/Fra/GR_2920.html
121;121_55;GESTION DU MARKETING;terme_specifique;121_54;GESTION DE LA RELATION CLIENT;https://aciege.org/Dct/Fra/Fra_121_54.html
121;121_55;GESTION DU MARKETING;terme_specifique;121_06;MARKETING ACHAT;https://aciege.org/Dct/Fra/Fra_121_06.html
121;121_55;GESTION DU MARKETING;terme_specifique;121_28;MARKETING CULTUREL;https://aciege.org/Dct/Fra/Fra_121_28.html
121;121_55;GESTION DU MARKETING;terme_specifique;121_36;MARKETING DE LA DISTRIBUTION;https://aciege.org/Dct/Fra/Fra_121_36.html
121;121_55;GESTION DU MARKETING;terme_specifique;121_07;MARKETING DES SERVICES;https://aciege.org/Dct/Fra/Fra_121_07.html
121;121_55;GESTION DU MARKETING;terme_specifique;121_19;MARKETING ENVIRONNEMENTAL;https://aciege.org/Dct/Fra/Fra_121_19.html
121;121_55;GESTION DU MARKETING;terme_specifique;121_18;MARKETING FINANCIER;https://aciege.org/Dct/Fra/Fra_121_18.html
121;121_55;GESTION DU MARKETING;terme_specifique;121_16;MARKETING INDUSTRIEL;https://aciege.org/Dct/Fra/Fra_121_16.html
121;121_55;GESTION DU MARKETING;terme_specifique;121_58;MARKETING INTERNATIONAL;https://aciege.org/Dct/Fra/Fra_121_58.html
121;121_55;GESTION DU MARKETING;terme_specifique;121_37;MARKETING PARTICIPATIF;https://aciege.org/Dct/Fra/Fra_121_37.html
121;121_55;GESTION DU MARKETING;terme_specifique;121_09;MARKETING POLITIQUE;https://aciege.org/Dct/Fra/Fra_121_09.html
121;121_55;GESTION DU MARKETING;terme_specifique;121_29;MARKETING SOCIAL;https://aciege.org/Dct/Fra/Fra_121_29.html
121;121_55;GESTION DU MARKETING;terme_specifique;121_67;MARKETING STRATEGIQUE;https://aciege.org/Dct/Fra/Fra_121_67.html
121;121_55;GESTION DU MARKETING;terme_specifique;121_57;MARKETING VIRAL;https://aciege.org/Dct/Fra/Fra_121_57.html
121;121_55;GESTION DU MARKETING;terme_specifique;121_66;MODELE DE MARKETING;https://aciege.org/Dct/Fra/Fra_121_66.html
121;121_55;GESTION DU MARKETING;terme_specifique;121_53;POLITIQUE COMMERCIALE;https://aciege.org/Dct/Fra/Fra_121_53.html
121;121_55;GESTION DU MARKETING;terme_specifique;121_32;PRODUIT;https://aciege.org/Dct/Fra/Fra_121_32.html
121;121_55;GESTION DU MARKETING;terme_specifique;121_25;RECHERCHE COMMERCIALE;https://aciege.org/Dct/Fra/Fra_121_25.html
121;121_55;GESTION DU MARKETING;terme_specifique;121_38;RESEAU COMMERCIAL;https://aciege.org/Dct/Fra/Fra_121_38.html
121;121_55;GESTION DU MARKETING;terme_specifique;121_76;THEORIE DU MARKETING;https://aciege.org/Dct/Fra/Fra_121_76.html
121;121_55;GESTION DU MARKETING;terme_specifique;121_47;WEBMARKETING;https://aciege.org/Dct/Fra/Fra_121_47.html
121;121_55;GESTION DU MARKETING;employe_pour;Ge_2927;Gestion commerciale;https://aciege.org/Dct/Fra/Ge_2927.html
121;121_55;GESTION DU MARKETING;employe_pour;Ma_3167;Marketing aval;https://aciege.org/Dct/Fra/Ma_3167.html
121;121_55;GESTION DU MARKETING;employe_pour;Me_3187;Mercatique;https://aciege.org/Dct/Fra/Me_3187.html
121;121_31;GESTION PAR CATEGORIE;terme_generique;121_52;POLITIQUE DE PRODUIT;https://aciege.org/Dct/Fra/Fra_121_52.html
121;121_31;GESTION PAR CATEGORIE;employe_pour;Ca_2580;Category management;https://aciege.org/Dct/Fra/Ca_2580.html
121;121_91;IMAGE DE MARQUE;terme_generique;121_92;MARQUE;https://aciege.org/Dct/Fra/Fra_121_92.html
121;121_91;IMAGE DE MARQUE;employe_pour;E-_2794;E-réputation;https://aciege.org/Dct/Fra/E-_2794.html
121;121_91;IMAGE DE MARQUE;employe_pour;Im_3049;Image de l'entreprise;https://aciege.org/Dct/Fra/Im_3049.html
121;121_91;IMAGE DE MARQUE;employe_pour;No_3234;Notoriété;https://aciege.org/Dct/Fra/No_3234.html
121;121_91;IMAGE DE MARQUE;employe_pour;Re_3461;Réputation;https://aciege.org/Dct/Fra/Re_3461.html
121;121_82;LABEL DE QUALITE;terme_generique;121_52;POLITIQUE DE PRODUIT;https://aciege.org/Dct/Fra/Fra_121_52.html
121;121_71;LANCEMENT DE PRODUIT;terme_generique;121_52;POLITIQUE DE PRODUIT;https://aciege.org/Dct/Fra/Fra_121_52.html
121;121_71;LANCEMENT DE PRODUIT;terme_specifique;121_81;TEST DE MARCHE;https://aciege.org/Dct/Fra/Fra_121_81.html
121;121_71;LANCEMENT DE PRODUIT;terme_specifique;121_80;TEST DE PRODUIT;https://aciege.org/Dct/Fra/Fra_121_80.html
121;121_71;LANCEMENT DE PRODUIT;employe_pour;Co_2668;Concept de produit;https://aciege.org/Dct/Fra/Co_2668.html
121;121_06;MARKETING ACHAT;terme_generique;121_55;GESTION DU MARKETING;https://aciege.org/Dct/Fra/Fra_121_55.html
121;121_06;MARKETING ACHAT;employe_pour;Ma_3166;Marketing amont;https://aciege.org/Dct/Fra/Ma_3166.html
121;121_28;MARKETING CULTUREL;terme_generique;121_55;GESTION DU MARKETING;https://aciege.org/Dct/Fra/Fra_121_55.html
121;121_36;MARKETING DE LA DISTRIBUTION;terme_generique;121_55;GESTION DU MARKETING;https://aciege.org/Dct/Fra/Fra_121_55.html
121;121_36;MARKETING DE LA DISTRIBUTION;terme_specifique;121_26;MARKETING EXPERIENTIEL;https://aciege.org/Dct/Fra/Fra_121_26.html
121;121_36;MARKETING DE LA DISTRIBUTION;employe_pour;EC_2795;ECR;https://aciege.org/Dct/Fra/EC_2795.html
121;121_36;MARKETING DE LA DISTRIBUTION;employe_pour;Tr_3572;Trade marketing;https://aciege.org/Dct/Fra/Tr_3572.html
121;121_07;MARKETING DES SERVICES;terme_generique;121_55;GESTION DU MARKETING;https://aciege.org/Dct/Fra/Fra_121_55.html
121;121_19;MARKETING ENVIRONNEMENTAL;terme_generique;121_55;GESTION DU MARKETING;https://aciege.org/Dct/Fra/Fra_121_55.html
121;121_19;MARKETING ENVIRONNEMENTAL;employe_pour;Ma_3182;Marketing vert;https://aciege.org/Dct/Fra/Ma_3182.html
121;121_26;MARKETING EXPERIENTIEL;terme_generique;121_36;MARKETING DE LA DISTRIBUTION;https://aciege.org/Dct/Fra/Fra_121_36.html
121;121_26;MARKETING EXPERIENTIEL;terme_specifique;121_27;MARKETING SENSORIEL;https://aciege.org/Dct/Fra/Fra_121_27.html
121;121_26;MARKETING EXPERIENTIEL;employe_pour;Ex_2869;Expérience de consommation;https://aciege.org/Dct/Fra/Ex_2869.html
121;121_18;MARKETING FINANCIER;terme_generique;121_55;GESTION DU MARKETING;https://aciege.org/Dct/Fra/Fra_121_55.html
121;121_18;MARKETING FINANCIER;employe_pour;Ma_3168;Marketing bancaire;https://aciege.org/Dct/Fra/Ma_3168.html
121;121_18;MARKETING FINANCIER;employe_pour;Ma_3173;Marketing en assurance;https://aciege.org/Dct/Fra/Ma_3173.html
121;121_16;MARKETING INDUSTRIEL;terme_generique;121_55;GESTION DU MARKETING;https://aciege.org/Dct/Fra/Fra_121_55.html
121;121_16;MARKETING INDUSTRIEL;employe_pour;Ma_3169;Marketing business to business;https://aciege.org/Dct/Fra/Ma_3169.html
121;121_16;MARKETING INDUSTRIEL;employe_pour;Ma_3170;Marketing d'affaires;https://aciege.org/Dct/Fra/Ma_3170.html
121;121_16;MARKETING INDUSTRIEL;employe_pour;Ma_3171;Marketing de projet;https://aciege.org/Dct/Fra/Ma_3171.html
121;121_58;MARKETING INTERNATIONAL;terme_generique;121_55;GESTION DU MARKETING;https://aciege.org/Dct/Fra/Fra_121_55.html
121;121_78;MARKETING MIX;terme_generique;121_67;MARKETING STRATEGIQUE;https://aciege.org/Dct/Fra/Fra_121_67.html
121;121_78;MARKETING MIX;terme_specifique;121_89;PLAN MARKETING;https://aciege.org/Dct/Fra/Fra_121_89.html
121;121_88;MARKETING OPERATIONNEL;terme_generique;121_67;MARKETING STRATEGIQUE;https://aciege.org/Dct/Fra/Fra_121_67.html
121;121_37;MARKETING PARTICIPATIF;terme_generique;121_55;GESTION DU MARKETING;https://aciege.org/Dct/Fra/Fra_121_55.html
121;121_37;MARKETING PARTICIPATIF;employe_pour;Cr_2708;Crowdsourcing;https://aciege.org/Dct/Fra/Cr_2708.html
121;121_09;MARKETING POLITIQUE;terme_generique;121_55;GESTION DU MARKETING;https://aciege.org/Dct/Fra/Fra_121_55.html
121;121_09;MARKETING POLITIQUE;employe_pour;Ma_3181;Marketing territorial;https://aciege.org/Dct/Fra/Ma_3181.html
121;121_27;MARKETING SENSORIEL;terme_generique;121_26;MARKETING EXPERIENTIEL;https://aciege.org/Dct/Fra/Fra_121_26.html
121;121_27;MARKETING SENSORIEL;employe_pour;Ma_3178;Marketing polysensoriel;https://aciege.org/Dct/Fra/Ma_3178.html
121;121_27;MARKETING SENSORIEL;employe_pour;Ne_3228;Neuromarketing;https://aciege.org/Dct/Fra/Ne_3228.html
121;121_29;MARKETING SOCIAL;terme_generique;121_55;GESTION DU MARKETING;https://aciege.org/Dct/Fra/Fra_121_55.html
121;121_29;MARKETING SOCIAL;employe_pour;Ma_3180;Marketing sociétal;https://aciege.org/Dct/Fra/Ma_3180.html
121;121_67;MARKETING STRATEGIQUE;terme_generique;121_55;GESTION DU MARKETING;https://aciege.org/Dct/Fra/Fra_121_55.html
121;121_67;MARKETING STRATEGIQUE;terme_specifique;121_78;MARKETING MIX;https://aciege.org/Dct/Fra/Fra_121_78.html
121;121_67;MARKETING STRATEGIQUE;terme_specifique;121_88;MARKETING OPERATIONNEL;https://aciege.org/Dct/Fra/Fra_121_88.html
121;121_67;MARKETING STRATEGIQUE;employe_pour;St_3518;Strategie marketing;https://aciege.org/Dct/Fra/St_3518.html
121;121_57;MARKETING VIRAL;terme_generique;121_55;GESTION DU MARKETING;https://aciege.org/Dct/Fra/Fra_121_55.html
121;121_57;MARKETING VIRAL;employe_pour;Bo_2534;Bouche à oreille;https://aciege.org/Dct/Fra/Bo_2534.html
121;121_57;MARKETING VIRAL;employe_pour;Bu_2543;Buzz marketing;https://aciege.org/Dct/Fra/Bu_2543.html
121;121_92;MARQUE;terme_generique;121_52;POLITIQUE DE PRODUIT;https://aciege.org/Dct/Fra/Fra_121_52.html
121;121_92;MARQUE;terme_specifique;121_91;IMAGE DE MARQUE;https://aciege.org/Dct/Fra/Fra_121_91.html
121;121_92;MARQUE;terme_specifique;121_90;MARQUE DE DISTRIBUTEUR;https://aciege.org/Dct/Fra/Fra_121_90.html
121;121_92;MARQUE;employe_pour;Ex_2870;Extension de marque;https://aciege.org/Dct/Fra/Ex_2870.html
121;121_92;MARQUE;employe_pour;Lo_3127;Logo;https://aciege.org/Dct/Fra/Lo_3127.html
121;121_90;MARQUE DE DISTRIBUTEUR;terme_generique;121_92;MARQUE;https://aciege.org/Dct/Fra/Fra_121_92.html
121;121_66;MODELE DE MARKETING;terme_generique;121_55;GESTION DU MARKETING;https://aciege.org/Dct/Fra/Fra_121_55.html
121;121_89;PLAN MARKETING;terme_generique;121_78;MARKETING MIX;https://aciege.org/Dct/Fra/Fra_121_78.html
121;121_53;POLITIQUE COMMERCIALE;terme_generique;121_55;GESTION DU MARKETING;https://aciege.org/Dct/Fra/Fra_121_55.html
121;121_53;POLITIQUE COMMERCIALE;terme_specifique;121_63;FIDELISATION;https://aciege.org/Dct/Fra/Fra_121_63.html
121;121_53;POLITIQUE COMMERCIALE;terme_specifique;121_52;POLITIQUE DE PRODUIT;https://aciege.org/Dct/Fra/Fra_121_52.html
121;121_53;POLITIQUE COMMERCIALE;terme_specifique;121_74;POLITIQUE DES PRIX;https://aciege.org/Dct/Fra/Fra_121_74.html
121;121_53;POLITIQUE COMMERCIALE;employe_pour;Po_3324;Politique de distribution;https://aciege.org/Dct/Fra/Po_3324.html
121;121_53;POLITIQUE COMMERCIALE;employe_pour;Po_3325;Politique de marché;https://aciege.org/Dct/Fra/Po_3325.html
121;121_52;POLITIQUE DE PRODUIT;terme_generique;121_53;POLITIQUE COMMERCIALE;https://aciege.org/Dct/Fra/Fra_121_53.html
121;121_52;POLITIQUE DE PRODUIT;terme_specifique;121_50;DIVERSIFICATION;https://aciege.org/Dct/Fra/Fra_121_50.html
121;121_52;POLITIQUE DE PRODUIT;terme_specifique;121_30;GAMME DE PRODUITS;https://aciege.org/Dct/Fra/Fra_121_30.html
121;121_52;POLITIQUE DE PRODUIT;terme_specifique;121_31;GESTION PAR CATEGORIE;https://aciege.org/Dct/Fra/Fra_121_31.html
121;121_52;POLITIQUE DE PRODUIT;terme_specifique;121_82;LABEL DE QUALITE;https://aciege.org/Dct/Fra/Fra_121_82.html
121;121_52;POLITIQUE DE PRODUIT;terme_specifique;121_71;LANCEMENT DE PRODUIT;https://aciege.org/Dct/Fra/Fra_121_71.html
121;121_52;POLITIQUE DE PRODUIT;terme_specifique;121_92;MARQUE;https://aciege.org/Dct/Fra/Fra_121_92.html
121;121_52;POLITIQUE DE PRODUIT;terme_specifique;121_60;POSITIONNEMENT;https://aciege.org/Dct/Fra/Fra_121_60.html
121;121_52;POLITIQUE DE PRODUIT;terme_specifique;121_40;PRODUIT DERIVE;https://aciege.org/Dct/Fra/Fra_121_40.html
121;121_52;POLITIQUE DE PRODUIT;employe_pour;Ch_2616;Chef de produit;https://aciege.org/Dct/Fra/Ch_2616.html
121;121_74;POLITIQUE DES PRIX;terme_generique;121_53;POLITIQUE COMMERCIALE;https://aciege.org/Dct/Fra/Fra_121_53.html
121;121_74;POLITIQUE DES PRIX;terme_specifique;121_94;FIXATION DES PRIX;https://aciege.org/Dct/Fra/Fra_121_94.html
121;121_74;POLITIQUE DES PRIX;terme_specifique;121_85;PRIX BAS;https://aciege.org/Dct/Fra/Fra_121_85.html
121;121_74;POLITIQUE DES PRIX;employe_pour;Pr_3347;Prix imposé;https://aciege.org/Dct/Fra/Pr_3347.html
121;121_60;POSITIONNEMENT;terme_generique;121_52;POLITIQUE DE PRODUIT;https://aciege.org/Dct/Fra/Fra_121_52.html
121;121_85;PRIX BAS;terme_generique;121_74;POLITIQUE DES PRIX;https://aciege.org/Dct/Fra/Fra_121_74.html
121;121_95;PRIX DE DETAIL;terme_generique;121_94;FIXATION DES PRIX;https://aciege.org/Dct/Fra/Fra_121_94.html
121;121_95;PRIX DE DETAIL;employe_pour;Pr_3343;Prix d'achat;https://aciege.org/Dct/Fra/Pr_3343.html
121;121_93;PRIX DE GROS;terme_generique;121_94;FIXATION DES PRIX;https://aciege.org/Dct/Fra/Fra_121_94.html
121;121_32;PRODUIT;terme_generique;121_55;GESTION DU MARKETING;https://aciege.org/Dct/Fra/Fra_121_55.html
121;121_32;PRODUIT;terme_specifique;121_21;ATTRIBUT DU PRODUIT;https://aciege.org/Dct/Fra/Fra_121_21.html
121;121_32;PRODUIT;terme_specifique;121_23;BIEN DE CONSOMMATION;https://aciege.org/Dct/Fra/Fra_121_23.html
121;121_32;PRODUIT;terme_specifique;121_34;BIEN INDUSTRIEL;https://aciege.org/Dct/Fra/Fra_121_34.html
121;121_32;PRODUIT;terme_specifique;121_11;CYCLE DE VIE DE PRODUIT;https://aciege.org/Dct/Fra/Fra_121_11.html
121;121_03;PRODUIT DE LUXE;terme_generique;121_23;BIEN DE CONSOMMATION;https://aciege.org/Dct/Fra/Fra_121_23.html
121;121_40;PRODUIT DERIVE;terme_generique;121_52;POLITIQUE DE PRODUIT;https://aciege.org/Dct/Fra/Fra_121_52.html
121;121_25;RECHERCHE COMMERCIALE;terme_generique;121_55;GESTION DU MARKETING;https://aciege.org/Dct/Fra/Fra_121_55.html
121;121_38;RESEAU COMMERCIAL;terme_generique;121_55;GESTION DU MARKETING;https://aciege.org/Dct/Fra/Fra_121_55.html
121;121_38;RESEAU COMMERCIAL;employe_pour;Re_3425;Relations d'affaires;https://aciege.org/Dct/Fra/Re_3425.html
121;121_81;TEST DE MARCHE;terme_generique;121_71;LANCEMENT DE PRODUIT;https://aciege.org/Dct/Fra/Fra_121_71.html
121;121_81;TEST DE MARCHE;employe_pour;Ma_3161;Marché témoin;https://aciege.org/Dct/Fra/Ma_3161.html
121;121_81;TEST DE MARCHE;employe_pour;Mi_3193;Mini marché;https://aciege.org/Dct/Fra/Mi_3193.html
121;121_80;TEST DE PRODUIT;terme_generique;121_71;LANCEMENT DE PRODUIT;https://aciege.org/Dct/Fra/Fra_121_71.html
121;121_80;TEST DE PRODUIT;employe_pour;Bl_2530;Blind test;https://aciege.org/Dct/Fra/Bl_2530.html
121;121_80;TEST DE PRODUIT;employe_pour;Te_3555;Test de conditionnement;https://aciege.org/Dct/Fra/Te_3555.html
121;121_76;THEORIE DU MARKETING;terme_generique;121_55;GESTION DU MARKETING;https://aciege.org/Dct/Fra/Fra_121_55.html
121;121_76;THEORIE DU MARKETING;employe_pour;Co_2669;Concept du marketing;https://aciege.org/Dct/Fra/Co_2669.html
121;121_47;WEBMARKETING;terme_generique;121_55;GESTION DU MARKETING;https://aciege.org/Dct/Fra/Fra_121_55.html
121;121_47;WEBMARKETING;employe_pour;Em_2821;Emarketing;https://aciege.org/Dct/Fra/Em_2821.html
121;121_47;WEBMARKETING;employe_pour;Ma_3172;Marketing digital;https://aciege.org/Dct/Fra/Ma_3172.html
121;121_47;WEBMARKETING;employe_pour;Ma_3176;Marketing mobile;https://aciege.org/Dct/Fra/Ma_3176.html
122;122_75;AGENCE D'ETUDE DE MARCHE;terme_generique;122_55;ETUDE DE MARCHE;https://aciege.org/Dct/Fra/Fra_122_55.html
122;122_75;AGENCE D'ETUDE DE MARCHE;employe_pour;Ca_2556;Cabinet d'étude de marché;https://aciege.org/Dct/Fra/Ca_2556.html
122;122_94;COMPORTEMENT DU CONSOMMATEUR;terme_generique;122_53;CONSOMMATEUR;https://aciege.org/Dct/Fra/Fra_122_53.html
122;122_94;COMPORTEMENT DU CONSOMMATEUR;employe_pour;Av_2500;Avis consommateur;https://aciege.org/Dct/Fra/Av_2500.html
122;122_94;COMPORTEMENT DU CONSOMMATEUR;employe_pour;Co_2652;Comportement d'achat;https://aciege.org/Dct/Fra/Co_2652.html
122;122_94;COMPORTEMENT DU CONSOMMATEUR;employe_pour;Ha_2960;Habitude de consommation;https://aciege.org/Dct/Fra/Ha_2960.html
122;122_53;CONSOMMATEUR;terme_generique;122_55;ETUDE DE MARCHE;https://aciege.org/Dct/Fra/Fra_122_55.html
122;122_53;CONSOMMATEUR;terme_specifique;122_94;COMPORTEMENT DU CONSOMMATEUR;https://aciege.org/Dct/Fra/Fra_122_94.html
122;122_53;CONSOMMATEUR;terme_specifique;122_14;CONSOMMATEUR INDUSTRIEL;https://aciege.org/Dct/Fra/Fra_122_14.html
122;122_53;CONSOMMATEUR;terme_specifique;122_50;CONSUMERISME;https://aciege.org/Dct/Fra/Fra_122_50.html
122;122_53;CONSOMMATEUR;terme_specifique;122_70;INFORMATION DU CONSOMMATEUR;https://aciege.org/Dct/Fra/Fra_122_70.html
122;122_53;CONSOMMATEUR;terme_specifique;122_93;MODE;https://aciege.org/Dct/Fra/Fra_122_93.html
122;122_53;CONSOMMATEUR;terme_specifique;122_82;STYLE DE VIE;https://aciege.org/Dct/Fra/Fra_122_82.html
122;122_14;CONSOMMATEUR INDUSTRIEL;terme_generique;122_53;CONSOMMATEUR;https://aciege.org/Dct/Fra/Fra_122_53.html
122;122_14;CONSOMMATEUR INDUSTRIEL;employe_pour;Co_2661;Compte clé;https://aciege.org/Dct/Fra/Co_2661.html
122;122_14;CONSOMMATEUR INDUSTRIEL;employe_pour;Gr_2943;Grand compte;https://aciege.org/Dct/Fra/Gr_2943.html
122;122_50;CONSUMERISME;terme_generique;122_53;CONSOMMATEUR;https://aciege.org/Dct/Fra/Fra_122_53.html
122;122_50;CONSUMERISME;employe_pour;As_2480;Association de consommateurs;https://aciege.org/Dct/Fra/As_2480.html
122;122_50;CONSUMERISME;employe_pour;De_2770;Défense des consommateurs;https://aciege.org/Dct/Fra/De_2770.html
122;122_55;ETUDE DE MARCHE;terme_specifique;122_75;AGENCE D'ETUDE DE MARCHE;https://aciege.org/Dct/Fra/Fra_122_75.html
122;122_55;ETUDE DE MARCHE;terme_specifique;122_53;CONSOMMATEUR;https://aciege.org/Dct/Fra/Fra_122_53.html
122;122_55;ETUDE DE MARCHE;terme_specifique;122_37;ETUDE DE MARCHE INDUSTRIEL;https://aciege.org/Dct/Fra/Fra_122_37.html
122;122_55;ETUDE DE MARCHE;terme_specifique;122_77;MARCHE;https://aciege.org/Dct/Fra/Fra_122_77.html
122;122_55;ETUDE DE MARCHE;terme_specifique;122_57;TECHNIQUE D'ETUDE DE MARCHE;https://aciege.org/Dct/Fra/Fra_122_57.html
122;122_37;ETUDE DE MARCHE INDUSTRIEL;terme_generique;122_55;ETUDE DE MARCHE;https://aciege.org/Dct/Fra/Fra_122_55.html
122;122_69;GEOMARKETING;terme_generique;122_57;TECHNIQUE D'ETUDE DE MARCHE;https://aciege.org/Dct/Fra/Fra_122_57.html
122;122_70;INFORMATION DU CONSOMMATEUR;terme_generique;122_53;CONSOMMATEUR;https://aciege.org/Dct/Fra/Fra_122_53.html
122;122_70;INFORMATION DU CONSOMMATEUR;employe_pour;Ai_2418;Aide au consommateur;https://aciege.org/Dct/Fra/Ai_2418.html
122;122_77;MARCHE;terme_generique;122_55;ETUDE DE MARCHE;https://aciege.org/Dct/Fra/Fra_122_55.html
122;122_77;MARCHE;terme_specifique;122_79;MARCHE ETRANGER;https://aciege.org/Dct/Fra/Fra_122_79.html
122;122_77;MARCHE;terme_specifique;122_98;MARCHE INTERIEUR;https://aciege.org/Dct/Fra/Fra_122_98.html
122;122_77;MARCHE;terme_specifique;122_89;MARCHE PUBLIC;https://aciege.org/Dct/Fra/Fra_122_89.html
122;122_77;MARCHE;terme_specifique;122_67;PART DE MARCHE;https://aciege.org/Dct/Fra/Fra_122_67.html
122;122_77;MARCHE;employe_pour;Ma_3156;Marché de l'offre;https://aciege.org/Dct/Fra/Ma_3156.html
122;122_77;MARCHE;employe_pour;Ma_3159;Marché potentiel;https://aciege.org/Dct/Fra/Ma_3159.html
122;122_77;MARCHE;employe_pour;Ma_3160;Marché réel;https://aciege.org/Dct/Fra/Ma_3160.html
122;122_79;MARCHE ETRANGER;terme_generique;122_77;MARCHE;https://aciege.org/Dct/Fra/Fra_122_77.html
122;122_98;MARCHE INTERIEUR;terme_generique;122_77;MARCHE;https://aciege.org/Dct/Fra/Fra_122_77.html
122;122_89;MARCHE PUBLIC;terme_generique;122_77;MARCHE;https://aciege.org/Dct/Fra/Fra_122_77.html
122;122_93;MODE;terme_generique;122_53;CONSOMMATEUR;https://aciege.org/Dct/Fra/Fra_122_53.html
122;122_28;PANEL;terme_generique;122_57;TECHNIQUE D'ETUDE DE MARCHE;https://aciege.org/Dct/Fra/Fra_122_57.html
122;122_28;PANEL;employe_pour;So_3507;Sondage permanent;https://aciege.org/Dct/Fra/So_3507.html
122;122_67;PART DE MARCHE;terme_generique;122_77;MARCHE;https://aciege.org/Dct/Fra/Fra_122_77.html
122;122_39;PREVISION DE VENTE;terme_generique;122_57;TECHNIQUE D'ETUDE DE MARCHE;https://aciege.org/Dct/Fra/Fra_122_57.html
122;122_59;SEGMENTATION;terme_generique;122_57;TECHNIQUE D'ETUDE DE MARCHE;https://aciege.org/Dct/Fra/Fra_122_57.html
122;122_59;SEGMENTATION;employe_pour;Ch_2617;Choix de la clientèle;https://aciege.org/Dct/Fra/Ch_2617.html
122;122_59;SEGMENTATION;employe_pour;Ni_3230;Niche;https://aciege.org/Dct/Fra/Ni_3230.html
122;122_82;STYLE DE VIE;terme_generique;122_53;CONSOMMATEUR;https://aciege.org/Dct/Fra/Fra_122_53.html
122;122_57;TECHNIQUE D'ETUDE DE MARCHE;terme_generique;122_55;ETUDE DE MARCHE;https://aciege.org/Dct/Fra/Fra_122_55.html
122;122_57;TECHNIQUE D'ETUDE DE MARCHE;terme_specifique;122_69;GEOMARKETING;https://aciege.org/Dct/Fra/Fra_122_69.html
122;122_57;TECHNIQUE D'ETUDE DE MARCHE;terme_specifique;122_28;PANEL;https://aciege.org/Dct/Fra/Fra_122_28.html
122;122_57;TECHNIQUE D'ETUDE DE MARCHE;terme_specifique;122_39;PREVISION DE VENTE;https://aciege.org/Dct/Fra/Fra_122_39.html
122;122_57;TECHNIQUE D'ETUDE DE MARCHE;terme_specifique;122_59;SEGMENTATION;https://aciege.org/Dct/Fra/Fra_122_59.html
123;123_93;CAISSE;terme_generique;123_62;POINT DE VENTE;https://aciege.org/Dct/Fra/Fra_123_62.html
123;123_42;CANAL DE DISTRIBUTION;terme_generique;123_55;DISTRIBUTION;https://aciege.org/Dct/Fra/Fra_123_55.html
123;123_42;CANAL DE DISTRIBUTION;terme_specifique;123_33;COMMERCE DE DETAIL;https://aciege.org/Dct/Fra/Fra_123_33.html
123;123_42;CANAL DE DISTRIBUTION;terme_specifique;123_31;COMMERCE DE GROS;https://aciege.org/Dct/Fra/Fra_123_31.html
123;123_42;CANAL DE DISTRIBUTION;employe_pour;Ca_2566;Canal industriel;https://aciege.org/Dct/Fra/Ca_2566.html
123;123_42;CANAL DE DISTRIBUTION;employe_pour;Ca_2567;Canal pour bien de consommation;https://aciege.org/Dct/Fra/Ca_2567.html
123;123_42;CANAL DE DISTRIBUTION;employe_pour;Ci_2618;Circuit de distribution court;https://aciege.org/Dct/Fra/Ci_2618.html
123;123_20;CASH AND CARRY;terme_generique;123_31;COMMERCE DE GROS;https://aciege.org/Dct/Fra/Fra_123_31.html
123;123_01;CENTRALE D'ACHAT;terme_generique;123_31;COMMERCE DE GROS;https://aciege.org/Dct/Fra/Fra_123_31.html
123;123_01;CENTRALE D'ACHAT;employe_pour;Gr_2951;Groupement d'achat;https://aciege.org/Dct/Fra/Gr_2951.html
123;123_86;CENTRE COMMERCIAL;terme_generique;123_57;ENTREPRISE DE DISTRIBUTION;https://aciege.org/Dct/Fra/Fra_123_57.html
123;123_86;CENTRE COMMERCIAL;terme_specifique;123_97;URBANISME COMMERCIAL;https://aciege.org/Dct/Fra/Fra_123_97.html
123;123_86;CENTRE COMMERCIAL;employe_pour;Ce_2592;Centre commercial régional;https://aciege.org/Dct/Fra/Ce_2592.html
123;123_86;CENTRE COMMERCIAL;employe_pour;Ga_2923;Galerie commerciale;https://aciege.org/Dct/Fra/Ga_2923.html
123;123_07;CHAINE VOLONTAIRE;terme_generique;123_27;MAGASIN A SUCCURSALES;https://aciege.org/Dct/Fra/Fra_123_27.html
123;123_33;COMMERCE DE DETAIL;terme_generique;123_42;CANAL DE DISTRIBUTION;https://aciege.org/Dct/Fra/Fra_123_42.html
123;123_33;COMMERCE DE DETAIL;terme_specifique;123_13;GROUPEMENT DE DETAILLANTS;https://aciege.org/Dct/Fra/Fra_123_13.html
123;123_33;COMMERCE DE DETAIL;employe_pour;Co_2637;Commerce ambulant;https://aciege.org/Dct/Fra/Co_2637.html
123;123_33;COMMERCE DE DETAIL;employe_pour;De_2786;Détaillant;https://aciege.org/Dct/Fra/De_2786.html
123;123_33;COMMERCE DE DETAIL;employe_pour;Ve_3629;Vente au détail;https://aciege.org/Dct/Fra/Ve_3629.html
123;123_31;COMMERCE DE GROS;terme_generique;123_42;CANAL DE DISTRIBUTION;https://aciege.org/Dct/Fra/Fra_123_42.html
123;123_31;COMMERCE DE GROS;terme_specifique;123_20;CASH AND CARRY;https://aciege.org/Dct/Fra/Fra_123_20.html
123;123_31;COMMERCE DE GROS;terme_specifique;123_01;CENTRALE D'ACHAT;https://aciege.org/Dct/Fra/Fra_123_01.html
123;123_31;COMMERCE DE GROS;employe_pour;Gr_2949;Grossiste;https://aciege.org/Dct/Fra/Gr_2949.html
123;123_31;COMMERCE DE GROS;employe_pour;Ha_2961;Halles;https://aciege.org/Dct/Fra/Ha_2961.html
123;123_49;COMMERCE INTEGRE;terme_generique;123_57;ENTREPRISE DE DISTRIBUTION;https://aciege.org/Dct/Fra/Fra_123_57.html
123;123_16;COMMERCE TRADITIONNEL;terme_generique;123_57;ENTREPRISE DE DISTRIBUTION;https://aciege.org/Dct/Fra/Fra_123_57.html
123;123_16;COMMERCE TRADITIONNEL;employe_pour;Co_2638;Commerce indépendant;https://aciege.org/Dct/Fra/Co_2638.html
123;123_29;COOPERATIVE DE CONSOMMATION;terme_generique;123_57;ENTREPRISE DE DISTRIBUTION;https://aciege.org/Dct/Fra/Fra_123_57.html
123;123_92;DEMARQUE INCONNUE;terme_generique;123_62;POINT DE VENTE;https://aciege.org/Dct/Fra/Fra_123_62.html
123;123_59;DISCOMPTEUR;terme_generique;123_57;ENTREPRISE DE DISTRIBUTION;https://aciege.org/Dct/Fra/Fra_123_57.html
123;123_59;DISCOMPTEUR;employe_pour;Ha_2964;Hard-discount;https://aciege.org/Dct/Fra/Ha_2964.html
123;123_59;DISCOMPTEUR;employe_pour;Ma_3140;Magasin de dégriffés;https://aciege.org/Dct/Fra/Ma_3140.html
123;123_55;DISTRIBUTION;terme_specifique;123_42;CANAL DE DISTRIBUTION;https://aciege.org/Dct/Fra/Fra_123_42.html
123;123_55;DISTRIBUTION;terme_specifique;123_50;DISTRIBUTION PHYSIQUE;https://aciege.org/Dct/Fra/Fra_123_50.html
123;123_55;DISTRIBUTION;terme_specifique;123_57;ENTREPRISE DE DISTRIBUTION;https://aciege.org/Dct/Fra/Fra_123_57.html
123;123_55;DISTRIBUTION;terme_specifique;123_62;POINT DE VENTE;https://aciege.org/Dct/Fra/Fra_123_62.html
123;123_55;DISTRIBUTION;employe_pour;Co_2636;Commerce;https://aciege.org/Dct/Fra/Co_2636.html
123;123_55;DISTRIBUTION;employe_pour;Re_3454;Référencement;https://aciege.org/Dct/Fra/Re_3454.html
123;123_50;DISTRIBUTION PHYSIQUE;terme_generique;123_55;DISTRIBUTION;https://aciege.org/Dct/Fra/Fra_123_55.html
123;123_50;DISTRIBUTION PHYSIQUE;employe_pour;Di_2751;Distribution totale;https://aciege.org/Dct/Fra/Di_2751.html
123;123_61;ENSEIGNE;terme_generique;123_62;POINT DE VENTE;https://aciege.org/Dct/Fra/Fra_123_62.html
123;123_57;ENTREPRISE DE DISTRIBUTION;terme_generique;123_55;DISTRIBUTION;https://aciege.org/Dct/Fra/Fra_123_55.html
123;123_57;ENTREPRISE DE DISTRIBUTION;terme_specifique;123_86;CENTRE COMMERCIAL;https://aciege.org/Dct/Fra/Fra_123_86.html
123;123_57;ENTREPRISE DE DISTRIBUTION;terme_specifique;123_49;COMMERCE INTEGRE;https://aciege.org/Dct/Fra/Fra_123_49.html
123;123_57;ENTREPRISE DE DISTRIBUTION;terme_specifique;123_16;COMMERCE TRADITIONNEL;https://aciege.org/Dct/Fra/Fra_123_16.html
123;123_57;ENTREPRISE DE DISTRIBUTION;terme_specifique;123_29;COOPERATIVE DE CONSOMMATION;https://aciege.org/Dct/Fra/Fra_123_29.html
123;123_57;ENTREPRISE DE DISTRIBUTION;terme_specifique;123_59;DISCOMPTEUR;https://aciege.org/Dct/Fra/Fra_123_59.html
123;123_57;ENTREPRISE DE DISTRIBUTION;terme_specifique;123_78;GRANDE SURFACE;https://aciege.org/Dct/Fra/Fra_123_78.html
123;123_57;ENTREPRISE DE DISTRIBUTION;terme_specifique;123_27;MAGASIN A SUCCURSALES;https://aciege.org/Dct/Fra/Fra_123_27.html
123;123_57;ENTREPRISE DE DISTRIBUTION;employe_pour;Di_2746;Distributeur;https://aciege.org/Dct/Fra/Di_2746.html
123;123_57;ENTREPRISE DE DISTRIBUTION;employe_pour;Ge_2930;Gestion de l'entreprise de distribution;https://aciege.org/Dct/Fra/Ge_2930.html
123;123_90;ETIQUETAGE;terme_generique;123_81;MERCHANDISING;https://aciege.org/Dct/Fra/Fra_123_81.html
123;123_90;ETIQUETAGE;employe_pour;Et_2862;Etiquette;https://aciege.org/Dct/Fra/Et_2862.html
123;123_79;GRAND MAGASIN;terme_generique;123_78;GRANDE SURFACE;https://aciege.org/Dct/Fra/Fra_123_78.html
123;123_78;GRANDE SURFACE;terme_generique;123_57;ENTREPRISE DE DISTRIBUTION;https://aciege.org/Dct/Fra/Fra_123_57.html
123;123_78;GRANDE SURFACE;terme_specifique;123_79;GRAND MAGASIN;https://aciege.org/Dct/Fra/Fra_123_79.html
123;123_78;GRANDE SURFACE;terme_specifique;123_99;HYPERMARCHE;https://aciege.org/Dct/Fra/Fra_123_99.html
123;123_78;GRANDE SURFACE;terme_specifique;123_89;SUPERMARCHE;https://aciege.org/Dct/Fra/Fra_123_89.html
123;123_13;GROUPEMENT DE DETAILLANTS;terme_generique;123_33;COMMERCE DE DETAIL;https://aciege.org/Dct/Fra/Fra_123_33.html
123;123_99;HYPERMARCHE;terme_generique;123_78;GRANDE SURFACE;https://aciege.org/Dct/Fra/Fra_123_78.html
123;123_84;IMPLANTATION DE MAGASIN;terme_generique;123_62;POINT DE VENTE;https://aciege.org/Dct/Fra/Fra_123_62.html
123;123_84;IMPLANTATION DE MAGASIN;employe_pour;Cr_2711;Création de magasin;https://aciege.org/Dct/Fra/Cr_2711.html
123;123_84;IMPLANTATION DE MAGASIN;employe_pour;Lo_3123;Localisation de magasin;https://aciege.org/Dct/Fra/Lo_3123.html
123;123_84;IMPLANTATION DE MAGASIN;employe_pour;Zo_3658;Zone d'achalandage;https://aciege.org/Dct/Fra/Zo_3658.html
123;123_27;MAGASIN A SUCCURSALES;terme_generique;123_57;ENTREPRISE DE DISTRIBUTION;https://aciege.org/Dct/Fra/Fra_123_57.html
123;123_27;MAGASIN A SUCCURSALES;terme_specifique;123_07;CHAINE VOLONTAIRE;https://aciege.org/Dct/Fra/Fra_123_07.html
123;123_81;MERCHANDISING;terme_generique;123_62;POINT DE VENTE;https://aciege.org/Dct/Fra/Fra_123_62.html
123;123_81;MERCHANDISING;terme_specifique;123_90;ETIQUETAGE;https://aciege.org/Dct/Fra/Fra_123_90.html
123;123_81;MERCHANDISING;terme_specifique;123_80;PLV;https://aciege.org/Dct/Fra/Fra_123_80.html
123;123_81;MERCHANDISING;employe_pour;Ag_2411;Agencement de rayon;https://aciege.org/Dct/Fra/Ag_2411.html
123;123_81;MERCHANDISING;employe_pour;Et_2859;Etalage;https://aciege.org/Dct/Fra/Et_2859.html
123;123_81;MERCHANDISING;employe_pour;Mi_3195;Mise en rayon;https://aciege.org/Dct/Fra/Mi_3195.html
123;123_74;MOBILIER DE MAGASIN;terme_generique;123_62;POINT DE VENTE;https://aciege.org/Dct/Fra/Fra_123_62.html
123;123_74;MOBILIER DE MAGASIN;employe_pour;Co_2667;Comptoir;https://aciege.org/Dct/Fra/Co_2667.html
123;123_74;MOBILIER DE MAGASIN;employe_pour;Go_2941;Gondole;https://aciege.org/Dct/Fra/Go_2941.html
123;123_74;MOBILIER DE MAGASIN;employe_pour;Pr_3367;Présentoir;https://aciege.org/Dct/Fra/Pr_3367.html
123;123_80;PLV;terme_generique;123_81;MERCHANDISING;https://aciege.org/Dct/Fra/Fra_123_81.html
123;123_80;PLV;employe_pour;Pu_3379;Publicite sur le lieu de vente;https://aciege.org/Dct/Fra/Pu_3379.html
123;123_80;PLV;employe_pour;Vi_3647;Vitrine;https://aciege.org/Dct/Fra/Vi_3647.html
123;123_62;POINT DE VENTE;terme_generique;123_55;DISTRIBUTION;https://aciege.org/Dct/Fra/Fra_123_55.html
123;123_62;POINT DE VENTE;terme_specifique;123_93;CAISSE;https://aciege.org/Dct/Fra/Fra_123_93.html
123;123_62;POINT DE VENTE;terme_specifique;123_92;DEMARQUE INCONNUE;https://aciege.org/Dct/Fra/Fra_123_92.html
123;123_62;POINT DE VENTE;terme_specifique;123_61;ENSEIGNE;https://aciege.org/Dct/Fra/Fra_123_61.html
123;123_62;POINT DE VENTE;terme_specifique;123_84;IMPLANTATION DE MAGASIN;https://aciege.org/Dct/Fra/Fra_123_84.html
123;123_62;POINT DE VENTE;terme_specifique;123_81;MERCHANDISING;https://aciege.org/Dct/Fra/Fra_123_81.html
123;123_62;POINT DE VENTE;terme_specifique;123_74;MOBILIER DE MAGASIN;https://aciege.org/Dct/Fra/Fra_123_74.html
123;123_62;POINT DE VENTE;employe_pour;Ec_2803;Eclairage de magasin;https://aciege.org/Dct/Fra/Ec_2803.html
123;123_62;POINT DE VENTE;employe_pour;Pr_3364;Protection de magasin;https://aciege.org/Dct/Fra/Pr_3364.html
123;123_62;POINT DE VENTE;employe_pour;So_3509;Sonorisation de magasin;https://aciege.org/Dct/Fra/So_3509.html
123;123_89;SUPERMARCHE;terme_generique;123_78;GRANDE SURFACE;https://aciege.org/Dct/Fra/Fra_123_78.html
123;123_97;URBANISME COMMERCIAL;terme_generique;123_86;CENTRE COMMERCIAL;https://aciege.org/Dct/Fra/Fra_123_86.html
124;124_85;AGENT COMMERCIAL;terme_generique;124_75;VENDEUR;https://aciege.org/Dct/Fra/Fra_124_75.html
124;124_85;AGENT COMMERCIAL;terme_specifique;124_96;CONCESSIONNAIRE;https://aciege.org/Dct/Fra/Fra_124_96.html
124;124_85;AGENT COMMERCIAL;employe_pour;Ag_2413;Agent exclusif;https://aciege.org/Dct/Fra/Ag_2413.html
124;124_85;AGENT COMMERCIAL;employe_pour;Co_2641;Commissionnaire;https://aciege.org/Dct/Fra/Co_2641.html
124;124_85;AGENT COMMERCIAL;employe_pour;Re_3430;Représentant;https://aciege.org/Dct/Fra/Re_3430.html
124;124_85;AGENT COMMERCIAL;employe_pour;VR_3620;VRP;https://aciege.org/Dct/Fra/VR_3620.html
124;124_39;BON DE COMMANDE;terme_generique;124_38;DOCUMENT DE VENTE;https://aciege.org/Dct/Fra/Fra_124_38.html
124;124_29;BON DE LIVRAISON;terme_generique;124_38;DOCUMENT DE VENTE;https://aciege.org/Dct/Fra/Fra_124_38.html
124;124_68;CARNET DE COMMANDES;terme_generique;124_57;DIRECTION DES VENTES;https://aciege.org/Dct/Fra/Fra_124_57.html
124;124_16;CLIENT;terme_generique;124_55;VENTE;https://aciege.org/Dct/Fra/Fra_124_55.html
124;124_82;COMMERCE ELECTRONIQUE;terme_generique;124_53;TECHNIQUE DE VENTE;https://aciege.org/Dct/Fra/Fra_124_53.html
124;124_82;COMMERCE ELECTRONIQUE;terme_specifique;124_81;PLACE DE MARCHE ELECTRONIQUE;https://aciege.org/Dct/Fra/Fra_124_81.html
124;124_82;COMMERCE ELECTRONIQUE;employe_pour;Ac_2386;Achat en ligne;https://aciege.org/Dct/Fra/Ac_2386.html
124;124_82;COMMERCE ELECTRONIQUE;employe_pour;E-_2792;E-commerce;https://aciege.org/Dct/Fra/E-_2792.html
124;124_82;COMMERCE ELECTRONIQUE;employe_pour;M-_3134;M-commerce;https://aciege.org/Dct/Fra/M-_3134.html
124;124_82;COMMERCE ELECTRONIQUE;employe_pour;Pu_3388;Pure player;https://aciege.org/Dct/Fra/Pu_3388.html
124;124_35;COMMERCE INTERNATIONAL;terme_generique;124_55;VENTE;https://aciege.org/Dct/Fra/Fra_124_55.html
124;124_35;COMMERCE INTERNATIONAL;terme_specifique;124_24;EXPORTATION;https://aciege.org/Dct/Fra/Fra_124_24.html
124;124_35;COMMERCE INTERNATIONAL;terme_specifique;124_25;IMPORTATION;https://aciege.org/Dct/Fra/Fra_124_25.html
124;124_34;COMPENSATION;terme_generique;124_53;TECHNIQUE DE VENTE;https://aciege.org/Dct/Fra/Fra_124_53.html
124;124_34;COMPENSATION;employe_pour;Tr_3591;Troc;https://aciege.org/Dct/Fra/Tr_3591.html
124;124_96;CONCESSIONNAIRE;terme_generique;124_85;AGENT COMMERCIAL;https://aciege.org/Dct/Fra/Fra_124_85.html
124;124_67;CONDITION DE VENTE;terme_generique;124_55;VENTE;https://aciege.org/Dct/Fra/Fra_124_55.html
124;124_67;CONDITION DE VENTE;terme_specifique;124_78;DELAI DE PAIEMENT;https://aciege.org/Dct/Fra/Fra_124_78.html
124;124_67;CONDITION DE VENTE;terme_specifique;124_77;PRIX DE VENTE;https://aciege.org/Dct/Fra/Fra_124_77.html
124;124_67;CONDITION DE VENTE;terme_specifique;124_79;VENTE A CREDIT;https://aciege.org/Dct/Fra/Fra_124_79.html
124;124_67;CONDITION DE VENTE;employe_pour;Bo_2532;Bon de réduction;https://aciege.org/Dct/Fra/Bo_2532.html
124;124_67;CONDITION DE VENTE;employe_pour;Ri_3444;Ristourne;https://aciege.org/Dct/Fra/Ri_3444.html
124;124_67;CONDITION DE VENTE;employe_pour;Ve_3640;Vente à prime;https://aciege.org/Dct/Fra/Ve_3640.html
124;124_59;CORRESPONDANCE COMMERCIALE;terme_generique;124_57;DIRECTION DES VENTES;https://aciege.org/Dct/Fra/Fra_124_57.html
124;124_76;COURTIER;terme_generique;124_75;VENDEUR;https://aciege.org/Dct/Fra/Fra_124_75.html
124;124_78;DELAI DE PAIEMENT;terme_generique;124_67;CONDITION DE VENTE;https://aciege.org/Dct/Fra/Fra_124_67.html
124;124_28;DEVIS;terme_generique;124_38;DOCUMENT DE VENTE;https://aciege.org/Dct/Fra/Fra_124_38.html
124;124_57;DIRECTION DES VENTES;terme_generique;124_55;VENTE;https://aciege.org/Dct/Fra/Fra_124_55.html
124;124_57;DIRECTION DES VENTES;terme_specifique;124_68;CARNET DE COMMANDES;https://aciege.org/Dct/Fra/Fra_124_68.html
124;124_57;DIRECTION DES VENTES;terme_specifique;124_59;CORRESPONDANCE COMMERCIALE;https://aciege.org/Dct/Fra/Fra_124_59.html
124;124_57;DIRECTION DES VENTES;terme_specifique;124_38;DOCUMENT DE VENTE;https://aciege.org/Dct/Fra/Fra_124_38.html
124;124_57;DIRECTION DES VENTES;terme_specifique;124_27;SERVICE APRES-VENTE;https://aciege.org/Dct/Fra/Fra_124_27.html
124;124_57;DIRECTION DES VENTES;terme_specifique;124_37;SERVICE CLIENT;https://aciege.org/Dct/Fra/Fra_124_37.html
124;124_57;DIRECTION DES VENTES;employe_pour;In_3066;Inspection des ventes;https://aciege.org/Dct/Fra/In_3066.html
124;124_57;DIRECTION DES VENTES;employe_pour;St_3516;Stimulation du réseau;https://aciege.org/Dct/Fra/St_3516.html
124;124_38;DOCUMENT DE VENTE;terme_generique;124_57;DIRECTION DES VENTES;https://aciege.org/Dct/Fra/Fra_124_57.html
124;124_38;DOCUMENT DE VENTE;terme_specifique;124_39;BON DE COMMANDE;https://aciege.org/Dct/Fra/Fra_124_39.html
124;124_38;DOCUMENT DE VENTE;terme_specifique;124_29;BON DE LIVRAISON;https://aciege.org/Dct/Fra/Fra_124_29.html
124;124_38;DOCUMENT DE VENTE;terme_specifique;124_28;DEVIS;https://aciege.org/Dct/Fra/Fra_124_28.html
124;124_38;DOCUMENT DE VENTE;terme_specifique;124_19;FACTURE;https://aciege.org/Dct/Fra/Fra_124_19.html
124;124_02;ENCHERE;terme_generique;124_53;TECHNIQUE DE VENTE;https://aciege.org/Dct/Fra/Fra_124_53.html
124;124_02;ENCHERE;employe_pour;Ve_3630;Vente aux enchères;https://aciege.org/Dct/Fra/Ve_3630.html
124;124_24;EXPORTATION;terme_generique;124_35;COMMERCE INTERNATIONAL;https://aciege.org/Dct/Fra/Fra_124_35.html
124;124_24;EXPORTATION;employe_pour;In_3057;Incoterm;https://aciege.org/Dct/Fra/In_3057.html
124;124_19;FACTURE;terme_generique;124_38;DOCUMENT DE VENTE;https://aciege.org/Dct/Fra/Fra_124_38.html
124;124_65;FORCE DE VENTE;terme_generique;124_55;VENTE;https://aciege.org/Dct/Fra/Fra_124_55.html
124;124_65;FORCE DE VENTE;terme_specifique;124_75;VENDEUR;https://aciege.org/Dct/Fra/Fra_124_75.html
124;124_07;FOURNISSEUR;terme_generique;124_55;VENTE;https://aciege.org/Dct/Fra/Fra_124_55.html
124;124_33;IMPLANTATION A L'ETRANGER;terme_generique;124_53;TECHNIQUE DE VENTE;https://aciege.org/Dct/Fra/Fra_124_53.html
124;124_25;IMPORTATION;terme_generique;124_35;COMMERCE INTERNATIONAL;https://aciege.org/Dct/Fra/Fra_124_35.html
124;124_20;LIBRE SERVICE;terme_generique;124_53;TECHNIQUE DE VENTE;https://aciege.org/Dct/Fra/Fra_124_53.html
124;124_62;MARKETING DIRECT;terme_generique;124_53;TECHNIQUE DE VENTE;https://aciege.org/Dct/Fra/Fra_124_53.html
124;124_62;MARKETING DIRECT;terme_specifique;124_71;VENTE A DISTANCE;https://aciege.org/Dct/Fra/Fra_124_71.html
124;124_62;MARKETING DIRECT;terme_specifique;124_60;VENTE A DOMICILE;https://aciege.org/Dct/Fra/Fra_124_60.html
124;124_62;MARKETING DIRECT;terme_specifique;124_51;VENTE DIRECTE;https://aciege.org/Dct/Fra/Fra_124_51.html
124;124_62;MARKETING DIRECT;terme_specifique;124_70;VENTE PAR TELEPHONE;https://aciege.org/Dct/Fra/Fra_124_70.html
124;124_62;MARKETING DIRECT;employe_pour;Ma_3174;Marketing interactif;https://aciege.org/Dct/Fra/Ma_3174.html
124;124_62;MARKETING DIRECT;employe_pour;Ma_3177;Marketing one to one;https://aciege.org/Dct/Fra/Ma_3177.html
124;124_62;MARKETING DIRECT;employe_pour;Ma_3179;Marketing relationnel;https://aciege.org/Dct/Fra/Ma_3179.html
124;124_54;NEGOCIATION COMMERCIALE;terme_generique;124_55;VENTE;https://aciege.org/Dct/Fra/Fra_124_55.html
124;124_54;NEGOCIATION COMMERCIALE;terme_specifique;124_53;TECHNIQUE DE VENTE;https://aciege.org/Dct/Fra/Fra_124_53.html
124;124_81;PLACE DE MARCHE ELECTRONIQUE;terme_generique;124_82;COMMERCE ELECTRONIQUE;https://aciege.org/Dct/Fra/Fra_124_82.html
124;124_73;PRESCRIPTEUR;terme_generique;124_53;TECHNIQUE DE VENTE;https://aciege.org/Dct/Fra/Fra_124_53.html
124;124_77;PRIX DE VENTE;terme_generique;124_67;CONDITION DE VENTE;https://aciege.org/Dct/Fra/Fra_124_67.html
124;124_77;PRIX DE VENTE;employe_pour;Pr_3346;Prix du marché;https://aciege.org/Dct/Fra/Pr_3346.html
124;124_77;PRIX DE VENTE;employe_pour;Ta_3541;Tarif;https://aciege.org/Dct/Fra/Ta_3541.html
124;124_94;QUOTA DE VENTE;terme_generique;124_75;VENDEUR;https://aciege.org/Dct/Fra/Fra_124_75.html
124;124_94;QUOTA DE VENTE;employe_pour;Ob_3243;Objectif de vente;https://aciege.org/Dct/Fra/Ob_3243.html
124;124_27;SERVICE APRES-VENTE;terme_generique;124_57;DIRECTION DES VENTES;https://aciege.org/Dct/Fra/Fra_124_57.html
124;124_37;SERVICE CLIENT;terme_generique;124_57;DIRECTION DES VENTES;https://aciege.org/Dct/Fra/Fra_124_57.html
124;124_37;SERVICE CLIENT;employe_pour;Ai_2419;Aide au distributeur;https://aciege.org/Dct/Fra/Ai_2419.html
124;124_37;SERVICE CLIENT;employe_pour;Re_3451;Réclamation;https://aciege.org/Dct/Fra/Re_3451.html
124;124_53;TECHNIQUE DE VENTE;terme_generique;124_54;NEGOCIATION COMMERCIALE;https://aciege.org/Dct/Fra/Fra_124_54.html
124;124_53;TECHNIQUE DE VENTE;terme_specifique;124_82;COMMERCE ELECTRONIQUE;https://aciege.org/Dct/Fra/Fra_124_82.html
124;124_53;TECHNIQUE DE VENTE;terme_specifique;124_34;COMPENSATION;https://aciege.org/Dct/Fra/Fra_124_34.html
124;124_53;TECHNIQUE DE VENTE;terme_specifique;124_02;ENCHERE;https://aciege.org/Dct/Fra/Fra_124_02.html
124;124_53;TECHNIQUE DE VENTE;terme_specifique;124_33;IMPLANTATION A L'ETRANGER;https://aciege.org/Dct/Fra/Fra_124_33.html
124;124_53;TECHNIQUE DE VENTE;terme_specifique;124_20;LIBRE SERVICE;https://aciege.org/Dct/Fra/Fra_124_20.html
124;124_53;TECHNIQUE DE VENTE;terme_specifique;124_62;MARKETING DIRECT;https://aciege.org/Dct/Fra/Fra_124_62.html
124;124_53;TECHNIQUE DE VENTE;terme_specifique;124_73;PRESCRIPTEUR;https://aciege.org/Dct/Fra/Fra_124_73.html
124;124_53;TECHNIQUE DE VENTE;terme_specifique;124_31;VENTE AUTOMATIQUE;https://aciege.org/Dct/Fra/Fra_124_31.html
124;124_53;TECHNIQUE DE VENTE;terme_specifique;124_40;VENTE GROUPEE;https://aciege.org/Dct/Fra/Fra_124_40.html
124;124_53;TECHNIQUE DE VENTE;terme_specifique;124_11;VENTE PROMOTIONNELLE;https://aciege.org/Dct/Fra/Fra_124_11.html
124;124_53;TECHNIQUE DE VENTE;employe_pour;Pr_3363;Prospection commerciale;https://aciege.org/Dct/Fra/Pr_3363.html
124;124_53;TECHNIQUE DE VENTE;employe_pour;Ve_3632;Vente d'occasion;https://aciege.org/Dct/Fra/Ve_3632.html
124;124_53;TECHNIQUE DE VENTE;employe_pour;Ve_3638;Vente sur entrepôt;https://aciege.org/Dct/Fra/Ve_3638.html
124;124_93;TERRITOIRE DE VENTE;terme_generique;124_75;VENDEUR;https://aciege.org/Dct/Fra/Fra_124_75.html
124;124_75;VENDEUR;terme_generique;124_65;FORCE DE VENTE;https://aciege.org/Dct/Fra/Fra_124_65.html
124;124_75;VENDEUR;terme_specifique;124_85;AGENT COMMERCIAL;https://aciege.org/Dct/Fra/Fra_124_85.html
124;124_75;VENDEUR;terme_specifique;124_76;COURTIER;https://aciege.org/Dct/Fra/Fra_124_76.html
124;124_75;VENDEUR;terme_specifique;124_94;QUOTA DE VENTE;https://aciege.org/Dct/Fra/Fra_124_94.html
124;124_75;VENDEUR;terme_specifique;124_93;TERRITOIRE DE VENTE;https://aciege.org/Dct/Fra/Fra_124_93.html
124;124_55;VENTE;terme_specifique;124_16;CLIENT;https://aciege.org/Dct/Fra/Fra_124_16.html
124;124_55;VENTE;terme_specifique;124_35;COMMERCE INTERNATIONAL;https://aciege.org/Dct/Fra/Fra_124_35.html
124;124_55;VENTE;terme_specifique;124_67;CONDITION DE VENTE;https://aciege.org/Dct/Fra/Fra_124_67.html
124;124_55;VENTE;terme_specifique;124_57;DIRECTION DES VENTES;https://aciege.org/Dct/Fra/Fra_124_57.html
124;124_55;VENTE;terme_specifique;124_65;FORCE DE VENTE;https://aciege.org/Dct/Fra/Fra_124_65.html
124;124_55;VENTE;terme_specifique;124_07;FOURNISSEUR;https://aciege.org/Dct/Fra/Fra_124_07.html
124;124_55;VENTE;terme_specifique;124_54;NEGOCIATION COMMERCIALE;https://aciege.org/Dct/Fra/Fra_124_54.html
124;124_55;VENTE;terme_specifique;124_46;VENTE ILLICITE;https://aciege.org/Dct/Fra/Fra_124_46.html
124;124_55;VENTE;employe_pour;Ve_3635;Vente locale;https://aciege.org/Dct/Fra/Ve_3635.html
124;124_79;VENTE A CREDIT;terme_generique;124_67;CONDITION DE VENTE;https://aciege.org/Dct/Fra/Fra_124_67.html
124;124_79;VENTE A CREDIT;employe_pour;Cr_2717;Crédit scoring;https://aciege.org/Dct/Fra/Cr_2717.html
124;124_79;VENTE A CREDIT;employe_pour;Ve_3641;Vente à tempérament;https://aciege.org/Dct/Fra/Ve_3641.html
124;124_71;VENTE A DISTANCE;terme_generique;124_62;MARKETING DIRECT;https://aciege.org/Dct/Fra/Fra_124_62.html
124;124_71;VENTE A DISTANCE;employe_pour;Te_3598;Téléachat;https://aciege.org/Dct/Fra/Te_3598.html
124;124_71;VENTE A DISTANCE;employe_pour;VP_3619;VPC;https://aciege.org/Dct/Fra/VP_3619.html
124;124_71;VENTE A DISTANCE;employe_pour;Ve_3636;Vente par correspondance;https://aciege.org/Dct/Fra/Ve_3636.html
124;124_60;VENTE A DOMICILE;terme_generique;124_62;MARKETING DIRECT;https://aciege.org/Dct/Fra/Fra_124_62.html
124;124_31;VENTE AUTOMATIQUE;terme_generique;124_53;TECHNIQUE DE VENTE;https://aciege.org/Dct/Fra/Fra_124_53.html
124;124_31;VENTE AUTOMATIQUE;employe_pour;Di_2747;Distributeur automatique;https://aciege.org/Dct/Fra/Di_2747.html
124;124_51;VENTE DIRECTE;terme_generique;124_62;MARKETING DIRECT;https://aciege.org/Dct/Fra/Fra_124_62.html
124;124_51;VENTE DIRECTE;employe_pour;Ma_3139;Magasin d'usine;https://aciege.org/Dct/Fra/Ma_3139.html
124;124_40;VENTE GROUPEE;terme_generique;124_53;TECHNIQUE DE VENTE;https://aciege.org/Dct/Fra/Fra_124_53.html
124;124_40;VENTE GROUPEE;employe_pour;Ve_3631;Vente couplée;https://aciege.org/Dct/Fra/Ve_3631.html
124;124_46;VENTE ILLICITE;terme_generique;124_55;VENTE;https://aciege.org/Dct/Fra/Fra_124_55.html
124;124_46;VENTE ILLICITE;employe_pour;Ve_3634;Vente illégale;https://aciege.org/Dct/Fra/Ve_3634.html
124;124_46;VENTE ILLICITE;employe_pour;Ve_3637;Vente parallèle;https://aciege.org/Dct/Fra/Ve_3637.html
124;124_70;VENTE PAR TELEPHONE;terme_generique;124_62;MARKETING DIRECT;https://aciege.org/Dct/Fra/Fra_124_62.html
124;124_11;VENTE PROMOTIONNELLE;terme_generique;124_53;TECHNIQUE DE VENTE;https://aciege.org/Dct/Fra/Fra_124_53.html
124;124_11;VENTE PROMOTIONNELLE;employe_pour;Ve_3633;Vente en solde;https://aciege.org/Dct/Fra/Ve_3633.html
124;124_11;VENTE PROMOTIONNELLE;employe_pour;Ve_3639;Vente à perte;https://aciege.org/Dct/Fra/Ve_3639.html
125;125_29;AFFICHE PUBLICITAIRE;terme_generique;125_39;PUBLICITE EXTERIEURE;https://aciege.org/Dct/Fra/Fra_125_39.html
125;125_83;AGENCE DE PUBLICITE;terme_generique;125_55;PUBLICITE;https://aciege.org/Dct/Fra/Fra_125_55.html
125;125_83;AGENCE DE PUBLICITE;employe_pour;Re_3424;Relations client agence;https://aciege.org/Dct/Fra/Re_3424.html
125;125_83;AGENCE DE PUBLICITE;employe_pour;Re_3460;Rémunération de l'agence de publicité;https://aciege.org/Dct/Fra/Re_3460.html
125;125_93;ANNONCE;terme_generique;125_92;MESSAGE PUBLICITAIRE;https://aciege.org/Dct/Fra/Fra_125_92.html
125;125_93;ANNONCE;employe_pour;An_2453;Annonceur;https://aciege.org/Dct/Fra/An_2453.html
125;125_45;BUDGET PUBLICITAIRE;terme_generique;125_55;PUBLICITE;https://aciege.org/Dct/Fra/Fra_125_55.html
125;125_45;BUDGET PUBLICITAIRE;terme_specifique;125_46;PLAN MEDIA;https://aciege.org/Dct/Fra/Fra_125_46.html
125;125_45;BUDGET PUBLICITAIRE;employe_pour;De_2781;Dépense publicitaire;https://aciege.org/Dct/Fra/De_2781.html
125;125_70;CAMPAGNE PUBLICITAIRE;terme_generique;125_52;TECHNIQUE PUBLICITAIRE;https://aciege.org/Dct/Fra/Fra_125_52.html
125;125_70;CAMPAGNE PUBLICITAIRE;employe_pour;Ca_2565;Campagne pilote;https://aciege.org/Dct/Fra/Ca_2565.html
125;125_72;CREATION PUBLICITAIRE;terme_generique;125_52;TECHNIQUE PUBLICITAIRE;https://aciege.org/Dct/Fra/Fra_125_52.html
125;125_72;CREATION PUBLICITAIRE;terme_specifique;125_92;MESSAGE PUBLICITAIRE;https://aciege.org/Dct/Fra/Fra_125_92.html
125;125_72;CREATION PUBLICITAIRE;employe_pour;Co_2672;Conception publicitaire;https://aciege.org/Dct/Fra/Co_2672.html
125;125_72;CREATION PUBLICITAIRE;employe_pour;De_2732;Dessin publicitaire;https://aciege.org/Dct/Fra/De_2732.html
125;125_72;CREATION PUBLICITAIRE;employe_pour;Fa_2878;Fabrication publicitaire;https://aciege.org/Dct/Fra/Fa_2878.html
125;125_95;EFFICACITE PUBLICITAIRE;terme_generique;125_85;IMPACT PUBLICITAIRE;https://aciege.org/Dct/Fra/Fra_125_85.html
125;125_68;EMBALLAGE;terme_generique;125_57;SUPPORT PUBLICITAIRE;https://aciege.org/Dct/Fra/Fra_125_57.html
125;125_68;EMBALLAGE;employe_pour;Co_2682;Consignation;https://aciege.org/Dct/Fra/Co_2682.html
125;125_85;IMPACT PUBLICITAIRE;terme_generique;125_65;RECHERCHE PUBLICITAIRE;https://aciege.org/Dct/Fra/Fra_125_65.html
125;125_85;IMPACT PUBLICITAIRE;terme_specifique;125_95;EFFICACITE PUBLICITAIRE;https://aciege.org/Dct/Fra/Fra_125_95.html
125;125_85;IMPACT PUBLICITAIRE;terme_specifique;125_96;MESURE D'AUDIENCE;https://aciege.org/Dct/Fra/Fra_125_96.html
125;125_92;MESSAGE PUBLICITAIRE;terme_generique;125_72;CREATION PUBLICITAIRE;https://aciege.org/Dct/Fra/Fra_125_72.html
125;125_92;MESSAGE PUBLICITAIRE;terme_specifique;125_93;ANNONCE;https://aciege.org/Dct/Fra/Fra_125_93.html
125;125_92;MESSAGE PUBLICITAIRE;terme_specifique;125_91;PUBLICITE MENSONGERE;https://aciege.org/Dct/Fra/Fra_125_91.html
125;125_92;MESSAGE PUBLICITAIRE;employe_pour;Co_2696;Copie publicitaire;https://aciege.org/Dct/Fra/Co_2696.html
125;125_92;MESSAGE PUBLICITAIRE;employe_pour;Co_2700;Couleur en publicité;https://aciege.org/Dct/Fra/Co_2700.html
125;125_92;MESSAGE PUBLICITAIRE;employe_pour;Gr_2948;Graphique publicitaire;https://aciege.org/Dct/Fra/Gr_2948.html
125;125_92;MESSAGE PUBLICITAIRE;employe_pour;Re_3452;Rédaction publicitaire;https://aciege.org/Dct/Fra/Re_3452.html
125;125_92;MESSAGE PUBLICITAIRE;employe_pour;Th_3558;Thème publicitaire;https://aciege.org/Dct/Fra/Th_3558.html
125;125_96;MESURE D'AUDIENCE;terme_generique;125_85;IMPACT PUBLICITAIRE;https://aciege.org/Dct/Fra/Fra_125_85.html
125;125_51;PLACEMENT DE PRODUIT;terme_generique;125_52;TECHNIQUE PUBLICITAIRE;https://aciege.org/Dct/Fra/Fra_125_52.html
125;125_46;PLAN MEDIA;terme_generique;125_45;BUDGET PUBLICITAIRE;https://aciege.org/Dct/Fra/Fra_125_45.html
125;125_46;PLAN MEDIA;employe_pour;Me_3185;Media planning;https://aciege.org/Dct/Fra/Me_3185.html
125;125_34;PROMOTION DES VENTES;terme_generique;125_55;PUBLICITE;https://aciege.org/Dct/Fra/Fra_125_55.html
125;125_34;PROMOTION DES VENTES;terme_specifique;125_04;SALON;https://aciege.org/Dct/Fra/Fra_125_04.html
125;125_34;PROMOTION DES VENTES;employe_pour;Ca_2557;Cadeau publicitaire;https://aciege.org/Dct/Fra/Ca_2557.html
125;125_34;PROMOTION DES VENTES;employe_pour;Co_2674;Concours publicitaire;https://aciege.org/Dct/Fra/Co_2674.html
125;125_34;PROMOTION DES VENTES;employe_pour;De_2778;Démonstration;https://aciege.org/Dct/Fra/De_2778.html
125;125_34;PROMOTION DES VENTES;employe_pour;Je_3096;Jeu publicitaire;https://aciege.org/Dct/Fra/Je_3096.html
125;125_55;PUBLICITE;terme_specifique;125_83;AGENCE DE PUBLICITE;https://aciege.org/Dct/Fra/Fra_125_83.html
125;125_55;PUBLICITE;terme_specifique;125_45;BUDGET PUBLICITAIRE;https://aciege.org/Dct/Fra/Fra_125_45.html
125;125_55;PUBLICITE;terme_specifique;125_34;PROMOTION DES VENTES;https://aciege.org/Dct/Fra/Fra_125_34.html
125;125_55;PUBLICITE;terme_specifique;125_37;PUBLICITE GRAND PUBLIC;https://aciege.org/Dct/Fra/Fra_125_37.html
125;125_55;PUBLICITE;terme_specifique;125_26;PUBLICITE INDUSTRIELLE;https://aciege.org/Dct/Fra/Fra_125_26.html
125;125_55;PUBLICITE;terme_specifique;125_65;RECHERCHE PUBLICITAIRE;https://aciege.org/Dct/Fra/Fra_125_65.html
125;125_55;PUBLICITE;terme_specifique;125_67;REGIE PUBLICITAIRE;https://aciege.org/Dct/Fra/Fra_125_67.html
125;125_55;PUBLICITE;terme_specifique;125_94;RELATIONS PUBLIQUES;https://aciege.org/Dct/Fra/Fra_125_94.html
125;125_55;PUBLICITE;terme_specifique;125_57;SUPPORT PUBLICITAIRE;https://aciege.org/Dct/Fra/Fra_125_57.html
125;125_55;PUBLICITE;terme_specifique;125_52;TECHNIQUE PUBLICITAIRE;https://aciege.org/Dct/Fra/Fra_125_52.html
125;125_55;PUBLICITE;employe_pour;Pu_3382;Publicité internationale;https://aciege.org/Dct/Fra/Pu_3382.html
125;125_55;PUBLICITE;employe_pour;Pu_3384;Publicité nationale;https://aciege.org/Dct/Fra/Pu_3384.html
125;125_55;PUBLICITE;employe_pour;Pu_3385;Publicité régionale;https://aciege.org/Dct/Fra/Pu_3385.html
125;125_59;PUBLICITE AUDIOVISUELLE;terme_generique;125_57;SUPPORT PUBLICITAIRE;https://aciege.org/Dct/Fra/Fra_125_57.html
125;125_42;PUBLICITE COMPARATIVE;terme_generique;125_52;TECHNIQUE PUBLICITAIRE;https://aciege.org/Dct/Fra/Fra_125_52.html
125;125_20;PUBLICITE COOPERATIVE;terme_generique;125_52;TECHNIQUE PUBLICITAIRE;https://aciege.org/Dct/Fra/Fra_125_52.html
125;125_20;PUBLICITE COOPERATIVE;employe_pour;Pu_3380;Publicité collective;https://aciege.org/Dct/Fra/Pu_3380.html
125;125_40;PUBLICITE DIRECTE;terme_generique;125_52;TECHNIQUE PUBLICITAIRE;https://aciege.org/Dct/Fra/Fra_125_52.html
125;125_40;PUBLICITE DIRECTE;employe_pour;Ma_3143;Mailing;https://aciege.org/Dct/Fra/Ma_3143.html
125;125_40;PUBLICITE DIRECTE;employe_pour;Pu_3387;Publipostage;https://aciege.org/Dct/Fra/Pu_3387.html
125;125_39;PUBLICITE EXTERIEURE;terme_generique;125_57;SUPPORT PUBLICITAIRE;https://aciege.org/Dct/Fra/Fra_125_57.html
125;125_39;PUBLICITE EXTERIEURE;terme_specifique;125_29;AFFICHE PUBLICITAIRE;https://aciege.org/Dct/Fra/Fra_125_29.html
125;125_39;PUBLICITE EXTERIEURE;employe_pour;Pu_3383;Publicité lumineuse;https://aciege.org/Dct/Fra/Pu_3383.html
125;125_39;PUBLICITE EXTERIEURE;employe_pour;Pu_3386;Publicité sur véhicule;https://aciege.org/Dct/Fra/Pu_3386.html
125;125_37;PUBLICITE GRAND PUBLIC;terme_generique;125_55;PUBLICITE;https://aciege.org/Dct/Fra/Fra_125_55.html
125;125_26;PUBLICITE INDUSTRIELLE;terme_generique;125_55;PUBLICITE;https://aciege.org/Dct/Fra/Fra_125_55.html
125;125_91;PUBLICITE MENSONGERE;terme_generique;125_92;MESSAGE PUBLICITAIRE;https://aciege.org/Dct/Fra/Fra_125_92.html
125;125_91;PUBLICITE MENSONGERE;employe_pour;Ec_2805;Ecoblanchiment;https://aciege.org/Dct/Fra/Ec_2805.html
125;125_65;RECHERCHE PUBLICITAIRE;terme_generique;125_55;PUBLICITE;https://aciege.org/Dct/Fra/Fra_125_55.html
125;125_65;RECHERCHE PUBLICITAIRE;terme_specifique;125_85;IMPACT PUBLICITAIRE;https://aciege.org/Dct/Fra/Fra_125_85.html
125;125_67;REGIE PUBLICITAIRE;terme_generique;125_55;PUBLICITE;https://aciege.org/Dct/Fra/Fra_125_55.html
125;125_94;RELATIONS PUBLIQUES;terme_generique;125_55;PUBLICITE;https://aciege.org/Dct/Fra/Fra_125_55.html
125;125_04;SALON;terme_generique;125_34;PROMOTION DES VENTES;https://aciege.org/Dct/Fra/Fra_125_34.html
125;125_04;SALON;employe_pour;Ex_2868;Exposition;https://aciege.org/Dct/Fra/Ex_2868.html
125;125_04;SALON;employe_pour;Fo_2891;Foire;https://aciege.org/Dct/Fra/Fo_2891.html
125;125_63;SPONSORING;terme_generique;125_52;TECHNIQUE PUBLICITAIRE;https://aciege.org/Dct/Fra/Fra_125_52.html
125;125_63;SPONSORING;employe_pour;Pa_3293;Parrainage;https://aciege.org/Dct/Fra/Pa_3293.html
125;125_57;SUPPORT PUBLICITAIRE;terme_generique;125_55;PUBLICITE;https://aciege.org/Dct/Fra/Fra_125_55.html
125;125_57;SUPPORT PUBLICITAIRE;terme_specifique;125_68;EMBALLAGE;https://aciege.org/Dct/Fra/Fra_125_68.html
125;125_57;SUPPORT PUBLICITAIRE;terme_specifique;125_59;PUBLICITE AUDIOVISUELLE;https://aciege.org/Dct/Fra/Fra_125_59.html
125;125_57;SUPPORT PUBLICITAIRE;terme_specifique;125_39;PUBLICITE EXTERIEURE;https://aciege.org/Dct/Fra/Fra_125_39.html
125;125_52;TECHNIQUE PUBLICITAIRE;terme_generique;125_55;PUBLICITE;https://aciege.org/Dct/Fra/Fra_125_55.html
125;125_52;TECHNIQUE PUBLICITAIRE;terme_specifique;125_70;CAMPAGNE PUBLICITAIRE;https://aciege.org/Dct/Fra/Fra_125_70.html
125;125_52;TECHNIQUE PUBLICITAIRE;terme_specifique;125_72;CREATION PUBLICITAIRE;https://aciege.org/Dct/Fra/Fra_125_72.html
125;125_52;TECHNIQUE PUBLICITAIRE;terme_specifique;125_51;PLACEMENT DE PRODUIT;https://aciege.org/Dct/Fra/Fra_125_51.html
125;125_52;TECHNIQUE PUBLICITAIRE;terme_specifique;125_42;PUBLICITE COMPARATIVE;https://aciege.org/Dct/Fra/Fra_125_42.html
125;125_52;TECHNIQUE PUBLICITAIRE;terme_specifique;125_20;PUBLICITE COOPERATIVE;https://aciege.org/Dct/Fra/Fra_125_20.html
125;125_52;TECHNIQUE PUBLICITAIRE;terme_specifique;125_40;PUBLICITE DIRECTE;https://aciege.org/Dct/Fra/Fra_125_40.html
125;125_52;TECHNIQUE PUBLICITAIRE;terme_specifique;125_63;SPONSORING;https://aciege.org/Dct/Fra/Fra_125_63.html
131;131_76;AUTOFINANCEMENT;terme_generique;131_65;FINANCEMENT;https://aciege.org/Dct/Fra/Fra_131_65.html
131;131_76;AUTOFINANCEMENT;terme_specifique;131_87;CAPITAL;https://aciege.org/Dct/Fra/Fra_131_87.html
131;131_30;BON DE CAISSE;terme_generique;131_42;CREDIT A COURT TERME;https://aciege.org/Dct/Fra/Fra_131_42.html
131;131_87;CAPITAL;terme_generique;131_76;AUTOFINANCEMENT;https://aciege.org/Dct/Fra/Fra_131_76.html
131;131_83;CAPITAL INVESTISSEMENT;terme_generique;131_73;FINANCEMENT A LONG TERME;https://aciege.org/Dct/Fra/Fra_131_73.html
131;131_83;CAPITAL INVESTISSEMENT;terme_specifique;131_93;CAPITAL RISQUE;https://aciege.org/Dct/Fra/Fra_131_93.html
131;131_93;CAPITAL RISQUE;terme_generique;131_83;CAPITAL INVESTISSEMENT;https://aciege.org/Dct/Fra/Fra_131_83.html
131;131_42;CREDIT A COURT TERME;terme_generique;131_43;FINANCEMENT A COURT TERME;https://aciege.org/Dct/Fra/Fra_131_43.html
131;131_42;CREDIT A COURT TERME;terme_specifique;131_30;BON DE CAISSE;https://aciege.org/Dct/Fra/Fra_131_30.html
131;131_42;CREDIT A COURT TERME;terme_specifique;131_50;CREDIT BANCAIRE;https://aciege.org/Dct/Fra/Fra_131_50.html
131;131_42;CREDIT A COURT TERME;terme_specifique;131_10;CREDIT DOCUMENTAIRE;https://aciege.org/Dct/Fra/Fra_131_10.html
131;131_42;CREDIT A COURT TERME;terme_specifique;131_20;CREDIT FOURNISSEUR;https://aciege.org/Dct/Fra/Fra_131_20.html
131;131_42;CREDIT A COURT TERME;terme_specifique;131_40;EFFET DE COMMERCE;https://aciege.org/Dct/Fra/Fra_131_40.html
131;131_42;CREDIT A COURT TERME;terme_specifique;131_60;MICROFINANCE;https://aciege.org/Dct/Fra/Fra_131_60.html
131;131_42;CREDIT A COURT TERME;employe_pour;Cr_2716;Crédit inter entreprises;https://aciege.org/Dct/Fra/Cr_2716.html
131;131_82;CREDIT A LONG TERME;terme_generique;131_73;FINANCEMENT A LONG TERME;https://aciege.org/Dct/Fra/Fra_131_73.html
131;131_82;CREDIT A LONG TERME;terme_specifique;131_91;EMPRUNT;https://aciege.org/Dct/Fra/Fra_131_91.html
131;131_62;CREDIT A MOYEN TERME;terme_generique;131_53;FINANCEMENT A MOYEN TERME;https://aciege.org/Dct/Fra/Fra_131_53.html
131;131_71;CREDIT BAIL;terme_generique;131_64;FINANCEMENT EXTERNE;https://aciege.org/Dct/Fra/Fra_131_64.html
131;131_50;CREDIT BANCAIRE;terme_generique;131_42;CREDIT A COURT TERME;https://aciege.org/Dct/Fra/Fra_131_42.html
131;131_10;CREDIT DOCUMENTAIRE;terme_generique;131_42;CREDIT A COURT TERME;https://aciege.org/Dct/Fra/Fra_131_42.html
131;131_20;CREDIT FOURNISSEUR;terme_generique;131_42;CREDIT A COURT TERME;https://aciege.org/Dct/Fra/Fra_131_42.html
131;131_78;CRITERE D'INVESTISSEMENT;terme_generique;131_67;INVESTISSEMENT;https://aciege.org/Dct/Fra/Fra_131_67.html
131;131_78;CRITERE D'INVESTISSEMENT;terme_specifique;131_89;ROI;https://aciege.org/Dct/Fra/Fra_131_89.html
131;131_78;CRITERE D'INVESTISSEMENT;terme_specifique;131_88;VALEUR ACTUALISEE;https://aciege.org/Dct/Fra/Fra_131_88.html
131;131_78;CRITERE D'INVESTISSEMENT;employe_pour;Ca_2571;Capital budgeting;https://aciege.org/Dct/Fra/Ca_2571.html
131;131_78;CRITERE D'INVESTISSEMENT;employe_pour;Me_3215;Méthode MAPI;https://aciege.org/Dct/Fra/Me_3215.html
131;131_58;DIVIDENDE;terme_generique;131_55;FINANCE D'ENTREPRISE;https://aciege.org/Dct/Fra/Fra_131_55.html
131;131_40;EFFET DE COMMERCE;terme_generique;131_42;CREDIT A COURT TERME;https://aciege.org/Dct/Fra/Fra_131_42.html
131;131_40;EFFET DE COMMERCE;employe_pour;Ef_2817;Effet à recevoir;https://aciege.org/Dct/Fra/Ef_2817.html
131;131_40;EFFET DE COMMERCE;employe_pour;Im_3051;Impayé;https://aciege.org/Dct/Fra/Im_3051.html
131;131_40;EFFET DE COMMERCE;employe_pour;Tr_3574;Traite;https://aciege.org/Dct/Fra/Tr_3574.html
131;131_91;EMPRUNT;terme_generique;131_82;CREDIT A LONG TERME;https://aciege.org/Dct/Fra/Fra_131_82.html
131;131_91;EMPRUNT;terme_specifique;131_90;HYPOTHEQUE;https://aciege.org/Dct/Fra/Fra_131_90.html
131;131_91;EMPRUNT;terme_specifique;131_80;WARRANT;https://aciege.org/Dct/Fra/Fra_131_80.html
131;131_55;FINANCE D'ENTREPRISE;terme_specifique;131_58;DIVIDENDE;https://aciege.org/Dct/Fra/Fra_131_58.html
131;131_55;FINANCE D'ENTREPRISE;terme_specifique;131_38;FINANCE ISLAMIQUE;https://aciege.org/Dct/Fra/Fra_131_38.html
131;131_55;FINANCE D'ENTREPRISE;terme_specifique;131_65;FINANCEMENT;https://aciege.org/Dct/Fra/Fra_131_65.html
131;131_55;FINANCE D'ENTREPRISE;terme_specifique;131_37;GESTION FINANCIERE INTERNATIONALE;https://aciege.org/Dct/Fra/Fra_131_37.html
131;131_55;FINANCE D'ENTREPRISE;terme_specifique;131_77;INGENIERIE FINANCIERE;https://aciege.org/Dct/Fra/Fra_131_77.html
131;131_55;FINANCE D'ENTREPRISE;terme_specifique;131_67;INVESTISSEMENT;https://aciege.org/Dct/Fra/Fra_131_67.html
131;131_55;FINANCE D'ENTREPRISE;terme_specifique;131_36;PLACEMENT;https://aciege.org/Dct/Fra/Fra_131_36.html
131;131_55;FINANCE D'ENTREPRISE;terme_specifique;131_48;PROFIT;https://aciege.org/Dct/Fra/Fra_131_48.html
131;131_55;FINANCE D'ENTREPRISE;terme_specifique;131_39;RENTABILITE;https://aciege.org/Dct/Fra/Fra_131_39.html
131;131_55;FINANCE D'ENTREPRISE;terme_specifique;131_56;RISQUE FINANCIER;https://aciege.org/Dct/Fra/Fra_131_56.html
131;131_55;FINANCE D'ENTREPRISE;terme_specifique;131_45;THEORIE FINANCIERE;https://aciege.org/Dct/Fra/Fra_131_45.html
131;131_55;FINANCE D'ENTREPRISE;terme_specifique;131_24;TRESORERIE;https://aciege.org/Dct/Fra/Fra_131_24.html
131;131_55;FINANCE D'ENTREPRISE;terme_specifique;131_49;VALEUR AJOUTEE;https://aciege.org/Dct/Fra/Fra_131_49.html
131;131_55;FINANCE D'ENTREPRISE;employe_pour;Di_2737;Direction financière;https://aciege.org/Dct/Fra/Di_2737.html
131;131_55;FINANCE D'ENTREPRISE;employe_pour;Ge_2935;Gestion financière;https://aciege.org/Dct/Fra/Ge_2935.html
131;131_38;FINANCE ISLAMIQUE;terme_generique;131_55;FINANCE D'ENTREPRISE;https://aciege.org/Dct/Fra/Fra_131_55.html
131;131_86;FINANCE VERTE;terme_generique;131_65;FINANCEMENT;https://aciege.org/Dct/Fra/Fra_131_65.html
131;131_65;FINANCEMENT;terme_generique;131_55;FINANCE D'ENTREPRISE;https://aciege.org/Dct/Fra/Fra_131_55.html
131;131_65;FINANCEMENT;terme_specifique;131_76;AUTOFINANCEMENT;https://aciege.org/Dct/Fra/Fra_131_76.html
131;131_65;FINANCEMENT;terme_specifique;131_64;FINANCEMENT EXTERNE;https://aciege.org/Dct/Fra/Fra_131_64.html
131;131_65;FINANCEMENT;terme_specifique;131_85;FINANCEMENT PARTICIPATIF;https://aciege.org/Dct/Fra/Fra_131_85.html
131;131_65;FINANCEMENT;terme_specifique;131_86;FINANCE VERTE;https://aciege.org/Dct/Fra/Fra_131_86.html
131;131_65;FINANCEMENT;terme_specifique;131_75;PLAN DE FINANCEMENT;https://aciege.org/Dct/Fra/Fra_131_75.html
131;131_65;FINANCEMENT;employe_pour;Cr_2713;Crédit;https://aciege.org/Dct/Fra/Cr_2713.html
131;131_65;FINANCEMENT;employe_pour;Cr_2714;Crédit d'acceptation;https://aciege.org/Dct/Fra/Cr_2714.html
131;131_65;FINANCEMENT;employe_pour;So_3510;Source de financement;https://aciege.org/Dct/Fra/So_3510.html
131;131_43;FINANCEMENT A COURT TERME;terme_generique;131_64;FINANCEMENT EXTERNE;https://aciege.org/Dct/Fra/Fra_131_64.html
131;131_43;FINANCEMENT A COURT TERME;terme_specifique;131_42;CREDIT A COURT TERME;https://aciege.org/Dct/Fra/Fra_131_42.html
131;131_43;FINANCEMENT A COURT TERME;terme_specifique;131_23;LIQUIDITE;https://aciege.org/Dct/Fra/Fra_131_23.html
131;131_73;FINANCEMENT A LONG TERME;terme_generique;131_64;FINANCEMENT EXTERNE;https://aciege.org/Dct/Fra/Fra_131_64.html
131;131_73;FINANCEMENT A LONG TERME;terme_specifique;131_83;CAPITAL INVESTISSEMENT;https://aciege.org/Dct/Fra/Fra_131_83.html
131;131_73;FINANCEMENT A LONG TERME;terme_specifique;131_82;CREDIT A LONG TERME;https://aciege.org/Dct/Fra/Fra_131_82.html
131;131_73;FINANCEMENT A LONG TERME;terme_specifique;131_72;SYSTEME BANCAIRE PARALLELE;https://aciege.org/Dct/Fra/Fra_131_72.html
131;131_53;FINANCEMENT A MOYEN TERME;terme_generique;131_64;FINANCEMENT EXTERNE;https://aciege.org/Dct/Fra/Fra_131_64.html
131;131_53;FINANCEMENT A MOYEN TERME;terme_specifique;131_62;CREDIT A MOYEN TERME;https://aciege.org/Dct/Fra/Fra_131_62.html
131;131_64;FINANCEMENT EXTERNE;terme_generique;131_65;FINANCEMENT;https://aciege.org/Dct/Fra/Fra_131_65.html
131;131_64;FINANCEMENT EXTERNE;terme_specifique;131_71;CREDIT BAIL;https://aciege.org/Dct/Fra/Fra_131_71.html
131;131_64;FINANCEMENT EXTERNE;terme_specifique;131_43;FINANCEMENT A COURT TERME;https://aciege.org/Dct/Fra/Fra_131_43.html
131;131_64;FINANCEMENT EXTERNE;terme_specifique;131_73;FINANCEMENT A LONG TERME;https://aciege.org/Dct/Fra/Fra_131_73.html
131;131_64;FINANCEMENT EXTERNE;terme_specifique;131_53;FINANCEMENT A MOYEN TERME;https://aciege.org/Dct/Fra/Fra_131_53.html
131;131_85;FINANCEMENT PARTICIPATIF;terme_generique;131_65;FINANCEMENT;https://aciege.org/Dct/Fra/Fra_131_65.html
131;131_14;GESTION DE TRESORERIE;terme_generique;131_24;TRESORERIE;https://aciege.org/Dct/Fra/Fra_131_24.html
131;131_14;GESTION DE TRESORERIE;employe_pour;Pr_3370;Prévision de trésorerie;https://aciege.org/Dct/Fra/Pr_3370.html
131;131_14;GESTION DE TRESORERIE;employe_pour;Re_3415;Recouvrement;https://aciege.org/Dct/Fra/Re_3415.html
131;131_37;GESTION FINANCIERE INTERNATIONALE;terme_generique;131_55;FINANCE D'ENTREPRISE;https://aciege.org/Dct/Fra/Fra_131_55.html
131;131_90;HYPOTHEQUE;terme_generique;131_91;EMPRUNT;https://aciege.org/Dct/Fra/Fra_131_91.html
131;131_90;HYPOTHEQUE;employe_pour;Cr_2715;Crédit hypothécaire;https://aciege.org/Dct/Fra/Cr_2715.html
131;131_77;INGENIERIE FINANCIERE;terme_generique;131_55;FINANCE D'ENTREPRISE;https://aciege.org/Dct/Fra/Fra_131_55.html
131;131_67;INVESTISSEMENT;terme_generique;131_55;FINANCE D'ENTREPRISE;https://aciege.org/Dct/Fra/Fra_131_55.html
131;131_67;INVESTISSEMENT;terme_specifique;131_78;CRITERE D'INVESTISSEMENT;https://aciege.org/Dct/Fra/Fra_131_78.html
131;131_67;INVESTISSEMENT;terme_specifique;131_79;INVESTISSEMENT IMMATERIEL;https://aciege.org/Dct/Fra/Fra_131_79.html
131;131_67;INVESTISSEMENT;terme_specifique;131_68;INVESTISSEMENT SOCIALEMENT RESPONSABLE;https://aciege.org/Dct/Fra/Fra_131_68.html
131;131_79;INVESTISSEMENT IMMATERIEL;terme_generique;131_67;INVESTISSEMENT;https://aciege.org/Dct/Fra/Fra_131_67.html
131;131_68;INVESTISSEMENT SOCIALEMENT RESPONSABLE;terme_generique;131_67;INVESTISSEMENT;https://aciege.org/Dct/Fra/Fra_131_67.html
131;131_68;INVESTISSEMENT SOCIALEMENT RESPONSABLE;employe_pour;IS_2974;ISR;https://aciege.org/Dct/Fra/IS_2974.html
131;131_07;LIAISONS FINANCIERES;terme_generique;131_36;PLACEMENT;https://aciege.org/Dct/Fra/Fra_131_36.html
131;131_23;LIQUIDITE;terme_generique;131_43;FINANCEMENT A COURT TERME;https://aciege.org/Dct/Fra/Fra_131_43.html
131;131_99;MATHEMATIQUES FINANCIERES;terme_generique;131_88;VALEUR ACTUALISEE;https://aciege.org/Dct/Fra/Fra_131_88.html
131;131_60;MICROFINANCE;terme_generique;131_42;CREDIT A COURT TERME;https://aciege.org/Dct/Fra/Fra_131_42.html
131;131_60;MICROFINANCE;employe_pour;Mi_3189;Microcrédit;https://aciege.org/Dct/Fra/Mi_3189.html
131;131_36;PLACEMENT;terme_generique;131_55;FINANCE D'ENTREPRISE;https://aciege.org/Dct/Fra/Fra_131_55.html
131;131_36;PLACEMENT;terme_specifique;131_07;LIAISONS FINANCIERES;https://aciege.org/Dct/Fra/Fra_131_07.html
131;131_36;PLACEMENT;employe_pour;Co_2697;Core satellite;https://aciege.org/Dct/Fra/Co_2697.html
131;131_75;PLAN DE FINANCEMENT;terme_generique;131_65;FINANCEMENT;https://aciege.org/Dct/Fra/Fra_131_65.html
131;131_75;PLAN DE FINANCEMENT;employe_pour;Ta_3537;Tableau de financement;https://aciege.org/Dct/Fra/Ta_3537.html
131;131_48;PROFIT;terme_generique;131_55;FINANCE D'ENTREPRISE;https://aciege.org/Dct/Fra/Fra_131_55.html
131;131_39;RENTABILITE;terme_generique;131_55;FINANCE D'ENTREPRISE;https://aciege.org/Dct/Fra/Fra_131_55.html
131;131_39;RENTABILITE;employe_pour;Ra_3406;Rate of return;https://aciege.org/Dct/Fra/Ra_3406.html
131;131_47;RISQUE DE CREDIT;terme_generique;131_56;RISQUE FINANCIER;https://aciege.org/Dct/Fra/Fra_131_56.html
131;131_56;RISQUE FINANCIER;terme_generique;131_55;FINANCE D'ENTREPRISE;https://aciege.org/Dct/Fra/Fra_131_55.html
131;131_56;RISQUE FINANCIER;terme_specifique;131_47;RISQUE DE CREDIT;https://aciege.org/Dct/Fra/Fra_131_47.html
131;131_56;RISQUE FINANCIER;employe_pour;Va_3622;Valeur à risque;https://aciege.org/Dct/Fra/Va_3622.html
131;131_89;ROI;terme_generique;131_78;CRITERE D'INVESTISSEMENT;https://aciege.org/Dct/Fra/Fra_131_78.html
131;131_89;ROI;employe_pour;Re_3427;Rentabilité d'un investissement;https://aciege.org/Dct/Fra/Re_3427.html
131;131_89;ROI;employe_pour;Re_3436;Retour sur investissement;https://aciege.org/Dct/Fra/Re_3436.html
131;131_72;SYSTEME BANCAIRE PARALLELE;terme_generique;131_73;FINANCEMENT A LONG TERME;https://aciege.org/Dct/Fra/Fra_131_73.html
131;131_72;SYSTEME BANCAIRE PARALLELE;employe_pour;Ba_2514;Banque de l'ombre;https://aciege.org/Dct/Fra/Ba_2514.html
131;131_45;THEORIE FINANCIERE;terme_generique;131_55;FINANCE D'ENTREPRISE;https://aciege.org/Dct/Fra/Fra_131_55.html
131;131_24;TRESORERIE;terme_generique;131_55;FINANCE D'ENTREPRISE;https://aciege.org/Dct/Fra/Fra_131_55.html
131;131_24;TRESORERIE;terme_specifique;131_14;GESTION DE TRESORERIE;https://aciege.org/Dct/Fra/Fra_131_14.html
131;131_88;VALEUR ACTUALISEE;terme_generique;131_78;CRITERE D'INVESTISSEMENT;https://aciege.org/Dct/Fra/Fra_131_78.html
131;131_88;VALEUR ACTUALISEE;terme_specifique;131_99;MATHEMATIQUES FINANCIERES;https://aciege.org/Dct/Fra/Fra_131_99.html
131;131_88;VALEUR ACTUALISEE;employe_pour;Ac_2393;Actualisation des valeurs;https://aciege.org/Dct/Fra/Ac_2393.html
131;131_49;VALEUR AJOUTEE;terme_generique;131_55;FINANCE D'ENTREPRISE;https://aciege.org/Dct/Fra/Fra_131_55.html
131;131_80;WARRANT;terme_generique;131_91;EMPRUNT;https://aciege.org/Dct/Fra/Fra_131_91.html
132;132_73;ACTIF;terme_generique;132_75;BILAN;https://aciege.org/Dct/Fra/Fra_132_75.html
132;132_73;ACTIF;terme_specifique;132_72;ACTIF CIRCULANT;https://aciege.org/Dct/Fra/Fra_132_72.html
132;132_73;ACTIF;terme_specifique;132_61;ACTIF IMMATERIEL;https://aciege.org/Dct/Fra/Fra_132_61.html
132;132_73;ACTIF;terme_specifique;132_83;IMMOBILISATION;https://aciege.org/Dct/Fra/Fra_132_83.html
132;132_72;ACTIF CIRCULANT;terme_generique;132_73;ACTIF;https://aciege.org/Dct/Fra/Fra_132_73.html
132;132_72;ACTIF CIRCULANT;terme_specifique;132_70;ACTIF NET;https://aciege.org/Dct/Fra/Fra_132_70.html
132;132_72;ACTIF CIRCULANT;terme_specifique;132_81;COMPTE DE STOCK;https://aciege.org/Dct/Fra/Fra_132_81.html
132;132_72;ACTIF CIRCULANT;terme_specifique;132_91;CREANCE;https://aciege.org/Dct/Fra/Fra_132_91.html
132;132_72;ACTIF CIRCULANT;terme_specifique;132_92;DISPONIBILITES;https://aciege.org/Dct/Fra/Fra_132_92.html
132;132_61;ACTIF IMMATERIEL;terme_generique;132_73;ACTIF;https://aciege.org/Dct/Fra/Fra_132_73.html
132;132_70;ACTIF NET;terme_generique;132_72;ACTIF CIRCULANT;https://aciege.org/Dct/Fra/Fra_132_72.html
132;132_93;AMORTISSEMENT;terme_generique;132_83;IMMOBILISATION;https://aciege.org/Dct/Fra/Fra_132_83.html
132;132_43;ANALYSE FINANCIERE;terme_generique;132_55;COMPTABILITE;https://aciege.org/Dct/Fra/Fra_132_55.html
132;132_43;ANALYSE FINANCIERE;terme_specifique;132_11;CAPITALISATION BOURSIERE;https://aciege.org/Dct/Fra/Fra_132_11.html
132;132_43;ANALYSE FINANCIERE;terme_specifique;132_21;DCF;https://aciege.org/Dct/Fra/Fra_132_21.html
132;132_43;ANALYSE FINANCIERE;terme_specifique;132_31;FONDS DE ROULEMENT;https://aciege.org/Dct/Fra/Fra_132_31.html
132;132_43;ANALYSE FINANCIERE;terme_specifique;132_52;RATIO FINANCIER;https://aciege.org/Dct/Fra/Fra_132_52.html
132;132_43;ANALYSE FINANCIERE;terme_specifique;132_33;STRUCTURE FINANCIERE;https://aciege.org/Dct/Fra/Fra_132_33.html
132;132_03;BENEFICE;terme_generique;132_13;RESULTAT DE L'EXERCICE;https://aciege.org/Dct/Fra/Fra_132_13.html
132;132_75;BILAN;terme_generique;132_55;COMPTABILITE;https://aciege.org/Dct/Fra/Fra_132_55.html
132;132_75;BILAN;terme_specifique;132_73;ACTIF;https://aciege.org/Dct/Fra/Fra_132_73.html
132;132_75;BILAN;terme_specifique;132_64;BILAN CONSOLIDE;https://aciege.org/Dct/Fra/Fra_132_64.html
132;132_75;BILAN;terme_specifique;132_66;COMMISSARIAT AUX COMPTES;https://aciege.org/Dct/Fra/Fra_132_66.html
132;132_75;BILAN;terme_specifique;132_85;GESTION ACTIF PASSIF;https://aciege.org/Dct/Fra/Fra_132_85.html
132;132_75;BILAN;terme_specifique;132_87;PASSIF;https://aciege.org/Dct/Fra/Fra_132_87.html
132;132_75;BILAN;terme_specifique;132_95;PROVISION COMPTABLE;https://aciege.org/Dct/Fra/Fra_132_95.html
132;132_75;BILAN;terme_specifique;132_79;REEVALUATION DU BILAN;https://aciege.org/Dct/Fra/Fra_132_79.html
132;132_75;BILAN;employe_pour;Co_2665;Compte financier;https://aciege.org/Dct/Fra/Co_2665.html
132;132_64;BILAN CONSOLIDE;terme_generique;132_75;BILAN;https://aciege.org/Dct/Fra/Fra_132_75.html
132;132_11;CAPITALISATION BOURSIERE;terme_generique;132_43;ANALYSE FINANCIERE;https://aciege.org/Dct/Fra/Fra_132_43.html
132;132_11;CAPITALISATION BOURSIERE;terme_specifique;132_00;EVALUATION D'UNE ENTREPRISE;https://aciege.org/Dct/Fra/Fra_132_00.html
132;132_11;CAPITALISATION BOURSIERE;terme_specifique;132_10;PER;https://aciege.org/Dct/Fra/Fra_132_10.html
132;132_11;CAPITALISATION BOURSIERE;employe_pour;Va_3623;Valorisation boursière;https://aciege.org/Dct/Fra/Va_3623.html
132;132_99;CAPITAUX PROPRES;terme_generique;132_87;PASSIF;https://aciege.org/Dct/Fra/Fra_132_87.html
132;132_99;CAPITAUX PROPRES;employe_pour;Ca_2570;Capital actions;https://aciege.org/Dct/Fra/Ca_2570.html
132;132_15;CASH FLOW;terme_generique;132_25;SOLDES INTERMEDIAIRES DE GESTION;https://aciege.org/Dct/Fra/Fra_132_25.html
132;132_15;CASH FLOW;employe_pour;Tr_3594;Trésorerie disponible;https://aciege.org/Dct/Fra/Tr_3594.html
132;132_34;CHARGE COMPTABLE;terme_generique;132_45;COMPTE DE RESULTAT;https://aciege.org/Dct/Fra/Fra_132_45.html
132;132_27;CHIFFRE D'AFFAIRES;terme_generique;132_36;PRODUIT COMPTABLE;https://aciege.org/Dct/Fra/Fra_132_36.html
132;132_27;CHIFFRE D'AFFAIRES;terme_specifique;132_07;MARGE COMPTABLE;https://aciege.org/Dct/Fra/Fra_132_07.html
132;132_66;COMMISSARIAT AUX COMPTES;terme_generique;132_75;BILAN;https://aciege.org/Dct/Fra/Fra_132_75.html
132;132_55;COMPTABILITE;terme_specifique;132_43;ANALYSE FINANCIERE;https://aciege.org/Dct/Fra/Fra_132_43.html
132;132_55;COMPTABILITE;terme_specifique;132_75;BILAN;https://aciege.org/Dct/Fra/Fra_132_75.html
132;132_55;COMPTABILITE;terme_specifique;132_63;COMPTABILITE ENVIRONNEMENTALE;https://aciege.org/Dct/Fra/Fra_132_63.html
132;132_55;COMPTABILITE;terme_specifique;132_46;COMPTABILITE INTERNATIONALE;https://aciege.org/Dct/Fra/Fra_132_46.html
132;132_55;COMPTABILITE;terme_specifique;132_45;COMPTE DE RESULTAT;https://aciege.org/Dct/Fra/Fra_132_45.html
132;132_55;COMPTABILITE;terme_specifique;132_54;CONSOLIDATION DES COMPTES;https://aciege.org/Dct/Fra/Fra_132_54.html
132;132_55;COMPTABILITE;terme_specifique;132_67;EXERCICE FISCAL;https://aciege.org/Dct/Fra/Fra_132_67.html
132;132_55;COMPTABILITE;terme_specifique;132_69;EXPERTISE COMPTABLE;https://aciege.org/Dct/Fra/Fra_132_69.html
132;132_55;COMPTABILITE;terme_specifique;132_44;INFORMATION FINANCIERE;https://aciege.org/Dct/Fra/Fra_132_44.html
132;132_55;COMPTABILITE;terme_specifique;132_47;NORME COMPTABLE;https://aciege.org/Dct/Fra/Fra_132_47.html
132;132_55;COMPTABILITE;terme_specifique;132_38;OPERATION COMPTABLE;https://aciege.org/Dct/Fra/Fra_132_38.html
132;132_55;COMPTABILITE;terme_specifique;132_57;PLAN COMPTABLE;https://aciege.org/Dct/Fra/Fra_132_57.html
132;132_55;COMPTABILITE;employe_pour;Co_2656;Comptabilité en partie double;https://aciege.org/Dct/Fra/Co_2656.html
132;132_55;COMPTABILITE;employe_pour;Co_2657;Comptabilité générale;https://aciege.org/Dct/Fra/Co_2657.html
132;132_63;COMPTABILITE ENVIRONNEMENTALE;terme_generique;132_55;COMPTABILITE;https://aciege.org/Dct/Fra/Fra_132_55.html
132;132_63;COMPTABILITE ENVIRONNEMENTALE;employe_pour;Co_2660;Comptabilité verte;https://aciege.org/Dct/Fra/Co_2660.html
132;132_46;COMPTABILITE INTERNATIONALE;terme_generique;132_55;COMPTABILITE;https://aciege.org/Dct/Fra/Fra_132_55.html
132;132_45;COMPTE DE RESULTAT;terme_generique;132_55;COMPTABILITE;https://aciege.org/Dct/Fra/Fra_132_55.html
132;132_45;COMPTE DE RESULTAT;terme_specifique;132_34;CHARGE COMPTABLE;https://aciege.org/Dct/Fra/Fra_132_34.html
132;132_45;COMPTE DE RESULTAT;terme_specifique;132_36;PRODUIT COMPTABLE;https://aciege.org/Dct/Fra/Fra_132_36.html
132;132_45;COMPTE DE RESULTAT;terme_specifique;132_25;SOLDES INTERMEDIAIRES DE GESTION;https://aciege.org/Dct/Fra/Fra_132_25.html
132;132_81;COMPTE DE STOCK;terme_generique;132_72;ACTIF CIRCULANT;https://aciege.org/Dct/Fra/Fra_132_72.html
132;132_81;COMPTE DE STOCK;terme_specifique;132_90;INVENTAIRE;https://aciege.org/Dct/Fra/Fra_132_90.html
132;132_54;CONSOLIDATION DES COMPTES;terme_generique;132_55;COMPTABILITE;https://aciege.org/Dct/Fra/Fra_132_55.html
132;132_91;CREANCE;terme_generique;132_72;ACTIF CIRCULANT;https://aciege.org/Dct/Fra/Fra_132_72.html
132;132_91;CREANCE;employe_pour;Co_2675;Condition de paiement;https://aciege.org/Dct/Fra/Co_2675.html
132;132_21;DCF;terme_generique;132_43;ANALYSE FINANCIERE;https://aciege.org/Dct/Fra/Fra_132_43.html
132;132_21;DCF;employe_pour;Di_2739;Discounted cash flow;https://aciege.org/Dct/Fra/Di_2739.html
132;132_04;DEFICIT;terme_generique;132_13;RESULTAT DE L'EXERCICE;https://aciege.org/Dct/Fra/Fra_132_13.html
132;132_88;DETTE;terme_generique;132_87;PASSIF;https://aciege.org/Dct/Fra/Fra_132_87.html
132;132_92;DISPONIBILITES;terme_generique;132_72;ACTIF CIRCULANT;https://aciege.org/Dct/Fra/Fra_132_72.html
132;132_92;DISPONIBILITES;employe_pour;Re_3449;Réalisable et disponible;https://aciege.org/Dct/Fra/Re_3449.html
132;132_49;DOCUMENT COMPTABLE;terme_generique;132_38;OPERATION COMPTABLE;https://aciege.org/Dct/Fra/Fra_132_38.html
132;132_29;ECRITURE COMPTABLE;terme_generique;132_38;OPERATION COMPTABLE;https://aciege.org/Dct/Fra/Fra_132_38.html
132;132_00;EVALUATION D'UNE ENTREPRISE;terme_generique;132_11;CAPITALISATION BOURSIERE;https://aciege.org/Dct/Fra/Fra_132_11.html
132;132_00;EVALUATION D'UNE ENTREPRISE;employe_pour;Co_2650;Comparaison inter-entreprises;https://aciege.org/Dct/Fra/Co_2650.html
132;132_00;EVALUATION D'UNE ENTREPRISE;employe_pour;Ju_3098;Juste valeur;https://aciege.org/Dct/Fra/Ju_3098.html
132;132_00;EVALUATION D'UNE ENTREPRISE;employe_pour;No_3233;Notation de l'entreprise;https://aciege.org/Dct/Fra/No_3233.html
132;132_00;EVALUATION D'UNE ENTREPRISE;employe_pour;Ra_3407;Rating;https://aciege.org/Dct/Fra/Ra_3407.html
132;132_00;EVALUATION D'UNE ENTREPRISE;employe_pour;Va_3621;Valeur d'une entreprise;https://aciege.org/Dct/Fra/Va_3621.html
132;132_67;EXERCICE FISCAL;terme_generique;132_55;COMPTABILITE;https://aciege.org/Dct/Fra/Fra_132_55.html
132;132_69;EXPERTISE COMPTABLE;terme_generique;132_55;COMPTABILITE;https://aciege.org/Dct/Fra/Fra_132_55.html
132;132_69;EXPERTISE COMPTABLE;employe_pour;Ce_2600;Centre de gestion agréé;https://aciege.org/Dct/Fra/Ce_2600.html
132;132_31;FONDS DE ROULEMENT;terme_generique;132_43;ANALYSE FINANCIERE;https://aciege.org/Dct/Fra/Fra_132_43.html
132;132_85;GESTION ACTIF PASSIF;terme_generique;132_75;BILAN;https://aciege.org/Dct/Fra/Fra_132_75.html
132;132_83;IMMOBILISATION;terme_generique;132_73;ACTIF;https://aciege.org/Dct/Fra/Fra_132_73.html
132;132_83;IMMOBILISATION;terme_specifique;132_93;AMORTISSEMENT;https://aciege.org/Dct/Fra/Fra_132_93.html
132;132_83;IMMOBILISATION;employe_pour;Co_2664;Compte de valeurs immobilisées;https://aciege.org/Dct/Fra/Co_2664.html
132;132_39;IMPUTATION;terme_generique;132_38;OPERATION COMPTABLE;https://aciege.org/Dct/Fra/Fra_132_38.html
132;132_44;INFORMATION FINANCIERE;terme_generique;132_55;COMPTABILITE;https://aciege.org/Dct/Fra/Fra_132_55.html
132;132_44;INFORMATION FINANCIERE;employe_pour;Ra_3403;Rapport annuel;https://aciege.org/Dct/Fra/Ra_3403.html
132;132_44;INFORMATION FINANCIERE;employe_pour;Ra_3404;Rapport de gestion;https://aciege.org/Dct/Fra/Ra_3404.html
132;132_44;INFORMATION FINANCIERE;employe_pour;Ra_3405;Rapport financier;https://aciege.org/Dct/Fra/Ra_3405.html
132;132_90;INVENTAIRE;terme_generique;132_81;COMPTE DE STOCK;https://aciege.org/Dct/Fra/Fra_132_81.html
132;132_07;MARGE COMPTABLE;terme_generique;132_27;CHIFFRE D'AFFAIRES;https://aciege.org/Dct/Fra/Fra_132_27.html
132;132_07;MARGE COMPTABLE;employe_pour;Ma_3164;Marge commerciale;https://aciege.org/Dct/Fra/Ma_3164.html
132;132_47;NORME COMPTABLE;terme_generique;132_55;COMPTABILITE;https://aciege.org/Dct/Fra/Fra_132_55.html
132;132_38;OPERATION COMPTABLE;terme_generique;132_55;COMPTABILITE;https://aciege.org/Dct/Fra/Fra_132_55.html
132;132_38;OPERATION COMPTABLE;terme_specifique;132_49;DOCUMENT COMPTABLE;https://aciege.org/Dct/Fra/Fra_132_49.html
132;132_38;OPERATION COMPTABLE;terme_specifique;132_29;ECRITURE COMPTABLE;https://aciege.org/Dct/Fra/Fra_132_29.html
132;132_38;OPERATION COMPTABLE;terme_specifique;132_39;IMPUTATION;https://aciege.org/Dct/Fra/Fra_132_39.html
132;132_38;OPERATION COMPTABLE;terme_specifique;132_18;REGULARISATION COMPTABLE;https://aciege.org/Dct/Fra/Fra_132_18.html
132;132_87;PASSIF;terme_generique;132_75;BILAN;https://aciege.org/Dct/Fra/Fra_132_75.html
132;132_87;PASSIF;terme_specifique;132_99;CAPITAUX PROPRES;https://aciege.org/Dct/Fra/Fra_132_99.html
132;132_87;PASSIF;terme_specifique;132_88;DETTE;https://aciege.org/Dct/Fra/Fra_132_88.html
132;132_87;PASSIF;terme_specifique;132_97;RESERVE COMPTABLE;https://aciege.org/Dct/Fra/Fra_132_97.html
132;132_87;PASSIF;employe_pour;Co_2663;Compte de capitaux permanents;https://aciege.org/Dct/Fra/Co_2663.html
132;132_10;PER;terme_generique;132_11;CAPITALISATION BOURSIERE;https://aciege.org/Dct/Fra/Fra_132_11.html
132;132_10;PER;employe_pour;Pr_3339;Price earning ratio;https://aciege.org/Dct/Fra/Pr_3339.html
132;132_57;PLAN COMPTABLE;terme_generique;132_55;COMPTABILITE;https://aciege.org/Dct/Fra/Fra_132_55.html
132;132_36;PRODUIT COMPTABLE;terme_generique;132_45;COMPTE DE RESULTAT;https://aciege.org/Dct/Fra/Fra_132_45.html
132;132_36;PRODUIT COMPTABLE;terme_specifique;132_27;CHIFFRE D'AFFAIRES;https://aciege.org/Dct/Fra/Fra_132_27.html
132;132_95;PROVISION COMPTABLE;terme_generique;132_75;BILAN;https://aciege.org/Dct/Fra/Fra_132_75.html
132;132_50;RATIO DE LIQUIDITE;terme_generique;132_52;RATIO FINANCIER;https://aciege.org/Dct/Fra/Fra_132_52.html
132;132_50;RATIO DE LIQUIDITE;employe_pour;Ta_3543;Taux de liquidité;https://aciege.org/Dct/Fra/Ta_3543.html
132;132_52;RATIO FINANCIER;terme_generique;132_43;ANALYSE FINANCIERE;https://aciege.org/Dct/Fra/Fra_132_43.html
132;132_52;RATIO FINANCIER;terme_specifique;132_50;RATIO DE LIQUIDITE;https://aciege.org/Dct/Fra/Fra_132_50.html
132;132_52;RATIO FINANCIER;terme_specifique;132_40;TAUX D'ENDETTEMENT;https://aciege.org/Dct/Fra/Fra_132_40.html
132;132_09;REDRESSEMENT COMPTABLE;terme_generique;132_18;REGULARISATION COMPTABLE;https://aciege.org/Dct/Fra/Fra_132_18.html
132;132_79;REEVALUATION DU BILAN;terme_generique;132_75;BILAN;https://aciege.org/Dct/Fra/Fra_132_75.html
132;132_18;REGULARISATION COMPTABLE;terme_generique;132_38;OPERATION COMPTABLE;https://aciege.org/Dct/Fra/Fra_132_38.html
132;132_18;REGULARISATION COMPTABLE;terme_specifique;132_09;REDRESSEMENT COMPTABLE;https://aciege.org/Dct/Fra/Fra_132_09.html
132;132_12;REPORT A NOUVEAU;terme_generique;132_13;RESULTAT DE L'EXERCICE;https://aciege.org/Dct/Fra/Fra_132_13.html
132;132_97;RESERVE COMPTABLE;terme_generique;132_87;PASSIF;https://aciege.org/Dct/Fra/Fra_132_87.html
132;132_13;RESULTAT DE L'EXERCICE;terme_generique;132_25;SOLDES INTERMEDIAIRES DE GESTION;https://aciege.org/Dct/Fra/Fra_132_25.html
132;132_13;RESULTAT DE L'EXERCICE;terme_specifique;132_03;BENEFICE;https://aciege.org/Dct/Fra/Fra_132_03.html
132;132_13;RESULTAT DE L'EXERCICE;terme_specifique;132_04;DEFICIT;https://aciege.org/Dct/Fra/Fra_132_04.html
132;132_13;RESULTAT DE L'EXERCICE;terme_specifique;132_12;REPORT A NOUVEAU;https://aciege.org/Dct/Fra/Fra_132_12.html
132;132_13;RESULTAT DE L'EXERCICE;employe_pour;Re_3470;Résultat comptable;https://aciege.org/Dct/Fra/Re_3470.html
132;132_25;SOLDES INTERMEDIAIRES DE GESTION;terme_generique;132_45;COMPTE DE RESULTAT;https://aciege.org/Dct/Fra/Fra_132_45.html
132;132_25;SOLDES INTERMEDIAIRES DE GESTION;terme_specifique;132_15;CASH FLOW;https://aciege.org/Dct/Fra/Fra_132_15.html
132;132_25;SOLDES INTERMEDIAIRES DE GESTION;terme_specifique;132_13;RESULTAT DE L'EXERCICE;https://aciege.org/Dct/Fra/Fra_132_13.html
132;132_25;SOLDES INTERMEDIAIRES DE GESTION;employe_pour;Re_3471;Résultat d'exploitation;https://aciege.org/Dct/Fra/Re_3471.html
132;132_33;STRUCTURE FINANCIERE;terme_generique;132_43;ANALYSE FINANCIERE;https://aciege.org/Dct/Fra/Fra_132_43.html
132;132_40;TAUX D'ENDETTEMENT;terme_generique;132_52;RATIO FINANCIER;https://aciege.org/Dct/Fra/Fra_132_52.html
133;133_94;ANALYSE COUT BENEFICE;terme_generique;133_55;CONTROLE DE GESTION;https://aciege.org/Dct/Fra/Fra_133_55.html
133;133_94;ANALYSE COUT BENEFICE;employe_pour;An_2433;Analyse coût efficacité;https://aciege.org/Dct/Fra/An_2433.html
133;133_47;ANALYSE DES COUTS;terme_generique;133_57;COMPTABILITE DE GESTION;https://aciege.org/Dct/Fra/Fra_133_57.html
133;133_47;ANALYSE DES COUTS;terme_specifique;133_28;COUT COMPLET;https://aciege.org/Dct/Fra/Fra_133_28.html
133;133_47;ANALYSE DES COUTS;terme_specifique;133_36;COUT DE REVIENT;https://aciege.org/Dct/Fra/Fra_133_36.html
133;133_47;ANALYSE DES COUTS;terme_specifique;133_39;COUT MARGINAL;https://aciege.org/Dct/Fra/Fra_133_39.html
133;133_47;ANALYSE DES COUTS;terme_specifique;133_29;COUT PARTIEL;https://aciege.org/Dct/Fra/Fra_133_29.html
133;133_47;ANALYSE DES COUTS;terme_specifique;133_27;COUT STANDARD;https://aciege.org/Dct/Fra/Fra_133_27.html
133;133_85;ANALYSE DES ECARTS;terme_generique;133_55;CONTROLE DE GESTION;https://aciege.org/Dct/Fra/Fra_133_55.html
133;133_85;ANALYSE DES ECARTS;employe_pour;Ec_2800;Ecart comptable;https://aciege.org/Dct/Fra/Ec_2800.html
133;133_53;AUDIT FINANCIER;terme_generique;133_55;CONTROLE DE GESTION;https://aciege.org/Dct/Fra/Fra_133_55.html
133;133_22;BUDGET;terme_generique;133_42;CONTROLE BUDGETAIRE;https://aciege.org/Dct/Fra/Fra_133_42.html
133;133_22;BUDGET;employe_pour;BB_2502;BBZ;https://aciege.org/Dct/Fra/BB_2502.html
133;133_22;BUDGET;employe_pour;Bu_2538;Budget Base Zéro;https://aciege.org/Dct/Fra/Bu_2538.html
133;133_22;BUDGET;employe_pour;En_2826;Engagement budgétaire;https://aciege.org/Dct/Fra/En_2826.html
133;133_22;BUDGET;employe_pour;Li_3117;Liquidation budgétaire;https://aciege.org/Dct/Fra/Li_3117.html
133;133_87;CENTRE D'ANALYSE;terme_generique;133_55;CONTROLE DE GESTION;https://aciege.org/Dct/Fra/Fra_133_55.html
133;133_87;CENTRE D'ANALYSE;employe_pour;Ce_2597;Centre de coût;https://aciege.org/Dct/Fra/Ce_2597.html
133;133_87;CENTRE D'ANALYSE;employe_pour;Ce_2599;Centre de frais;https://aciege.org/Dct/Fra/Ce_2599.html
133;133_87;CENTRE D'ANALYSE;employe_pour;Se_3493;Section comptable;https://aciege.org/Dct/Fra/Se_3493.html
133;133_34;CHARGES DIRECTES;terme_generique;133_55;CONTROLE DE GESTION;https://aciege.org/Dct/Fra/Fra_133_55.html
133;133_34;CHARGES DIRECTES;employe_pour;Fr_2911;Frais directs;https://aciege.org/Dct/Fra/Fr_2911.html
133;133_24;CHARGES FIXES;terme_generique;133_55;CONTROLE DE GESTION;https://aciege.org/Dct/Fra/Fra_133_55.html
133;133_24;CHARGES FIXES;employe_pour;Fr_2912;Frais fixes;https://aciege.org/Dct/Fra/Fr_2912.html
133;133_25;CHARGES INDIRECTES;terme_generique;133_55;CONTROLE DE GESTION;https://aciege.org/Dct/Fra/Fra_133_55.html
133;133_25;CHARGES INDIRECTES;terme_specifique;133_04;FRAIS GENERAUX;https://aciege.org/Dct/Fra/Fra_133_04.html
133;133_25;CHARGES INDIRECTES;employe_pour;Fr_2913;Frais indirects;https://aciege.org/Dct/Fra/Fr_2913.html
133;133_33;CHARGES VARIABLES;terme_generique;133_55;CONTROLE DE GESTION;https://aciege.org/Dct/Fra/Fra_133_55.html
133;133_33;CHARGES VARIABLES;employe_pour;Fr_2914;Frais variables;https://aciege.org/Dct/Fra/Fr_2914.html
133;133_57;COMPTABILITE DE GESTION;terme_generique;133_55;CONTROLE DE GESTION;https://aciege.org/Dct/Fra/Fra_133_55.html
133;133_57;COMPTABILITE DE GESTION;terme_specifique;133_47;ANALYSE DES COUTS;https://aciege.org/Dct/Fra/Fra_133_47.html
133;133_57;COMPTABILITE DE GESTION;terme_specifique;133_68;COMPTABILITE MATIERE;https://aciege.org/Dct/Fra/Fra_133_68.html
133;133_57;COMPTABILITE DE GESTION;terme_specifique;133_59;PRIX DE CESSION INTERNE;https://aciege.org/Dct/Fra/Fra_133_59.html
133;133_57;COMPTABILITE DE GESTION;employe_pour;Ac_2391;Activity Based Costing;https://aciege.org/Dct/Fra/Ac_2391.html
133;133_57;COMPTABILITE DE GESTION;employe_pour;Ac_2392;Activity Based Management;https://aciege.org/Dct/Fra/Ac_2392.html
133;133_57;COMPTABILITE DE GESTION;employe_pour;Co_2655;Comptabilité analytique;https://aciege.org/Dct/Fra/Co_2655.html
133;133_57;COMPTABILITE DE GESTION;employe_pour;Ec_2809;Economie d'échelle;https://aciege.org/Dct/Fra/Ec_2809.html
133;133_57;COMPTABILITE DE GESTION;employe_pour;Me_3213;Méthode ABC;https://aciege.org/Dct/Fra/Me_3213.html
133;133_57;COMPTABILITE DE GESTION;employe_pour;Me_3214;Méthode ABM;https://aciege.org/Dct/Fra/Me_3214.html
133;133_68;COMPTABILITE MATIERE;terme_generique;133_57;COMPTABILITE DE GESTION;https://aciege.org/Dct/Fra/Fra_133_57.html
133;133_68;COMPTABILITE MATIERE;terme_specifique;133_79;STOCK;https://aciege.org/Dct/Fra/Fra_133_79.html
133;133_42;CONTROLE BUDGETAIRE;terme_generique;133_55;CONTROLE DE GESTION;https://aciege.org/Dct/Fra/Fra_133_55.html
133;133_42;CONTROLE BUDGETAIRE;terme_specifique;133_22;BUDGET;https://aciege.org/Dct/Fra/Fra_133_22.html
133;133_42;CONTROLE BUDGETAIRE;terme_specifique;133_40;RCB;https://aciege.org/Dct/Fra/Fra_133_40.html
133;133_42;CONTROLE BUDGETAIRE;employe_pour;Ge_2926;Gestion budgétaire;https://aciege.org/Dct/Fra/Ge_2926.html
133;133_42;CONTROLE BUDGETAIRE;employe_pour;Pr_3369;Prévision budgétaire;https://aciege.org/Dct/Fra/Pr_3369.html
133;133_55;CONTROLE DE GESTION;terme_specifique;133_94;ANALYSE COUT BENEFICE;https://aciege.org/Dct/Fra/Fra_133_94.html
133;133_55;CONTROLE DE GESTION;terme_specifique;133_85;ANALYSE DES ECARTS;https://aciege.org/Dct/Fra/Fra_133_85.html
133;133_55;CONTROLE DE GESTION;terme_specifique;133_53;AUDIT FINANCIER;https://aciege.org/Dct/Fra/Fra_133_53.html
133;133_55;CONTROLE DE GESTION;terme_specifique;133_87;CENTRE D'ANALYSE;https://aciege.org/Dct/Fra/Fra_133_87.html
133;133_55;CONTROLE DE GESTION;terme_specifique;133_34;CHARGES DIRECTES;https://aciege.org/Dct/Fra/Fra_133_34.html
133;133_55;CONTROLE DE GESTION;terme_specifique;133_24;CHARGES FIXES;https://aciege.org/Dct/Fra/Fra_133_24.html
133;133_55;CONTROLE DE GESTION;terme_specifique;133_25;CHARGES INDIRECTES;https://aciege.org/Dct/Fra/Fra_133_25.html
133;133_55;CONTROLE DE GESTION;terme_specifique;133_33;CHARGES VARIABLES;https://aciege.org/Dct/Fra/Fra_133_33.html
133;133_55;CONTROLE DE GESTION;terme_specifique;133_57;COMPTABILITE DE GESTION;https://aciege.org/Dct/Fra/Fra_133_57.html
133;133_55;CONTROLE DE GESTION;terme_specifique;133_42;CONTROLE BUDGETAIRE;https://aciege.org/Dct/Fra/Fra_133_42.html
133;133_55;CONTROLE DE GESTION;terme_specifique;133_93;CONTROLEUR DE GESTION;https://aciege.org/Dct/Fra/Fra_133_93.html
133;133_93;CONTROLEUR DE GESTION;terme_generique;133_55;CONTROLE DE GESTION;https://aciege.org/Dct/Fra/Fra_133_55.html
133;133_28;COUT COMPLET;terme_generique;133_47;ANALYSE DES COUTS;https://aciege.org/Dct/Fra/Fra_133_47.html
133;133_36;COUT DE REVIENT;terme_generique;133_47;ANALYSE DES COUTS;https://aciege.org/Dct/Fra/Fra_133_47.html
133;133_36;COUT DE REVIENT;employe_pour;Pr_3344;Prix de revient;https://aciege.org/Dct/Fra/Pr_3344.html
133;133_19;COUT DIRECT;terme_generique;133_29;COUT PARTIEL;https://aciege.org/Dct/Fra/Fra_133_29.html
133;133_39;COUT MARGINAL;terme_generique;133_47;ANALYSE DES COUTS;https://aciege.org/Dct/Fra/Fra_133_47.html
133;133_39;COUT MARGINAL;employe_pour;Co_2658;Comptabilité marginale;https://aciege.org/Dct/Fra/Co_2658.html
133;133_29;COUT PARTIEL;terme_generique;133_47;ANALYSE DES COUTS;https://aciege.org/Dct/Fra/Fra_133_47.html
133;133_29;COUT PARTIEL;terme_specifique;133_19;COUT DIRECT;https://aciege.org/Dct/Fra/Fra_133_19.html
133;133_29;COUT PARTIEL;terme_specifique;133_18;DIRECT COSTING;https://aciege.org/Dct/Fra/Fra_133_18.html
133;133_27;COUT STANDARD;terme_generique;133_47;ANALYSE DES COUTS;https://aciege.org/Dct/Fra/Fra_133_47.html
133;133_18;DIRECT COSTING;terme_generique;133_29;COUT PARTIEL;https://aciege.org/Dct/Fra/Fra_133_29.html
133;133_18;DIRECT COSTING;terme_specifique;133_08;SEUIL DE RENTABILITE;https://aciege.org/Dct/Fra/Fra_133_08.html
133;133_04;FRAIS GENERAUX;terme_generique;133_25;CHARGES INDIRECTES;https://aciege.org/Dct/Fra/Fra_133_25.html
133;133_04;FRAIS GENERAUX;employe_pour;Ch_2611;Charges de structures;https://aciege.org/Dct/Fra/Ch_2611.html
133;133_59;PRIX DE CESSION INTERNE;terme_generique;133_57;COMPTABILITE DE GESTION;https://aciege.org/Dct/Fra/Fra_133_57.html
133;133_59;PRIX DE CESSION INTERNE;employe_pour;Pr_3338;Prestation interne;https://aciege.org/Dct/Fra/Pr_3338.html
133;133_59;PRIX DE CESSION INTERNE;employe_pour;Pr_3345;Prix de transfert;https://aciege.org/Dct/Fra/Pr_3345.html
133;133_40;RCB;terme_generique;133_42;CONTROLE BUDGETAIRE;https://aciege.org/Dct/Fra/Fra_133_42.html
133;133_40;RCB;employe_pour;Ra_3408;Rationalisation des choix budgétaires;https://aciege.org/Dct/Fra/Ra_3408.html
133;133_08;SEUIL DE RENTABILITE;terme_generique;133_18;DIRECT COSTING;https://aciege.org/Dct/Fra/Fra_133_18.html
133;133_08;SEUIL DE RENTABILITE;employe_pour;Po_3322;Point mort;https://aciege.org/Dct/Fra/Po_3322.html
133;133_79;STOCK;terme_generique;133_68;COMPTABILITE MATIERE;https://aciege.org/Dct/Fra/Fra_133_68.html
134;134_14;ACTIF CONDITIONNEL;terme_generique;134_35;BOURSE DES VALEURS;https://aciege.org/Dct/Fra/Fra_134_35.html
134;134_14;ACTIF CONDITIONNEL;terme_specifique;134_04;MATIF;https://aciege.org/Dct/Fra/Fra_134_04.html
134;134_14;ACTIF CONDITIONNEL;terme_specifique;134_03;OPTION;https://aciege.org/Dct/Fra/Fra_134_03.html
134;134_32;ACTION;terme_generique;134_22;TITRE BOURSIER;https://aciege.org/Dct/Fra/Fra_134_22.html
134;134_33;AGENCE DE NOTATION FINANCIERE;terme_generique;134_55;FINANCE DE MARCHE;https://aciege.org/Dct/Fra/Fra_134_55.html
134;134_88;ANALYSE DE PORTEFEUILLE;terme_generique;134_77;GESTION DE PORTEFEUILLE;https://aciege.org/Dct/Fra/Fra_134_77.html
134;134_17;BOURSE DE COMMERCE;terme_generique;134_35;BOURSE DES VALEURS;https://aciege.org/Dct/Fra/Fra_134_35.html
134;134_35;BOURSE DES VALEURS;terme_generique;134_55;FINANCE DE MARCHE;https://aciege.org/Dct/Fra/Fra_134_55.html
134;134_35;BOURSE DES VALEURS;terme_specifique;134_14;ACTIF CONDITIONNEL;https://aciege.org/Dct/Fra/Fra_134_14.html
134;134_35;BOURSE DES VALEURS;terme_specifique;134_17;BOURSE DE COMMERCE;https://aciege.org/Dct/Fra/Fra_134_17.html
134;134_35;BOURSE DES VALEURS;terme_specifique;134_24;INTRODUCTION EN BOURSE;https://aciege.org/Dct/Fra/Fra_134_24.html
134;134_35;BOURSE DES VALEURS;terme_specifique;134_16;MARCHE A TERME;https://aciege.org/Dct/Fra/Fra_134_16.html
134;134_35;BOURSE DES VALEURS;terme_specifique;134_26;MARCHE AU COMPTANT;https://aciege.org/Dct/Fra/Fra_134_26.html
134;134_35;BOURSE DES VALEURS;terme_specifique;134_06;MARCHE DERIVE;https://aciege.org/Dct/Fra/Fra_134_06.html
134;134_35;BOURSE DES VALEURS;terme_specifique;134_37;OPA;https://aciege.org/Dct/Fra/Fra_134_37.html
134;134_35;BOURSE DES VALEURS;terme_specifique;134_36;OPE;https://aciege.org/Dct/Fra/Fra_134_36.html
134;134_35;BOURSE DES VALEURS;terme_specifique;134_27;PRISE DE PARTICIPATION;https://aciege.org/Dct/Fra/Fra_134_27.html
134;134_35;BOURSE DES VALEURS;terme_specifique;134_34;SPECULATION;https://aciege.org/Dct/Fra/Fra_134_34.html
134;134_35;BOURSE DES VALEURS;terme_specifique;134_25;TECHNIQUE BOURSIERE;https://aciege.org/Dct/Fra/Fra_134_25.html
134;134_35;BOURSE DES VALEURS;terme_specifique;134_22;TITRE BOURSIER;https://aciege.org/Dct/Fra/Fra_134_22.html
134;134_35;BOURSE DES VALEURS;employe_pour;Op_3253;Opération de bourse;https://aciege.org/Dct/Fra/Op_3253.html
134;134_20;COTATION DES TITRES;terme_generique;134_22;TITRE BOURSIER;https://aciege.org/Dct/Fra/Fra_134_22.html
134;134_20;COTATION DES TITRES;terme_specifique;134_30;INDICE BOURSIER;https://aciege.org/Dct/Fra/Fra_134_30.html
134;134_20;COTATION DES TITRES;employe_pour;So_3501;Société cotée;https://aciege.org/Dct/Fra/So_3501.html
134;134_10;EMISSION DES TITRES;terme_generique;134_22;TITRE BOURSIER;https://aciege.org/Dct/Fra/Fra_134_22.html
134;134_44;FINANCE COMPORTEMENTALE;terme_generique;134_55;FINANCE DE MARCHE;https://aciege.org/Dct/Fra/Fra_134_55.html
134;134_55;FINANCE DE MARCHE;terme_specifique;134_33;AGENCE DE NOTATION FINANCIERE;https://aciege.org/Dct/Fra/Fra_134_33.html
134;134_55;FINANCE DE MARCHE;terme_specifique;134_35;BOURSE DES VALEURS;https://aciege.org/Dct/Fra/Fra_134_35.html
134;134_55;FINANCE DE MARCHE;terme_specifique;134_44;FINANCE COMPORTEMENTALE;https://aciege.org/Dct/Fra/Fra_134_44.html
134;134_55;FINANCE DE MARCHE;terme_specifique;134_67;GESTION DE PATRIMOINE;https://aciege.org/Dct/Fra/Fra_134_67.html
134;134_55;FINANCE DE MARCHE;terme_specifique;134_77;GESTION DE PORTEFEUILLE;https://aciege.org/Dct/Fra/Fra_134_77.html
134;134_55;FINANCE DE MARCHE;terme_specifique;134_54;MARCHE DES CAPITAUX;https://aciege.org/Dct/Fra/Fra_134_54.html
134;134_55;FINANCE DE MARCHE;terme_specifique;134_58;RISQUE DE MARCHE;https://aciege.org/Dct/Fra/Fra_134_58.html
134;134_55;FINANCE DE MARCHE;terme_specifique;134_96;STATISTIQUES FINANCIERES;https://aciege.org/Dct/Fra/Fra_134_96.html
134;134_93;FONDS COMMUN DE PLACEMENT;terme_generique;134_73;FONDS D'INVESTISSEMENT;https://aciege.org/Dct/Fra/Fra_134_73.html
134;134_93;FONDS COMMUN DE PLACEMENT;employe_pour;FC_2873;FCP;https://aciege.org/Dct/Fra/FC_2873.html
134;134_73;FONDS D'INVESTISSEMENT;terme_generique;134_54;MARCHE DES CAPITAUX;https://aciege.org/Dct/Fra/Fra_134_54.html
134;134_73;FONDS D'INVESTISSEMENT;terme_specifique;134_93;FONDS COMMUN DE PLACEMENT;https://aciege.org/Dct/Fra/Fra_134_93.html
134;134_73;FONDS D'INVESTISSEMENT;terme_specifique;134_82;FONDS DE PENSION;https://aciege.org/Dct/Fra/Fra_134_82.html
134;134_73;FONDS D'INVESTISSEMENT;terme_specifique;134_84;FONDS SOUVERAIN;https://aciege.org/Dct/Fra/Fra_134_84.html
134;134_73;FONDS D'INVESTISSEMENT;terme_specifique;134_72;OPCVM;https://aciege.org/Dct/Fra/Fra_134_72.html
134;134_73;FONDS D'INVESTISSEMENT;terme_specifique;134_92;SICAV;https://aciege.org/Dct/Fra/Fra_134_92.html
134;134_73;FONDS D'INVESTISSEMENT;terme_specifique;134_62;TITRISATION;https://aciege.org/Dct/Fra/Fra_134_62.html
134;134_73;FONDS D'INVESTISSEMENT;employe_pour;Fo_2896;Fonds alternatif;https://aciege.org/Dct/Fra/Fo_2896.html
134;134_73;FONDS D'INVESTISSEMENT;employe_pour;Fo_2904;Fonds spéculatif;https://aciege.org/Dct/Fra/Fo_2904.html
134;134_73;FONDS D'INVESTISSEMENT;employe_pour;Fo_2905;Fonds éthique;https://aciege.org/Dct/Fra/Fo_2905.html
134;134_82;FONDS DE PENSION;terme_generique;134_73;FONDS D'INVESTISSEMENT;https://aciege.org/Dct/Fra/Fra_134_73.html
134;134_84;FONDS SOUVERAIN;terme_generique;134_73;FONDS D'INVESTISSEMENT;https://aciege.org/Dct/Fra/Fra_134_73.html
134;134_84;FONDS SOUVERAIN;employe_pour;Fo_2897;Fonds d'Etat;https://aciege.org/Dct/Fra/Fo_2897.html
134;134_84;FONDS SOUVERAIN;employe_pour;Fo_2898;Fonds d'investissement souverain;https://aciege.org/Dct/Fra/Fo_2898.html
134;134_79;GESTION ALTERNATIVE;terme_generique;134_77;GESTION DE PORTEFEUILLE;https://aciege.org/Dct/Fra/Fra_134_77.html
134;134_67;GESTION DE PATRIMOINE;terme_generique;134_55;FINANCE DE MARCHE;https://aciege.org/Dct/Fra/Fra_134_55.html
134;134_77;GESTION DE PORTEFEUILLE;terme_generique;134_55;FINANCE DE MARCHE;https://aciege.org/Dct/Fra/Fra_134_55.html
134;134_77;GESTION DE PORTEFEUILLE;terme_specifique;134_88;ANALYSE DE PORTEFEUILLE;https://aciege.org/Dct/Fra/Fra_134_88.html
134;134_77;GESTION DE PORTEFEUILLE;terme_specifique;134_79;GESTION ALTERNATIVE;https://aciege.org/Dct/Fra/Fra_134_79.html
134;134_77;GESTION DE PORTEFEUILLE;terme_specifique;134_89;PRODUIT STRUCTURE;https://aciege.org/Dct/Fra/Fra_134_89.html
134;134_77;GESTION DE PORTEFEUILLE;terme_specifique;134_87;REPARTITION D'ACTIFS;https://aciege.org/Dct/Fra/Fra_134_87.html
134;134_77;GESTION DE PORTEFEUILLE;employe_pour;Ge_2928;Gestion d'actifs;https://aciege.org/Dct/Fra/Ge_2928.html
134;134_77;GESTION DE PORTEFEUILLE;employe_pour;Po_3330;Portefeuille;https://aciege.org/Dct/Fra/Po_3330.html
134;134_30;INDICE BOURSIER;terme_generique;134_20;COTATION DES TITRES;https://aciege.org/Dct/Fra/Fra_134_20.html
134;134_30;INDICE BOURSIER;employe_pour;CA_2544;CAC;https://aciege.org/Dct/Fra/CA_2544.html
134;134_24;INTRODUCTION EN BOURSE;terme_generique;134_35;BOURSE DES VALEURS;https://aciege.org/Dct/Fra/Fra_134_35.html
134;134_16;MARCHE A TERME;terme_generique;134_35;BOURSE DES VALEURS;https://aciege.org/Dct/Fra/Fra_134_35.html
134;134_16;MARCHE A TERME;employe_pour;Co_2689;Contrat à terme;https://aciege.org/Dct/Fra/Co_2689.html
134;134_16;MARCHE A TERME;employe_pour;Op_3254;Opération à terme;https://aciege.org/Dct/Fra/Op_3254.html
134;134_26;MARCHE AU COMPTANT;terme_generique;134_35;BOURSE DES VALEURS;https://aciege.org/Dct/Fra/Fra_134_35.html
134;134_06;MARCHE DERIVE;terme_generique;134_35;BOURSE DES VALEURS;https://aciege.org/Dct/Fra/Fra_134_35.html
134;134_06;MARCHE DERIVE;employe_pour;In_3078;Instrument dérivé;https://aciege.org/Dct/Fra/In_3078.html
134;134_54;MARCHE DES CAPITAUX;terme_generique;134_55;FINANCE DE MARCHE;https://aciege.org/Dct/Fra/Fra_134_55.html
134;134_54;MARCHE DES CAPITAUX;terme_specifique;134_73;FONDS D'INVESTISSEMENT;https://aciege.org/Dct/Fra/Fra_134_73.html
134;134_54;MARCHE DES CAPITAUX;terme_specifique;134_53;MARCHE FINANCIER;https://aciege.org/Dct/Fra/Fra_134_53.html
134;134_54;MARCHE DES CAPITAUX;terme_specifique;134_63;SOCIETE D'INVESTISSEMENT;https://aciege.org/Dct/Fra/Fra_134_63.html
134;134_53;MARCHE FINANCIER;terme_generique;134_54;MARCHE DES CAPITAUX;https://aciege.org/Dct/Fra/Fra_134_54.html
134;134_53;MARCHE FINANCIER;terme_specifique;134_43;SWAP;https://aciege.org/Dct/Fra/Fra_134_43.html
134;134_04;MATIF;terme_generique;134_14;ACTIF CONDITIONNEL;https://aciege.org/Dct/Fra/Fra_134_14.html
134;134_04;MATIF;employe_pour;Ma_3162;Marché à terme international de France;https://aciege.org/Dct/Fra/Ma_3162.html
134;134_59;MODELE D’EVALUATION DES ACTIFS FINANCIERS;terme_generique;134_58;RISQUE DE MARCHE;https://aciege.org/Dct/Fra/Fra_134_58.html
134;134_59;MODELE D’EVALUATION DES ACTIFS FINANCIERS;employe_pour;ME_3135;MEDAF;https://aciege.org/Dct/Fra/ME_3135.html
134;134_12;OBLIGATION;terme_generique;134_22;TITRE BOURSIER;https://aciege.org/Dct/Fra/Fra_134_22.html
134;134_12;OBLIGATION;terme_specifique;134_02;OBLIGATION CONVERTIBLE;https://aciege.org/Dct/Fra/Fra_134_02.html
134;134_02;OBLIGATION CONVERTIBLE;terme_generique;134_12;OBLIGATION;https://aciege.org/Dct/Fra/Fra_134_12.html
134;134_02;OBLIGATION CONVERTIBLE;employe_pour;Co_2693;Conversion;https://aciege.org/Dct/Fra/Co_2693.html
134;134_37;OPA;terme_generique;134_35;BOURSE DES VALEURS;https://aciege.org/Dct/Fra/Fra_134_35.html
134;134_37;OPA;employe_pour;Of_3248;Offre publique d'achat;https://aciege.org/Dct/Fra/Of_3248.html
134;134_72;OPCVM;terme_generique;134_73;FONDS D'INVESTISSEMENT;https://aciege.org/Dct/Fra/Fra_134_73.html
134;134_72;OPCVM;employe_pour;Or_3273;Organisme de placement collectif en valeurs mobilières;https://aciege.org/Dct/Fra/Or_3273.html
134;134_36;OPE;terme_generique;134_35;BOURSE DES VALEURS;https://aciege.org/Dct/Fra/Fra_134_35.html
134;134_36;OPE;employe_pour;Of_3249;Offre publique d'échange;https://aciege.org/Dct/Fra/Of_3249.html
134;134_03;OPTION;terme_generique;134_14;ACTIF CONDITIONNEL;https://aciege.org/Dct/Fra/Fra_134_14.html
134;134_03;OPTION;employe_pour;CA_2546;CAP;https://aciege.org/Dct/Fra/CA_2546.html
134;134_03;OPTION;employe_pour;FL_2876;FLOOR;https://aciege.org/Dct/Fra/FL_2876.html
134;134_03;OPTION;employe_pour;MO_3136;MONEP;https://aciege.org/Dct/Fra/MO_3136.html
134;134_27;PRISE DE PARTICIPATION;terme_generique;134_35;BOURSE DES VALEURS;https://aciege.org/Dct/Fra/Fra_134_35.html
134;134_27;PRISE DE PARTICIPATION;employe_pour;Pr_3341;Prise de contrôle;https://aciege.org/Dct/Fra/Pr_3341.html
134;134_89;PRODUIT STRUCTURE;terme_generique;134_77;GESTION DE PORTEFEUILLE;https://aciege.org/Dct/Fra/Fra_134_77.html
134;134_87;REPARTITION D'ACTIFS;terme_generique;134_77;GESTION DE PORTEFEUILLE;https://aciege.org/Dct/Fra/Fra_134_77.html
134;134_58;RISQUE DE MARCHE;terme_generique;134_55;FINANCE DE MARCHE;https://aciege.org/Dct/Fra/Fra_134_55.html
134;134_58;RISQUE DE MARCHE;terme_specifique;134_59;MODELE D’EVALUATION DES ACTIFS FINANCIERS;https://aciege.org/Dct/Fra/Fra_134_59.html
134;134_58;RISQUE DE MARCHE;employe_pour;Vo_3648;Volatilité du marché;https://aciege.org/Dct/Fra/Vo_3648.html
134;134_92;SICAV;terme_generique;134_73;FONDS D'INVESTISSEMENT;https://aciege.org/Dct/Fra/Fra_134_73.html
134;134_92;SICAV;employe_pour;So_3502;Société d'investissement à capital variable;https://aciege.org/Dct/Fra/So_3502.html
134;134_63;SOCIETE D'INVESTISSEMENT;terme_generique;134_54;MARCHE DES CAPITAUX;https://aciege.org/Dct/Fra/Fra_134_54.html
134;134_63;SOCIETE D'INVESTISSEMENT;employe_pour;So_3504;Société de crédit-bail;https://aciege.org/Dct/Fra/So_3504.html
134;134_15;SOCIETE DE BOURSE;terme_generique;134_25;TECHNIQUE BOURSIERE;https://aciege.org/Dct/Fra/Fra_134_25.html
134;134_15;SOCIETE DE BOURSE;employe_pour;Ag_2412;Agent de change;https://aciege.org/Dct/Fra/Ag_2412.html
134;134_34;SPECULATION;terme_generique;134_35;BOURSE DES VALEURS;https://aciege.org/Dct/Fra/Fra_134_35.html
134;134_34;SPECULATION;employe_pour;Tr_3573;Trading;https://aciege.org/Dct/Fra/Tr_3573.html
134;134_96;STATISTIQUES FINANCIERES;terme_generique;134_55;FINANCE DE MARCHE;https://aciege.org/Dct/Fra/Fra_134_55.html
134;134_43;SWAP;terme_generique;134_53;MARCHE FINANCIER;https://aciege.org/Dct/Fra/Fra_134_53.html
134;134_25;TECHNIQUE BOURSIERE;terme_generique;134_35;BOURSE DES VALEURS;https://aciege.org/Dct/Fra/Fra_134_35.html
134;134_25;TECHNIQUE BOURSIERE;terme_specifique;134_15;SOCIETE DE BOURSE;https://aciege.org/Dct/Fra/Fra_134_15.html
134;134_25;TECHNIQUE BOURSIERE;employe_pour;Re_3448;Règlement mensuel;https://aciege.org/Dct/Fra/Re_3448.html
134;134_25;TECHNIQUE BOURSIERE;employe_pour;Se_3492;Second marché;https://aciege.org/Dct/Fra/Se_3492.html
134;134_22;TITRE BOURSIER;terme_generique;134_35;BOURSE DES VALEURS;https://aciege.org/Dct/Fra/Fra_134_35.html
134;134_22;TITRE BOURSIER;terme_specifique;134_32;ACTION;https://aciege.org/Dct/Fra/Fra_134_32.html
134;134_22;TITRE BOURSIER;terme_specifique;134_20;COTATION DES TITRES;https://aciege.org/Dct/Fra/Fra_134_20.html
134;134_22;TITRE BOURSIER;terme_specifique;134_10;EMISSION DES TITRES;https://aciege.org/Dct/Fra/Fra_134_10.html
134;134_22;TITRE BOURSIER;terme_specifique;134_12;OBLIGATION;https://aciege.org/Dct/Fra/Fra_134_12.html
134;134_62;TITRISATION;terme_generique;134_73;FONDS D'INVESTISSEMENT;https://aciege.org/Dct/Fra/Fra_134_73.html
141;141_22;ACHAT;terme_generique;141_33;ORDONNANCEMENT;https://aciege.org/Dct/Fra/Fra_141_33.html
141;141_22;ACHAT;terme_specifique;141_21;ACHAT INDUSTRIEL;https://aciege.org/Dct/Fra/Fra_141_21.html
141;141_22;ACHAT;terme_specifique;141_31;APPEL D'OFFRES;https://aciege.org/Dct/Fra/Fra_141_31.html
141;141_22;ACHAT;terme_specifique;141_01;GESTION DES STOCKS;https://aciege.org/Dct/Fra/Fra_141_01.html
141;141_22;ACHAT;terme_specifique;141_11;RECEPTION DES MARCHANDISES;https://aciege.org/Dct/Fra/Fra_141_11.html
141;141_22;ACHAT;employe_pour;Ac_2387;Acheteur;https://aciege.org/Dct/Fra/Ac_2387.html
141;141_22;ACHAT;employe_pour;Ap_2454;Approvisionnement;https://aciege.org/Dct/Fra/Ap_2454.html
141;141_22;ACHAT;employe_pour;Fo_2892;Fonction achat;https://aciege.org/Dct/Fra/Fo_2892.html
141;141_21;ACHAT INDUSTRIEL;terme_generique;141_22;ACHAT;https://aciege.org/Dct/Fra/Fra_141_22.html
141;141_66;ANALYSE DE LA VALEUR;terme_generique;141_55;GESTION DE LA PRODUCTION;https://aciege.org/Dct/Fra/Fra_141_55.html
141;141_31;APPEL D'OFFRES;terme_generique;141_22;ACHAT;https://aciege.org/Dct/Fra/Fra_141_22.html
141;141_31;APPEL D'OFFRES;employe_pour;Ad_2395;Adjudication;https://aciege.org/Dct/Fra/Ad_2395.html
141;141_50;ATELIER;terme_generique;141_51;USINE;https://aciege.org/Dct/Fra/Fra_141_51.html
141;141_75;BUREAU D'ETUDES;terme_generique;141_55;GESTION DE LA PRODUCTION;https://aciege.org/Dct/Fra/Fra_141_55.html
141;141_75;BUREAU D'ETUDES;terme_specifique;141_87;CONCEPTION INDUSTRIELLE;https://aciege.org/Dct/Fra/Fra_141_87.html
141;141_75;BUREAU D'ETUDES;terme_specifique;141_84;DESSIN INDUSTRIEL;https://aciege.org/Dct/Fra/Fra_141_84.html
141;141_75;BUREAU D'ETUDES;terme_specifique;141_76;ETUDE DE PRODUIT;https://aciege.org/Dct/Fra/Fra_141_76.html
141;141_75;BUREAU D'ETUDES;terme_specifique;141_74;NORMALISATION;https://aciege.org/Dct/Fra/Fra_141_74.html
141;141_35;BUREAU DES METHODES;terme_generique;141_55;GESTION DE LA PRODUCTION;https://aciege.org/Dct/Fra/Fra_141_55.html
141;141_35;BUREAU DES METHODES;terme_specifique;141_25;ETUDE DE CIRCUIT;https://aciege.org/Dct/Fra/Fra_141_25.html
141;141_35;BUREAU DES METHODES;terme_specifique;141_24;ETUDE DES TEMPS;https://aciege.org/Dct/Fra/Fra_141_24.html
141;141_35;BUREAU DES METHODES;terme_specifique;141_16;ORGANISATION DU TRAVAIL;https://aciege.org/Dct/Fra/Fra_141_16.html
141;141_86;CAO;terme_generique;141_87;CONCEPTION INDUSTRIELLE;https://aciege.org/Dct/Fra/Fra_141_87.html
141;141_86;CAO;employe_pour;Co_2670;Conception assistée par ordinateur;https://aciege.org/Dct/Fra/Co_2670.html
141;141_86;CAO;employe_pour;DA_2725;DAO;https://aciege.org/Dct/Fra/DA_2725.html
141;141_86;CAO;employe_pour;In_3062;Infographie;https://aciege.org/Dct/Fra/In_3062.html
141;141_49;CAPACITE DE PRODUCTION;terme_generique;141_57;EQUIPEMENT;https://aciege.org/Dct/Fra/Fra_141_57.html
141;141_61;CFAO;terme_generique;141_52;FABRICATION;https://aciege.org/Dct/Fra/Fra_141_52.html
141;141_61;CFAO;employe_pour;Co_2671;Conception et fabrication assistées par ordinateur;https://aciege.org/Dct/Fra/Co_2671.html
141;141_62;CHAINE DE PRODUCTION;terme_generique;141_52;FABRICATION;https://aciege.org/Dct/Fra/Fra_141_52.html
141;141_62;CHAINE DE PRODUCTION;terme_specifique;141_82;PRODUIT MANUFACTURE;https://aciege.org/Dct/Fra/Fra_141_82.html
141;141_34;CHAINE LOGISTIQUE;terme_generique;141_43;LOGISTIQUE;https://aciege.org/Dct/Fra/Fra_141_43.html
141;141_34;CHAINE LOGISTIQUE;terme_specifique;141_14;TRACABILITE;https://aciege.org/Dct/Fra/Fra_141_14.html
141;141_34;CHAINE LOGISTIQUE;employe_pour;Lo_3126;Logistique intégrée;https://aciege.org/Dct/Fra/Lo_3126.html
141;141_34;CHAINE LOGISTIQUE;employe_pour;Su_3520;Supply chain management;https://aciege.org/Dct/Fra/Su_3520.html
141;141_60;CHANTIER;terme_generique;141_52;FABRICATION;https://aciege.org/Dct/Fra/Fra_141_52.html
141;141_87;CONCEPTION INDUSTRIELLE;terme_generique;141_75;BUREAU D'ETUDES;https://aciege.org/Dct/Fra/Fra_141_75.html
141;141_87;CONCEPTION INDUSTRIELLE;terme_specifique;141_86;CAO;https://aciege.org/Dct/Fra/Fra_141_86.html
141;141_87;CONCEPTION INDUSTRIELLE;terme_specifique;141_98;ESTHETIQUE INDUSTRIELLE;https://aciege.org/Dct/Fra/Fra_141_98.html
141;141_87;CONCEPTION INDUSTRIELLE;terme_specifique;141_96;INGENIERIE;https://aciege.org/Dct/Fra/Fra_141_96.html
141;141_99;CONDITIONNEMENT;terme_generique;141_76;ETUDE DE PRODUIT;https://aciege.org/Dct/Fra/Fra_141_76.html
141;141_13;DELAI;terme_generique;141_33;ORDONNANCEMENT;https://aciege.org/Dct/Fra/Fra_141_33.html
141;141_69;DEPRECIATION TECHNIQUE;terme_generique;141_57;EQUIPEMENT;https://aciege.org/Dct/Fra/Fra_141_57.html
141;141_84;DESSIN INDUSTRIEL;terme_generique;141_75;BUREAU D'ETUDES;https://aciege.org/Dct/Fra/Fra_141_75.html
141;141_32;DOCUMENT D'ATELIER;terme_generique;141_33;ORDONNANCEMENT;https://aciege.org/Dct/Fra/Fra_141_33.html
141;141_20;ENTREPOT;terme_generique;141_11;RECEPTION DES MARCHANDISES;https://aciege.org/Dct/Fra/Fra_141_11.html
141;141_20;ENTREPOT;terme_specifique;141_10;EXPEDITION;https://aciege.org/Dct/Fra/Fra_141_10.html
141;141_57;EQUIPEMENT;terme_generique;141_55;GESTION DE LA PRODUCTION;https://aciege.org/Dct/Fra/Fra_141_55.html
141;141_57;EQUIPEMENT;terme_specifique;141_49;CAPACITE DE PRODUCTION;https://aciege.org/Dct/Fra/Fra_141_49.html
141;141_57;EQUIPEMENT;terme_specifique;141_69;DEPRECIATION TECHNIQUE;https://aciege.org/Dct/Fra/Fra_141_69.html
141;141_57;EQUIPEMENT;terme_specifique;141_79;MAINTENANCE;https://aciege.org/Dct/Fra/Fra_141_79.html
141;141_57;EQUIPEMENT;terme_specifique;141_59;USURE;https://aciege.org/Dct/Fra/Fra_141_59.html
141;141_57;EQUIPEMENT;employe_pour;Ou_3278;Outil de production;https://aciege.org/Dct/Fra/Ou_3278.html
141;141_98;ESTHETIQUE INDUSTRIELLE;terme_generique;141_87;CONCEPTION INDUSTRIELLE;https://aciege.org/Dct/Fra/Fra_141_87.html
141;141_98;ESTHETIQUE INDUSTRIELLE;employe_pour;De_2731;Design;https://aciege.org/Dct/Fra/De_2731.html
141;141_25;ETUDE DE CIRCUIT;terme_generique;141_35;BUREAU DES METHODES;https://aciege.org/Dct/Fra/Fra_141_35.html
141;141_76;ETUDE DE PRODUIT;terme_generique;141_75;BUREAU D'ETUDES;https://aciege.org/Dct/Fra/Fra_141_75.html
141;141_76;ETUDE DE PRODUIT;terme_specifique;141_99;CONDITIONNEMENT;https://aciege.org/Dct/Fra/Fra_141_99.html
141;141_76;ETUDE DE PRODUIT;terme_specifique;141_77;PRODUIT NOUVEAU;https://aciege.org/Dct/Fra/Fra_141_77.html
141;141_76;ETUDE DE PRODUIT;employe_pour;Pr_3366;Prototype;https://aciege.org/Dct/Fra/Pr_3366.html
141;141_24;ETUDE DES TEMPS;terme_generique;141_35;BUREAU DES METHODES;https://aciege.org/Dct/Fra/Fra_141_35.html
141;141_36;ETUDE DU TRAVAIL;terme_generique;141_55;GESTION DE LA PRODUCTION;https://aciege.org/Dct/Fra/Fra_141_55.html
141;141_10;EXPEDITION;terme_generique;141_20;ENTREPOT;https://aciege.org/Dct/Fra/Fra_141_20.html
141;141_52;FABRICATION;terme_generique;141_55;GESTION DE LA PRODUCTION;https://aciege.org/Dct/Fra/Fra_141_55.html
141;141_52;FABRICATION;terme_specifique;141_61;CFAO;https://aciege.org/Dct/Fra/Fra_141_61.html
141;141_52;FABRICATION;terme_specifique;141_62;CHAINE DE PRODUCTION;https://aciege.org/Dct/Fra/Fra_141_62.html
141;141_52;FABRICATION;terme_specifique;141_60;CHANTIER;https://aciege.org/Dct/Fra/Fra_141_60.html
141;141_52;FABRICATION;terme_specifique;141_51;USINE;https://aciege.org/Dct/Fra/Fra_141_51.html
141;141_55;GESTION DE LA PRODUCTION;terme_specifique;141_66;ANALYSE DE LA VALEUR;https://aciege.org/Dct/Fra/Fra_141_66.html
141;141_55;GESTION DE LA PRODUCTION;terme_specifique;141_35;BUREAU DES METHODES;https://aciege.org/Dct/Fra/Fra_141_35.html
141;141_55;GESTION DE LA PRODUCTION;terme_specifique;141_75;BUREAU D'ETUDES;https://aciege.org/Dct/Fra/Fra_141_75.html
141;141_55;GESTION DE LA PRODUCTION;terme_specifique;141_57;EQUIPEMENT;https://aciege.org/Dct/Fra/Fra_141_57.html
141;141_55;GESTION DE LA PRODUCTION;terme_specifique;141_36;ETUDE DU TRAVAIL;https://aciege.org/Dct/Fra/Fra_141_36.html
141;141_55;GESTION DE LA PRODUCTION;terme_specifique;141_52;FABRICATION;https://aciege.org/Dct/Fra/Fra_141_52.html
141;141_55;GESTION DE LA PRODUCTION;terme_specifique;141_63;GPAO;https://aciege.org/Dct/Fra/Fra_141_63.html
141;141_55;GESTION DE LA PRODUCTION;terme_specifique;141_28;JUSTE A TEMPS;https://aciege.org/Dct/Fra/Fra_141_28.html
141;141_55;GESTION DE LA PRODUCTION;terme_specifique;141_43;LOGISTIQUE;https://aciege.org/Dct/Fra/Fra_141_43.html
141;141_55;GESTION DE LA PRODUCTION;terme_specifique;141_53;PROCESSUS INDUSTRIEL;https://aciege.org/Dct/Fra/Fra_141_53.html
141;141_55;GESTION DE LA PRODUCTION;terme_specifique;141_64;STANDARDISATION;https://aciege.org/Dct/Fra/Fra_141_64.html
141;141_55;GESTION DE LA PRODUCTION;employe_pour;Ma_3147;Management des opérations;https://aciege.org/Dct/Fra/Ma_3147.html
141;141_01;GESTION DES STOCKS;terme_generique;141_22;ACHAT;https://aciege.org/Dct/Fra/Fra_141_22.html
141;141_01;GESTION DES STOCKS;terme_specifique;141_00;STOCKAGE;https://aciege.org/Dct/Fra/Fra_141_00.html
141;141_63;GPAO;terme_generique;141_55;GESTION DE LA PRODUCTION;https://aciege.org/Dct/Fra/Fra_141_55.html
141;141_63;GPAO;employe_pour;At_2487;Atelier flexible;https://aciege.org/Dct/Fra/At_2487.html
141;141_63;GPAO;employe_pour;Ge_2932;Gestion de la production assistée par ordinateur;https://aciege.org/Dct/Fra/Ge_2932.html
141;141_96;INGENIERIE;terme_generique;141_87;CONCEPTION INDUSTRIELLE;https://aciege.org/Dct/Fra/Fra_141_87.html
141;141_28;JUSTE A TEMPS;terme_generique;141_55;GESTION DE LA PRODUCTION;https://aciege.org/Dct/Fra/Fra_141_55.html
141;141_12;LIVRAISON;terme_generique;141_33;ORDONNANCEMENT;https://aciege.org/Dct/Fra/Fra_141_33.html
141;141_43;LOGISTIQUE;terme_generique;141_55;GESTION DE LA PRODUCTION;https://aciege.org/Dct/Fra/Fra_141_55.html
141;141_43;LOGISTIQUE;terme_specifique;141_34;CHAINE LOGISTIQUE;https://aciege.org/Dct/Fra/Fra_141_34.html
141;141_43;LOGISTIQUE;terme_specifique;141_33;ORDONNANCEMENT;https://aciege.org/Dct/Fra/Fra_141_33.html
141;141_79;MAINTENANCE;terme_generique;141_57;EQUIPEMENT;https://aciege.org/Dct/Fra/Fra_141_57.html
141;141_41;MANUTENTION;terme_generique;141_51;USINE;https://aciege.org/Dct/Fra/Fra_141_51.html
141;141_41;MANUTENTION;employe_pour;Pa_3290;Palette;https://aciege.org/Dct/Fra/Pa_3290.html
141;141_74;NORMALISATION;terme_generique;141_75;BUREAU D'ETUDES;https://aciege.org/Dct/Fra/Fra_141_75.html
141;141_33;ORDONNANCEMENT;terme_generique;141_43;LOGISTIQUE;https://aciege.org/Dct/Fra/Fra_141_43.html
141;141_33;ORDONNANCEMENT;terme_specifique;141_22;ACHAT;https://aciege.org/Dct/Fra/Fra_141_22.html
141;141_33;ORDONNANCEMENT;terme_specifique;141_13;DELAI;https://aciege.org/Dct/Fra/Fra_141_13.html
141;141_33;ORDONNANCEMENT;terme_specifique;141_32;DOCUMENT D'ATELIER;https://aciege.org/Dct/Fra/Fra_141_32.html
141;141_33;ORDONNANCEMENT;terme_specifique;141_12;LIVRAISON;https://aciege.org/Dct/Fra/Fra_141_12.html
141;141_33;ORDONNANCEMENT;terme_specifique;141_03;SERIE ECONOMIQUE DE LANCEMENT;https://aciege.org/Dct/Fra/Fra_141_03.html
141;141_33;ORDONNANCEMENT;employe_pour;Di_2734;Diagramme de Gantt;https://aciege.org/Dct/Fra/Di_2734.html
141;141_33;ORDONNANCEMENT;employe_pour;PE_3282;PERT;https://aciege.org/Dct/Fra/PE_3282.html
141;141_33;ORDONNANCEMENT;employe_pour;Pl_3320;Planning de la production;https://aciege.org/Dct/Fra/Pl_3320.html
141;141_33;ORDONNANCEMENT;employe_pour;Ta_3536;Tableau d'ordonnancement;https://aciege.org/Dct/Fra/Ta_3536.html
141;141_16;ORGANISATION DU TRAVAIL;terme_generique;141_35;BUREAU DES METHODES;https://aciege.org/Dct/Fra/Fra_141_35.html
141;141_16;ORGANISATION DU TRAVAIL;employe_pour;Eq_2849;Equipe autonome;https://aciege.org/Dct/Fra/Eq_2849.html
141;141_16;ORGANISATION DU TRAVAIL;employe_pour;Me_3217;Méthode d'organisation;https://aciege.org/Dct/Fra/Me_3217.html
141;141_16;ORGANISATION DU TRAVAIL;employe_pour;Or_3272;Organisation scientifique du travail;https://aciege.org/Dct/Fra/Or_3272.html
141;141_16;ORGANISATION DU TRAVAIL;employe_pour;Ta_3548;Taylorisme;https://aciege.org/Dct/Fra/Ta_3548.html
141;141_53;PROCESSUS INDUSTRIEL;terme_generique;141_55;GESTION DE LA PRODUCTION;https://aciege.org/Dct/Fra/Fra_141_55.html
141;141_92;PRODUIT FINI;terme_generique;141_82;PRODUIT MANUFACTURE;https://aciege.org/Dct/Fra/Fra_141_82.html
141;141_82;PRODUIT MANUFACTURE;terme_generique;141_62;CHAINE DE PRODUCTION;https://aciege.org/Dct/Fra/Fra_141_62.html
141;141_82;PRODUIT MANUFACTURE;terme_specifique;141_92;PRODUIT FINI;https://aciege.org/Dct/Fra/Fra_141_92.html
141;141_82;PRODUIT MANUFACTURE;terme_specifique;141_93;PRODUIT SEMI FINI;https://aciege.org/Dct/Fra/Fra_141_93.html
141;141_82;PRODUIT MANUFACTURE;terme_specifique;141_91;SOUS PRODUIT;https://aciege.org/Dct/Fra/Fra_141_91.html
141;141_77;PRODUIT NOUVEAU;terme_generique;141_76;ETUDE DE PRODUIT;https://aciege.org/Dct/Fra/Fra_141_76.html
141;141_93;PRODUIT SEMI FINI;terme_generique;141_82;PRODUIT MANUFACTURE;https://aciege.org/Dct/Fra/Fra_141_82.html
141;141_11;RECEPTION DES MARCHANDISES;terme_generique;141_22;ACHAT;https://aciege.org/Dct/Fra/Fra_141_22.html
141;141_11;RECEPTION DES MARCHANDISES;terme_specifique;141_20;ENTREPOT;https://aciege.org/Dct/Fra/Fra_141_20.html
141;141_03;SERIE ECONOMIQUE DE LANCEMENT;terme_generique;141_33;ORDONNANCEMENT;https://aciege.org/Dct/Fra/Fra_141_33.html
141;141_91;SOUS PRODUIT;terme_generique;141_82;PRODUIT MANUFACTURE;https://aciege.org/Dct/Fra/Fra_141_82.html
141;141_64;STANDARDISATION;terme_generique;141_55;GESTION DE LA PRODUCTION;https://aciege.org/Dct/Fra/Fra_141_55.html
141;141_00;STOCKAGE;terme_generique;141_01;GESTION DES STOCKS;https://aciege.org/Dct/Fra/Fra_141_01.html
141;141_14;TRACABILITE;terme_generique;141_34;CHAINE LOGISTIQUE;https://aciege.org/Dct/Fra/Fra_141_34.html
141;141_51;USINE;terme_generique;141_52;FABRICATION;https://aciege.org/Dct/Fra/Fra_141_52.html
141;141_51;USINE;terme_specifique;141_50;ATELIER;https://aciege.org/Dct/Fra/Fra_141_50.html
141;141_51;USINE;terme_specifique;141_41;MANUTENTION;https://aciege.org/Dct/Fra/Fra_141_41.html
141;141_59;USURE;terme_generique;141_57;EQUIPEMENT;https://aciege.org/Dct/Fra/Fra_141_57.html
141;141_59;USURE;employe_pour;Us_3615;Usure technique;https://aciege.org/Dct/Fra/Us_3615.html
142;142_70;ASSEMBLAGE;terme_generique;142_73;PROCEDE DE FABRICATION;https://aciege.org/Dct/Fra/Fra_142_73.html
142;142_70;ASSEMBLAGE;employe_pour;Mo_3200;Montage;https://aciege.org/Dct/Fra/Mo_3200.html
142;142_58;ASSURANCE QUALITE;terme_generique;142_68;CONTROLE QUALITE;https://aciege.org/Dct/Fra/Fra_142_68.html
142;142_58;ASSURANCE QUALITE;terme_specifique;142_48;CERTIFICATION;https://aciege.org/Dct/Fra/Fra_142_48.html
142;142_58;ASSURANCE QUALITE;employe_pour;La_3102;Labellisation;https://aciege.org/Dct/Fra/La_3102.html
142;142_45;AUTOMATISATION;terme_generique;142_55;TECHNIQUE INDUSTRIELLE;https://aciege.org/Dct/Fra/Fra_142_55.html
142;142_45;AUTOMATISATION;employe_pour;An_2431;Analyse automatique;https://aciege.org/Dct/Fra/An_2431.html
142;142_46;AUTOMATISME;terme_generique;142_55;TECHNIQUE INDUSTRIELLE;https://aciege.org/Dct/Fra/Fra_142_55.html
142;142_46;AUTOMATISME;terme_specifique;142_26;CAPTEUR;https://aciege.org/Dct/Fra/Fra_142_26.html
142;142_46;AUTOMATISME;terme_specifique;142_37;REGULATION AUTOMATIQUE;https://aciege.org/Dct/Fra/Fra_142_37.html
142;142_46;AUTOMATISME;terme_specifique;142_34;ROBOTIQUE;https://aciege.org/Dct/Fra/Fra_142_34.html
142;142_46;AUTOMATISME;employe_pour;As_2473;Asservissement;https://aciege.org/Dct/Fra/As_2473.html
142;142_26;CAPTEUR;terme_generique;142_46;AUTOMATISME;https://aciege.org/Dct/Fra/Fra_142_46.html
142;142_48;CERTIFICATION;terme_generique;142_58;ASSURANCE QUALITE;https://aciege.org/Dct/Fra/Fra_142_58.html
142;142_48;CERTIFICATION;employe_pour;Ac_2383;Accréditation;https://aciege.org/Dct/Fra/Ac_2383.html
142;142_63;COMMANDE;terme_generique;142_55;TECHNIQUE INDUSTRIELLE;https://aciege.org/Dct/Fra/Fra_142_55.html
142;142_63;COMMANDE;terme_specifique;142_61;COMMANDE NUMERIQUE;https://aciege.org/Dct/Fra/Fra_142_61.html
142;142_63;COMMANDE;employe_pour;Co_2633;Commande de machine;https://aciege.org/Dct/Fra/Co_2633.html
142;142_61;COMMANDE NUMERIQUE;terme_generique;142_63;COMMANDE;https://aciege.org/Dct/Fra/Fra_142_63.html
142;142_61;COMMANDE NUMERIQUE;employe_pour;Co_2634;Commande électronique;https://aciege.org/Dct/Fra/Co_2634.html
142;142_68;CONTROLE QUALITE;terme_generique;142_55;TECHNIQUE INDUSTRIELLE;https://aciege.org/Dct/Fra/Fra_142_55.html
142;142_68;CONTROLE QUALITE;terme_specifique;142_58;ASSURANCE QUALITE;https://aciege.org/Dct/Fra/Fra_142_58.html
142;142_68;CONTROLE QUALITE;terme_specifique;142_79;CONTROLE STATISTIQUE;https://aciege.org/Dct/Fra/Fra_142_79.html
142;142_68;CONTROLE QUALITE;terme_specifique;142_59;ESSAI TECHNIQUE;https://aciege.org/Dct/Fra/Fra_142_59.html
142;142_68;CONTROLE QUALITE;terme_specifique;142_69;FIABILITE;https://aciege.org/Dct/Fra/Fra_142_69.html
142;142_68;CONTROLE QUALITE;employe_pour;Hy_2968;Hygiène;https://aciege.org/Dct/Fra/Hy_2968.html
142;142_79;CONTROLE STATISTIQUE;terme_generique;142_68;CONTROLE QUALITE;https://aciege.org/Dct/Fra/Fra_142_68.html
142;142_59;ESSAI TECHNIQUE;terme_generique;142_68;CONTROLE QUALITE;https://aciege.org/Dct/Fra/Fra_142_68.html
142;142_69;FIABILITE;terme_generique;142_68;CONTROLE QUALITE;https://aciege.org/Dct/Fra/Fra_142_68.html
142;142_93;FORMAGE;terme_generique;142_73;PROCEDE DE FABRICATION;https://aciege.org/Dct/Fra/Fra_142_73.html
142;142_43;MACHINE;terme_generique;142_55;TECHNIQUE INDUSTRIELLE;https://aciege.org/Dct/Fra/Fra_142_55.html
142;142_43;MACHINE;terme_specifique;142_32;MACHINE OUTIL;https://aciege.org/Dct/Fra/Fra_142_32.html
142;142_43;MACHINE;terme_specifique;142_14;MACHINE SPECIALE;https://aciege.org/Dct/Fra/Fra_142_14.html
142;142_43;MACHINE;terme_specifique;142_24;MACHINE TRANSFERT;https://aciege.org/Dct/Fra/Fra_142_24.html
142;142_32;MACHINE OUTIL;terme_generique;142_43;MACHINE;https://aciege.org/Dct/Fra/Fra_142_43.html
142;142_14;MACHINE SPECIALE;terme_generique;142_43;MACHINE;https://aciege.org/Dct/Fra/Fra_142_43.html
142;142_24;MACHINE TRANSFERT;terme_generique;142_43;MACHINE;https://aciege.org/Dct/Fra/Fra_142_43.html
142;142_75;MATIERE PREMIERE;terme_generique;142_55;TECHNIQUE INDUSTRIELLE;https://aciege.org/Dct/Fra/Fra_142_55.html
142;142_75;MATIERE PREMIERE;terme_specifique;142_85;MINERAI;https://aciege.org/Dct/Fra/Fra_142_85.html
142;142_44;MECANISATION;terme_generique;142_55;TECHNIQUE INDUSTRIELLE;https://aciege.org/Dct/Fra/Fra_142_55.html
142;142_85;MINERAI;terme_generique;142_75;MATIERE PREMIERE;https://aciege.org/Dct/Fra/Fra_142_75.html
142;142_76;OUTILLAGE;terme_generique;142_55;TECHNIQUE INDUSTRIELLE;https://aciege.org/Dct/Fra/Fra_142_55.html
142;142_73;PROCEDE DE FABRICATION;terme_generique;142_55;TECHNIQUE INDUSTRIELLE;https://aciege.org/Dct/Fra/Fra_142_55.html
142;142_73;PROCEDE DE FABRICATION;terme_specifique;142_70;ASSEMBLAGE;https://aciege.org/Dct/Fra/Fra_142_70.html
142;142_73;PROCEDE DE FABRICATION;terme_specifique;142_93;FORMAGE;https://aciege.org/Dct/Fra/Fra_142_93.html
142;142_73;PROCEDE DE FABRICATION;terme_specifique;142_92;SOUDAGE;https://aciege.org/Dct/Fra/Fra_142_92.html
142;142_73;PROCEDE DE FABRICATION;terme_specifique;142_71;USINAGE;https://aciege.org/Dct/Fra/Fra_142_71.html
142;142_37;REGULATION AUTOMATIQUE;terme_generique;142_46;AUTOMATISME;https://aciege.org/Dct/Fra/Fra_142_46.html
142;142_37;REGULATION AUTOMATIQUE;terme_specifique;142_28;SERVOMECANISME;https://aciege.org/Dct/Fra/Fra_142_28.html
142;142_34;ROBOTIQUE;terme_generique;142_46;AUTOMATISME;https://aciege.org/Dct/Fra/Fra_142_46.html
142;142_28;SERVOMECANISME;terme_generique;142_37;REGULATION AUTOMATIQUE;https://aciege.org/Dct/Fra/Fra_142_37.html
142;142_92;SOUDAGE;terme_generique;142_73;PROCEDE DE FABRICATION;https://aciege.org/Dct/Fra/Fra_142_73.html
142;142_55;TECHNIQUE INDUSTRIELLE;terme_specifique;142_45;AUTOMATISATION;https://aciege.org/Dct/Fra/Fra_142_45.html
142;142_55;TECHNIQUE INDUSTRIELLE;terme_specifique;142_46;AUTOMATISME;https://aciege.org/Dct/Fra/Fra_142_46.html
142;142_55;TECHNIQUE INDUSTRIELLE;terme_specifique;142_63;COMMANDE;https://aciege.org/Dct/Fra/Fra_142_63.html
142;142_55;TECHNIQUE INDUSTRIELLE;terme_specifique;142_68;CONTROLE QUALITE;https://aciege.org/Dct/Fra/Fra_142_68.html
142;142_55;TECHNIQUE INDUSTRIELLE;terme_specifique;142_43;MACHINE;https://aciege.org/Dct/Fra/Fra_142_43.html
142;142_55;TECHNIQUE INDUSTRIELLE;terme_specifique;142_75;MATIERE PREMIERE;https://aciege.org/Dct/Fra/Fra_142_75.html
142;142_55;TECHNIQUE INDUSTRIELLE;terme_specifique;142_44;MECANISATION;https://aciege.org/Dct/Fra/Fra_142_44.html
142;142_55;TECHNIQUE INDUSTRIELLE;terme_specifique;142_76;OUTILLAGE;https://aciege.org/Dct/Fra/Fra_142_76.html
142;142_55;TECHNIQUE INDUSTRIELLE;terme_specifique;142_73;PROCEDE DE FABRICATION;https://aciege.org/Dct/Fra/Fra_142_73.html
142;142_71;USINAGE;terme_generique;142_73;PROCEDE DE FABRICATION;https://aciege.org/Dct/Fra/Fra_142_73.html
143;143_67;AEROPORT;terme_generique;143_57;TRANSPORT AERIEN;https://aciege.org/Dct/Fra/Fra_143_57.html
143;143_26;ARMATEUR;terme_generique;143_35;TRANSPORT MARITIME;https://aciege.org/Dct/Fra/Fra_143_35.html
143;143_50;AUTOBUS;terme_generique;143_61;TRANSPORT EN COMMUN;https://aciege.org/Dct/Fra/Fra_143_61.html
143;143_10;CAMION;terme_generique;143_21;TRANSPORT ROUTIER;https://aciege.org/Dct/Fra/Fra_143_21.html
143;143_69;CHARTER;terme_generique;143_57;TRANSPORT AERIEN;https://aciege.org/Dct/Fra/Fra_143_57.html
143;143_59;COMPAGNIE AERIENNE;terme_generique;143_57;TRANSPORT AERIEN;https://aciege.org/Dct/Fra/Fra_143_57.html
143;143_13;CONTENEUR;terme_generique;143_23;TRANSPORT DE MARCHANDISE;https://aciege.org/Dct/Fra/Fra_143_23.html
143;143_90;ENTREPRISE DE TRANSPORT;terme_generique;143_82;GESTION DES TRANSPORTS;https://aciege.org/Dct/Fra/Fra_143_82.html
143;143_90;ENTREPRISE DE TRANSPORT;employe_pour;Tr_3580;Transitaire;https://aciege.org/Dct/Fra/Tr_3580.html
143;143_27;FLOTTE;terme_generique;143_25;NAVIRE;https://aciege.org/Dct/Fra/Fra_143_25.html
143;143_82;GESTION DES TRANSPORTS;terme_generique;143_55;TRANSPORT;https://aciege.org/Dct/Fra/Fra_143_55.html
143;143_82;GESTION DES TRANSPORTS;terme_specifique;143_90;ENTREPRISE DE TRANSPORT;https://aciege.org/Dct/Fra/Fra_143_90.html
143;143_82;GESTION DES TRANSPORTS;terme_specifique;143_91;SECURITE DES TRANSPORTS;https://aciege.org/Dct/Fra/Fra_143_91.html
143;143_82;GESTION DES TRANSPORTS;employe_pour;Ma_3148;Management des transports;https://aciege.org/Dct/Fra/Ma_3148.html
143;143_82;GESTION DES TRANSPORTS;employe_pour;To_3571;Tournée de distribution;https://aciege.org/Dct/Fra/To_3571.html
143;143_53;METRO;terme_generique;143_61;TRANSPORT EN COMMUN;https://aciege.org/Dct/Fra/Fra_143_61.html
143;143_38;NAVIGATION INTERIEURE;terme_generique;143_55;TRANSPORT;https://aciege.org/Dct/Fra/Fra_143_55.html
143;143_38;NAVIGATION INTERIEURE;terme_specifique;143_37;PORT;https://aciege.org/Dct/Fra/Fra_143_37.html
143;143_38;NAVIGATION INTERIEURE;employe_pour;Ga_2921;Gabarit;https://aciege.org/Dct/Fra/Ga_2921.html
143;143_38;NAVIGATION INTERIEURE;employe_pour;Na_3225;Navigation fluviale;https://aciege.org/Dct/Fra/Na_3225.html
143;143_38;NAVIGATION INTERIEURE;employe_pour;Na_3226;Navigation par canaux;https://aciege.org/Dct/Fra/Na_3226.html
143;143_47;NAVIGATION SPATIALE;terme_generique;143_55;TRANSPORT;https://aciege.org/Dct/Fra/Fra_143_55.html
143;143_25;NAVIRE;terme_generique;143_35;TRANSPORT MARITIME;https://aciege.org/Dct/Fra/Fra_143_35.html
143;143_25;NAVIRE;terme_specifique;143_27;FLOTTE;https://aciege.org/Dct/Fra/Fra_143_27.html
143;143_25;NAVIRE;employe_pour;Mi_3194;Minéralier;https://aciege.org/Dct/Fra/Mi_3194.html
143;143_25;NAVIRE;employe_pour;Me_3212;Méthanier;https://aciege.org/Dct/Fra/Me_3212.html
143;143_25;NAVIRE;employe_pour;Na_3227;Navire porte conteneurs;https://aciege.org/Dct/Fra/Na_3227.html
143;143_25;NAVIRE;employe_pour;Pe_3390;Pétrolier;https://aciege.org/Dct/Fra/Pe_3390.html
143;143_41;PARC AUTOMOBILE;terme_generique;143_42;TRANSPORT TERRESTRE;https://aciege.org/Dct/Fra/Fra_143_42.html
143;143_41;PARC AUTOMOBILE;terme_specifique;143_40;VOITURE PARTICULIERE;https://aciege.org/Dct/Fra/Fra_143_40.html
143;143_30;PARKING;terme_generique;143_40;VOITURE PARTICULIERE;https://aciege.org/Dct/Fra/Fra_143_40.html
143;143_63;POLITIQUE DES TRANSPORTS;terme_generique;143_55;TRANSPORT;https://aciege.org/Dct/Fra/Fra_143_55.html
143;143_63;POLITIQUE DES TRANSPORTS;terme_specifique;143_61;TRANSPORT EN COMMUN;https://aciege.org/Dct/Fra/Fra_143_61.html
143;143_37;PORT;terme_generique;143_38;NAVIGATION INTERIEURE;https://aciege.org/Dct/Fra/Fra_143_38.html
143;143_91;SECURITE DES TRANSPORTS;terme_generique;143_82;GESTION DES TRANSPORTS;https://aciege.org/Dct/Fra/Fra_143_82.html
143;143_60;TRAMWAY;terme_generique;143_61;TRANSPORT EN COMMUN;https://aciege.org/Dct/Fra/Fra_143_61.html
143;143_55;TRANSPORT;terme_specifique;143_82;GESTION DES TRANSPORTS;https://aciege.org/Dct/Fra/Fra_143_82.html
143;143_55;TRANSPORT;terme_specifique;143_38;NAVIGATION INTERIEURE;https://aciege.org/Dct/Fra/Fra_143_38.html
143;143_55;TRANSPORT;terme_specifique;143_47;NAVIGATION SPATIALE;https://aciege.org/Dct/Fra/Fra_143_47.html
143;143_55;TRANSPORT;terme_specifique;143_63;POLITIQUE DES TRANSPORTS;https://aciege.org/Dct/Fra/Fra_143_63.html
143;143_55;TRANSPORT;terme_specifique;143_57;TRANSPORT AERIEN;https://aciege.org/Dct/Fra/Fra_143_57.html
143;143_55;TRANSPORT;terme_specifique;143_23;TRANSPORT DE MARCHANDISE;https://aciege.org/Dct/Fra/Fra_143_23.html
143;143_55;TRANSPORT;terme_specifique;143_33;TRANSPORT DE PASSAGER;https://aciege.org/Dct/Fra/Fra_143_33.html
143;143_55;TRANSPORT;terme_specifique;143_35;TRANSPORT MARITIME;https://aciege.org/Dct/Fra/Fra_143_35.html
143;143_55;TRANSPORT;terme_specifique;143_85;TRANSPORT PAR CANALISATION;https://aciege.org/Dct/Fra/Fra_143_85.html
143;143_55;TRANSPORT;terme_specifique;143_42;TRANSPORT TERRESTRE;https://aciege.org/Dct/Fra/Fra_143_42.html
143;143_55;TRANSPORT;terme_specifique;143_76;TUNNEL;https://aciege.org/Dct/Fra/Fra_143_76.html
143;143_57;TRANSPORT AERIEN;terme_generique;143_55;TRANSPORT;https://aciege.org/Dct/Fra/Fra_143_55.html
143;143_57;TRANSPORT AERIEN;terme_specifique;143_67;AEROPORT;https://aciege.org/Dct/Fra/Fra_143_67.html
143;143_57;TRANSPORT AERIEN;terme_specifique;143_69;CHARTER;https://aciege.org/Dct/Fra/Fra_143_69.html
143;143_57;TRANSPORT AERIEN;terme_specifique;143_59;COMPAGNIE AERIENNE;https://aciege.org/Dct/Fra/Fra_143_59.html
143;143_23;TRANSPORT DE MARCHANDISE;terme_generique;143_55;TRANSPORT;https://aciege.org/Dct/Fra/Fra_143_55.html
143;143_23;TRANSPORT DE MARCHANDISE;terme_specifique;143_13;CONTENEUR;https://aciege.org/Dct/Fra/Fra_143_13.html
143;143_23;TRANSPORT DE MARCHANDISE;employe_pour;Fr_2917;Frêt;https://aciege.org/Dct/Fra/Fr_2917.html
143;143_33;TRANSPORT DE PASSAGER;terme_generique;143_55;TRANSPORT;https://aciege.org/Dct/Fra/Fra_143_55.html
143;143_61;TRANSPORT EN COMMUN;terme_generique;143_63;POLITIQUE DES TRANSPORTS;https://aciege.org/Dct/Fra/Fra_143_63.html
143;143_61;TRANSPORT EN COMMUN;terme_specifique;143_50;AUTOBUS;https://aciege.org/Dct/Fra/Fra_143_50.html
143;143_61;TRANSPORT EN COMMUN;terme_specifique;143_53;METRO;https://aciege.org/Dct/Fra/Fra_143_53.html
143;143_61;TRANSPORT EN COMMUN;terme_specifique;143_60;TRAMWAY;https://aciege.org/Dct/Fra/Fra_143_60.html
143;143_61;TRANSPORT EN COMMUN;employe_pour;Tr_3584;Transport public;https://aciege.org/Dct/Fra/Tr_3584.html
143;143_12;TRANSPORT FERROVIAIRE;terme_generique;143_42;TRANSPORT TERRESTRE;https://aciege.org/Dct/Fra/Fra_143_42.html
143;143_12;TRANSPORT FERROVIAIRE;employe_pour;Co_2649;Compagnie de chemin de fer;https://aciege.org/Dct/Fra/Co_2649.html
143;143_12;TRANSPORT FERROVIAIRE;employe_pour;Tr_3582;Transport par chemin de fer;https://aciege.org/Dct/Fra/Tr_3582.html
143;143_35;TRANSPORT MARITIME;terme_generique;143_55;TRANSPORT;https://aciege.org/Dct/Fra/Fra_143_55.html
143;143_35;TRANSPORT MARITIME;terme_specifique;143_26;ARMATEUR;https://aciege.org/Dct/Fra/Fra_143_26.html
143;143_35;TRANSPORT MARITIME;terme_specifique;143_25;NAVIRE;https://aciege.org/Dct/Fra/Fra_143_25.html
143;143_85;TRANSPORT PAR CANALISATION;terme_generique;143_55;TRANSPORT;https://aciege.org/Dct/Fra/Fra_143_55.html
143;143_85;TRANSPORT PAR CANALISATION;employe_pour;Aq_2456;Aqueduc;https://aciege.org/Dct/Fra/Aq_2456.html
143;143_85;TRANSPORT PAR CANALISATION;employe_pour;Ga_2924;Gazoduc;https://aciege.org/Dct/Fra/Ga_2924.html
143;143_85;TRANSPORT PAR CANALISATION;employe_pour;Ol_3251;Oléoduc;https://aciege.org/Dct/Fra/Ol_3251.html
143;143_85;TRANSPORT PAR CANALISATION;employe_pour;Pi_3314;Pipe-line;https://aciege.org/Dct/Fra/Pi_3314.html
143;143_85;TRANSPORT PAR CANALISATION;employe_pour;Tr_3583;Transport par pipe-line;https://aciege.org/Dct/Fra/Tr_3583.html
143;143_21;TRANSPORT ROUTIER;terme_generique;143_42;TRANSPORT TERRESTRE;https://aciege.org/Dct/Fra/Fra_143_42.html
143;143_21;TRANSPORT ROUTIER;terme_specifique;143_10;CAMION;https://aciege.org/Dct/Fra/Fra_143_10.html
143;143_21;TRANSPORT ROUTIER;employe_pour;Re_3465;Réseau routier;https://aciege.org/Dct/Fra/Re_3465.html
143;143_42;TRANSPORT TERRESTRE;terme_generique;143_55;TRANSPORT;https://aciege.org/Dct/Fra/Fra_143_55.html
143;143_42;TRANSPORT TERRESTRE;terme_specifique;143_41;PARC AUTOMOBILE;https://aciege.org/Dct/Fra/Fra_143_41.html
143;143_42;TRANSPORT TERRESTRE;terme_specifique;143_12;TRANSPORT FERROVIAIRE;https://aciege.org/Dct/Fra/Fra_143_12.html
143;143_42;TRANSPORT TERRESTRE;terme_specifique;143_21;TRANSPORT ROUTIER;https://aciege.org/Dct/Fra/Fra_143_21.html
143;143_76;TUNNEL;terme_generique;143_55;TRANSPORT;https://aciege.org/Dct/Fra/Fra_143_55.html
143;143_40;VOITURE PARTICULIERE;terme_generique;143_41;PARC AUTOMOBILE;https://aciege.org/Dct/Fra/Fra_143_41.html
143;143_40;VOITURE PARTICULIERE;terme_specifique;143_30;PARKING;https://aciege.org/Dct/Fra/Fra_143_30.html
143;143_40;VOITURE PARTICULIERE;employe_pour;Au_2494;Automobile;https://aciege.org/Dct/Fra/Au_2494.html
151;151_35;BREVET;terme_generique;151_55;RECHERCHE ET DEVELOPPEMENT;https://aciege.org/Dct/Fra/Fra_151_55.html
151;151_84;CENTRE DE RECHERCHE;terme_generique;151_75;RECHERCHE;https://aciege.org/Dct/Fra/Fra_151_75.html
151;151_84;CENTRE DE RECHERCHE;employe_pour;La_3104;Laboratoire de recherche;https://aciege.org/Dct/Fra/La_3104.html
151;151_91;CHERCHEUR;terme_generique;151_75;RECHERCHE;https://aciege.org/Dct/Fra/Fra_151_75.html
151;151_43;COLLABORATION ENTREPRISE ENSEIGNEMENT;terme_generique;151_55;RECHERCHE ET DEVELOPPEMENT;https://aciege.org/Dct/Fra/Fra_151_55.html
151;151_66;CREATIVITE;terme_generique;151_55;RECHERCHE ET DEVELOPPEMENT;https://aciege.org/Dct/Fra/Fra_151_55.html
151;151_66;CREATIVITE;employe_pour;Cr_2712;Créatique;https://aciege.org/Dct/Fra/Cr_2712.html
151;151_66;CREATIVITE;employe_pour;Sy_3524;Synectique;https://aciege.org/Dct/Fra/Sy_3524.html
151;151_53;GESTION DE PROJET;terme_generique;151_55;RECHERCHE ET DEVELOPPEMENT;https://aciege.org/Dct/Fra/Fra_151_55.html
151;151_57;INNOVATION;terme_generique;151_55;RECHERCHE ET DEVELOPPEMENT;https://aciege.org/Dct/Fra/Fra_151_55.html
151;151_57;INNOVATION;terme_specifique;151_48;INNOVATION TECHNOLOGIQUE;https://aciege.org/Dct/Fra/Fra_151_48.html
151;151_48;INNOVATION TECHNOLOGIQUE;terme_generique;151_57;INNOVATION;https://aciege.org/Dct/Fra/Fra_151_57.html
151;151_95;METHODOLOGIE DE LA RECHERCHE;terme_generique;151_75;RECHERCHE;https://aciege.org/Dct/Fra/Fra_151_75.html
151;151_67;PROGRES TECHNIQUE;terme_generique;151_55;RECHERCHE ET DEVELOPPEMENT;https://aciege.org/Dct/Fra/Fra_151_55.html
151;151_67;PROGRES TECHNIQUE;terme_specifique;151_77;TECHNOLOGIE DE RUPTURE;https://aciege.org/Dct/Fra/Fra_151_77.html
151;151_75;RECHERCHE;terme_generique;151_55;RECHERCHE ET DEVELOPPEMENT;https://aciege.org/Dct/Fra/Fra_151_55.html
151;151_75;RECHERCHE;terme_specifique;151_84;CENTRE DE RECHERCHE;https://aciege.org/Dct/Fra/Fra_151_84.html
151;151_75;RECHERCHE;terme_specifique;151_91;CHERCHEUR;https://aciege.org/Dct/Fra/Fra_151_91.html
151;151_75;RECHERCHE;terme_specifique;151_95;METHODOLOGIE DE LA RECHERCHE;https://aciege.org/Dct/Fra/Fra_151_95.html
151;151_75;RECHERCHE;terme_specifique;151_86;RECHERCHE APPLIQUEE;https://aciege.org/Dct/Fra/Fra_151_86.html
151;151_75;RECHERCHE;terme_specifique;151_73;RECHERCHE FONDAMENTALE;https://aciege.org/Dct/Fra/Fra_151_73.html
151;151_75;RECHERCHE;employe_pour;Re_3410;Recherche académique;https://aciege.org/Dct/Fra/Re_3410.html
151;151_86;RECHERCHE APPLIQUEE;terme_generique;151_75;RECHERCHE;https://aciege.org/Dct/Fra/Fra_151_75.html
151;151_86;RECHERCHE APPLIQUEE;employe_pour;Re_3413;Recherche-action;https://aciege.org/Dct/Fra/Re_3413.html
151;151_55;RECHERCHE ET DEVELOPPEMENT;terme_specifique;151_35;BREVET;https://aciege.org/Dct/Fra/Fra_151_35.html
151;151_55;RECHERCHE ET DEVELOPPEMENT;terme_specifique;151_43;COLLABORATION ENTREPRISE ENSEIGNEMENT;https://aciege.org/Dct/Fra/Fra_151_43.html
151;151_55;RECHERCHE ET DEVELOPPEMENT;terme_specifique;151_66;CREATIVITE;https://aciege.org/Dct/Fra/Fra_151_66.html
151;151_55;RECHERCHE ET DEVELOPPEMENT;terme_specifique;151_53;GESTION DE PROJET;https://aciege.org/Dct/Fra/Fra_151_53.html
151;151_55;RECHERCHE ET DEVELOPPEMENT;terme_specifique;151_57;INNOVATION;https://aciege.org/Dct/Fra/Fra_151_57.html
151;151_55;RECHERCHE ET DEVELOPPEMENT;terme_specifique;151_67;PROGRES TECHNIQUE;https://aciege.org/Dct/Fra/Fra_151_67.html
151;151_55;RECHERCHE ET DEVELOPPEMENT;terme_specifique;151_75;RECHERCHE;https://aciege.org/Dct/Fra/Fra_151_75.html
151;151_55;RECHERCHE ET DEVELOPPEMENT;terme_specifique;151_61;RECHERCHE INTERCULTURELLE;https://aciege.org/Dct/Fra/Fra_151_61.html
151;151_55;RECHERCHE ET DEVELOPPEMENT;terme_specifique;151_36;RESSOURCE TECHNOLOGIQUE;https://aciege.org/Dct/Fra/Fra_151_36.html
151;151_55;RECHERCHE ET DEVELOPPEMENT;terme_specifique;151_68;RETARD TECHNOLOGIQUE;https://aciege.org/Dct/Fra/Fra_151_68.html
151;151_55;RECHERCHE ET DEVELOPPEMENT;terme_specifique;151_34;TRANSFERT DE TECHNOLOGIE;https://aciege.org/Dct/Fra/Fra_151_34.html
151;151_55;RECHERCHE ET DEVELOPPEMENT;terme_specifique;151_37;VEILLE TECHNOLOGIQUE;https://aciege.org/Dct/Fra/Fra_151_37.html
151;151_73;RECHERCHE FONDAMENTALE;terme_generique;151_75;RECHERCHE;https://aciege.org/Dct/Fra/Fra_151_75.html
151;151_61;RECHERCHE INTERCULTURELLE;terme_generique;151_55;RECHERCHE ET DEVELOPPEMENT;https://aciege.org/Dct/Fra/Fra_151_55.html
151;151_36;RESSOURCE TECHNOLOGIQUE;terme_generique;151_55;RECHERCHE ET DEVELOPPEMENT;https://aciege.org/Dct/Fra/Fra_151_55.html
151;151_68;RETARD TECHNOLOGIQUE;terme_generique;151_55;RECHERCHE ET DEVELOPPEMENT;https://aciege.org/Dct/Fra/Fra_151_55.html
151;151_77;TECHNOLOGIE DE RUPTURE;terme_generique;151_67;PROGRES TECHNIQUE;https://aciege.org/Dct/Fra/Fra_151_67.html
151;151_77;TECHNOLOGIE DE RUPTURE;employe_pour;Di_2745;Disruption;https://aciege.org/Dct/Fra/Di_2745.html
151;151_77;TECHNOLOGIE DE RUPTURE;employe_pour;In_3063;Innovation de rupture;https://aciege.org/Dct/Fra/In_3063.html
151;151_77;TECHNOLOGIE DE RUPTURE;employe_pour;In_3064;Innovation radicale;https://aciege.org/Dct/Fra/In_3064.html
151;151_34;TRANSFERT DE TECHNOLOGIE;terme_generique;151_55;RECHERCHE ET DEVELOPPEMENT;https://aciege.org/Dct/Fra/Fra_151_55.html
151;151_37;VEILLE TECHNOLOGIQUE;terme_generique;151_55;RECHERCHE ET DEVELOPPEMENT;https://aciege.org/Dct/Fra/Fra_151_55.html
152;152_20;ACIER;terme_generique;152_32;METAL;https://aciege.org/Dct/Fra/Fra_152_32.html
152;152_22;ALLIAGE;terme_generique;152_32;METAL;https://aciege.org/Dct/Fra/Fra_152_32.html
152;152_21;ALUMINIUM;terme_generique;152_32;METAL;https://aciege.org/Dct/Fra/Fra_152_32.html
152;152_27;APPAREILLAGE ELECTRIQUE;terme_generique;152_36;ELECTROTECHNIQUE;https://aciege.org/Dct/Fra/Fra_152_36.html
152;152_81;BIOCAPTEUR;terme_generique;152_73;BIOTECHNOLOGIE;https://aciege.org/Dct/Fra/Fra_152_73.html
152;152_62;BIOMATERIAU;terme_generique;152_73;BIOTECHNOLOGIE;https://aciege.org/Dct/Fra/Fra_152_73.html
152;152_73;BIOTECHNOLOGIE;terme_generique;152_55;TECHNOLOGIE;https://aciege.org/Dct/Fra/Fra_152_55.html
152;152_73;BIOTECHNOLOGIE;terme_specifique;152_81;BIOCAPTEUR;https://aciege.org/Dct/Fra/Fra_152_81.html
152;152_73;BIOTECHNOLOGIE;terme_specifique;152_62;BIOMATERIAU;https://aciege.org/Dct/Fra/Fra_152_62.html
152;152_30;CERAMIQUE;terme_generique;152_43;MATERIAU;https://aciege.org/Dct/Fra/Fra_152_43.html
152;152_31;CIMENT ET BETON;terme_generique;152_43;MATERIAU;https://aciege.org/Dct/Fra/Fra_152_43.html
152;152_47;COMPOSANT;terme_generique;152_57;ELECTRONIQUE;https://aciege.org/Dct/Fra/Fra_152_57.html
152;152_47;COMPOSANT;employe_pour;Ci_2619;Circuit intégré;https://aciege.org/Dct/Fra/Ci_2619.html
152;152_47;COMPOSANT;employe_pour;Co_2654;Composant discret;https://aciege.org/Dct/Fra/Co_2654.html
152;152_40;COMPOSITE;terme_generique;152_41;MATIERE PLASTIQUE;https://aciege.org/Dct/Fra/Fra_152_41.html
152;152_57;ELECTRONIQUE;terme_generique;152_55;TECHNOLOGIE;https://aciege.org/Dct/Fra/Fra_152_55.html
152;152_57;ELECTRONIQUE;terme_specifique;152_47;COMPOSANT;https://aciege.org/Dct/Fra/Fra_152_47.html
152;152_57;ELECTRONIQUE;terme_specifique;152_68;FIBRE OPTIQUE;https://aciege.org/Dct/Fra/Fra_152_68.html
152;152_36;ELECTROTECHNIQUE;terme_generique;152_55;TECHNOLOGIE;https://aciege.org/Dct/Fra/Fra_152_55.html
152;152_36;ELECTROTECHNIQUE;terme_specifique;152_27;APPAREILLAGE ELECTRIQUE;https://aciege.org/Dct/Fra/Fra_152_27.html
152;152_36;ELECTROTECHNIQUE;terme_specifique;152_26;MOTEUR ELECTRIQUE;https://aciege.org/Dct/Fra/Fra_152_26.html
152;152_68;FIBRE OPTIQUE;terme_generique;152_57;ELECTRONIQUE;https://aciege.org/Dct/Fra/Fra_152_57.html
152;152_50;FLUIDE;terme_generique;152_43;MATERIAU;https://aciege.org/Dct/Fra/Fra_152_43.html
152;152_53;HAUTE TECHNOLOGIE;terme_generique;152_55;TECHNOLOGIE;https://aciege.org/Dct/Fra/Fra_152_55.html
152;152_43;MATERIAU;terme_generique;152_55;TECHNOLOGIE;https://aciege.org/Dct/Fra/Fra_152_55.html
152;152_43;MATERIAU;terme_specifique;152_30;CERAMIQUE;https://aciege.org/Dct/Fra/Fra_152_30.html
152;152_43;MATERIAU;terme_specifique;152_31;CIMENT ET BETON;https://aciege.org/Dct/Fra/Fra_152_31.html
152;152_43;MATERIAU;terme_specifique;152_50;FLUIDE;https://aciege.org/Dct/Fra/Fra_152_50.html
152;152_43;MATERIAU;terme_specifique;152_41;MATIERE PLASTIQUE;https://aciege.org/Dct/Fra/Fra_152_41.html
152;152_43;MATERIAU;terme_specifique;152_52;MEMBRANE;https://aciege.org/Dct/Fra/Fra_152_52.html
152;152_43;MATERIAU;terme_specifique;152_32;METAL;https://aciege.org/Dct/Fra/Fra_152_32.html
152;152_43;MATERIAU;terme_specifique;152_51;VERRE;https://aciege.org/Dct/Fra/Fra_152_51.html
152;152_41;MATIERE PLASTIQUE;terme_generique;152_43;MATERIAU;https://aciege.org/Dct/Fra/Fra_152_43.html
152;152_41;MATIERE PLASTIQUE;terme_specifique;152_40;COMPOSITE;https://aciege.org/Dct/Fra/Fra_152_40.html
152;152_34;MECANIQUE;terme_generique;152_55;TECHNOLOGIE;https://aciege.org/Dct/Fra/Fra_152_55.html
152;152_34;MECANIQUE;terme_specifique;152_24;MOTEUR ET TURBINE;https://aciege.org/Dct/Fra/Fra_152_24.html
152;152_52;MEMBRANE;terme_generique;152_43;MATERIAU;https://aciege.org/Dct/Fra/Fra_152_43.html
152;152_32;METAL;terme_generique;152_43;MATERIAU;https://aciege.org/Dct/Fra/Fra_152_43.html
152;152_32;METAL;terme_specifique;152_20;ACIER;https://aciege.org/Dct/Fra/Fra_152_20.html
152;152_32;METAL;terme_specifique;152_22;ALLIAGE;https://aciege.org/Dct/Fra/Fra_152_22.html
152;152_32;METAL;terme_specifique;152_21;ALUMINIUM;https://aciege.org/Dct/Fra/Fra_152_21.html
152;152_32;METAL;terme_specifique;152_12;METAL NON FERREUX;https://aciege.org/Dct/Fra/Fra_152_12.html
152;152_32;METAL;terme_specifique;152_11;METAL PRECIEUX;https://aciege.org/Dct/Fra/Fra_152_11.html
152;152_12;METAL NON FERREUX;terme_generique;152_32;METAL;https://aciege.org/Dct/Fra/Fra_152_32.html
152;152_11;METAL PRECIEUX;terme_generique;152_32;METAL;https://aciege.org/Dct/Fra/Fra_152_32.html
152;152_26;MOTEUR ELECTRIQUE;terme_generique;152_36;ELECTROTECHNIQUE;https://aciege.org/Dct/Fra/Fra_152_36.html
152;152_24;MOTEUR ET TURBINE;terme_generique;152_34;MECANIQUE;https://aciege.org/Dct/Fra/Fra_152_34.html
152;152_84;NANOTECHNOLOGIE;terme_generique;152_55;TECHNOLOGIE;https://aciege.org/Dct/Fra/Fra_152_55.html
152;152_55;TECHNOLOGIE;terme_specifique;152_73;BIOTECHNOLOGIE;https://aciege.org/Dct/Fra/Fra_152_73.html
152;152_55;TECHNOLOGIE;terme_specifique;152_57;ELECTRONIQUE;https://aciege.org/Dct/Fra/Fra_152_57.html
152;152_55;TECHNOLOGIE;terme_specifique;152_36;ELECTROTECHNIQUE;https://aciege.org/Dct/Fra/Fra_152_36.html
152;152_55;TECHNOLOGIE;terme_specifique;152_53;HAUTE TECHNOLOGIE;https://aciege.org/Dct/Fra/Fra_152_53.html
152;152_55;TECHNOLOGIE;terme_specifique;152_43;MATERIAU;https://aciege.org/Dct/Fra/Fra_152_43.html
152;152_55;TECHNOLOGIE;terme_specifique;152_34;MECANIQUE;https://aciege.org/Dct/Fra/Fra_152_34.html
152;152_55;TECHNOLOGIE;terme_specifique;152_84;NANOTECHNOLOGIE;https://aciege.org/Dct/Fra/Fra_152_84.html
152;152_55;TECHNOLOGIE;terme_specifique;152_75;THERMODYNAMIQUE;https://aciege.org/Dct/Fra/Fra_152_75.html
152;152_75;THERMODYNAMIQUE;terme_generique;152_55;TECHNOLOGIE;https://aciege.org/Dct/Fra/Fra_152_55.html
152;152_51;VERRE;terme_generique;152_43;MATERIAU;https://aciege.org/Dct/Fra/Fra_152_43.html
161;161_62;BILAN DE COMPETENCES;terme_generique;161_55;GESTION DES RESSOURCES HUMAINES;https://aciege.org/Dct/Fra/Fra_161_55.html
161;161_22;CADRE;terme_generique;161_33;SALARIE;https://aciege.org/Dct/Fra/Fra_161_33.html
161;161_22;CADRE;terme_specifique;161_13;CADRE COMMERCIAL;https://aciege.org/Dct/Fra/Fra_161_13.html
161;161_22;CADRE;terme_specifique;161_03;CHEF DE SERVICE;https://aciege.org/Dct/Fra/Fra_161_03.html
161;161_22;CADRE;terme_specifique;161_01;INGENIEUR;https://aciege.org/Dct/Fra/Fra_161_01.html
161;161_22;CADRE;terme_specifique;161_00;MANAGER;https://aciege.org/Dct/Fra/Fra_161_00.html
161;161_22;CADRE;employe_pour;Ca_2558;Cadre intermédiaire;https://aciege.org/Dct/Fra/Ca_2558.html
161;161_13;CADRE COMMERCIAL;terme_generique;161_22;CADRE;https://aciege.org/Dct/Fra/Fra_161_22.html
161;161_44;CAPITAL HUMAIN;terme_generique;161_55;GESTION DES RESSOURCES HUMAINES;https://aciege.org/Dct/Fra/Fra_161_55.html
161;161_44;CAPITAL HUMAIN;employe_pour;Re_3433;Ressources humaines;https://aciege.org/Dct/Fra/Re_3433.html
161;161_64;CAPITAL INTELLECTUEL;terme_generique;161_55;GESTION DES RESSOURCES HUMAINES;https://aciege.org/Dct/Fra/Fra_161_55.html
161;161_64;CAPITAL INTELLECTUEL;employe_pour;Re_3431;Ressource intellectuelle;https://aciege.org/Dct/Fra/Re_3431.html
161;161_43;CAPITAL SOCIAL;terme_generique;161_55;GESTION DES RESSOURCES HUMAINES;https://aciege.org/Dct/Fra/Fra_161_55.html
161;161_43;CAPITAL SOCIAL;employe_pour;Re_3464;Réseau personnel;https://aciege.org/Dct/Fra/Re_3464.html
161;161_75;CARRIERE;terme_generique;161_55;GESTION DES RESSOURCES HUMAINES;https://aciege.org/Dct/Fra/Fra_161_55.html
161;161_75;CARRIERE;employe_pour;An_2449;Ancienneté;https://aciege.org/Dct/Fra/An_2449.html
161;161_75;CARRIERE;employe_pour;Ch_2609;Changement de métier;https://aciege.org/Dct/Fra/Ch_2609.html
161;161_75;CARRIERE;employe_pour;Pl_3316;Plan de carrière;https://aciege.org/Dct/Fra/Pl_3316.html
161;161_75;CARRIERE;employe_pour;Pr_3361;Projet professionnel;https://aciege.org/Dct/Fra/Pr_3361.html
161;161_75;CARRIERE;employe_pour;Re_3414;Reconversion professionnelle;https://aciege.org/Dct/Fra/Re_3414.html
161;161_03;CHEF DE SERVICE;terme_generique;161_22;CADRE;https://aciege.org/Dct/Fra/Fra_161_22.html
161;161_74;COMPETENCE;terme_generique;161_55;GESTION DES RESSOURCES HUMAINES;https://aciege.org/Dct/Fra/Fra_161_55.html
161;161_74;COMPETENCE;terme_specifique;161_84;QUALIFICATION;https://aciege.org/Dct/Fra/Fra_161_84.html
161;161_14;CONTREMAITRE;terme_generique;161_33;SALARIE;https://aciege.org/Dct/Fra/Fra_161_33.html
161;161_89;DEFINITION DES TACHES;terme_generique;161_78;EMBAUCHE;https://aciege.org/Dct/Fra/Fra_161_78.html
161;161_89;DEFINITION DES TACHES;employe_pour;De_2730;Description de poste;https://aciege.org/Dct/Fra/De_2730.html
161;161_77;EFFECTIF DE L'ENTREPRISE;terme_generique;161_55;GESTION DES RESSOURCES HUMAINES;https://aciege.org/Dct/Fra/Fra_161_55.html
161;161_78;EMBAUCHE;terme_generique;161_55;GESTION DES RESSOURCES HUMAINES;https://aciege.org/Dct/Fra/Fra_161_55.html
161;161_78;EMBAUCHE;terme_specifique;161_89;DEFINITION DES TACHES;https://aciege.org/Dct/Fra/Fra_161_89.html
161;161_78;EMBAUCHE;terme_specifique;161_79;INSERTION PROFESSIONNELLE;https://aciege.org/Dct/Fra/Fra_161_79.html
161;161_78;EMBAUCHE;terme_specifique;161_88;SELECTION PROFESSIONNELLE;https://aciege.org/Dct/Fra/Fra_161_88.html
161;161_78;EMBAUCHE;employe_pour;Me_3216;Méthode d'embauche;https://aciege.org/Dct/Fra/Me_3216.html
161;161_78;EMBAUCHE;employe_pour;Qu_3396;Questionnaire d'embauche;https://aciege.org/Dct/Fra/Qu_3396.html
161;161_78;EMBAUCHE;employe_pour;Re_3416;Recrutement;https://aciege.org/Dct/Fra/Re_3416.html
161;161_31;EMPLOYE;terme_generique;161_33;SALARIE;https://aciege.org/Dct/Fra/Fra_161_33.html
161;161_91;ENRICHISSEMENT DES TACHES;terme_generique;161_73;POSTE DE TRAVAIL;https://aciege.org/Dct/Fra/Fra_161_73.html
161;161_91;ENRICHISSEMENT DES TACHES;employe_pour;El_2819;Elargissement des tâches;https://aciege.org/Dct/Fra/El_2819.html
161;161_99;ENTRETIEN D'EMBAUCHE;terme_generique;161_88;SELECTION PROFESSIONNELLE;https://aciege.org/Dct/Fra/Fra_161_88.html
161;161_82;EPARGNE SALARIALE;terme_generique;161_71;REMUNERATION;https://aciege.org/Dct/Fra/Fra_161_71.html
161;161_82;EPARGNE SALARIALE;terme_specifique;161_90;INTERESSEMENT;https://aciege.org/Dct/Fra/Fra_161_90.html
161;161_82;EPARGNE SALARIALE;terme_specifique;161_81;PARTICIPATION;https://aciege.org/Dct/Fra/Fra_161_81.html
161;161_82;EPARGNE SALARIALE;terme_specifique;161_80;PLAN EPARGNE ENTREPRISE;https://aciege.org/Dct/Fra/Fra_161_80.html
161;161_82;EPARGNE SALARIALE;terme_specifique;161_92;STOCK OPTION;https://aciege.org/Dct/Fra/Fra_161_92.html
161;161_93;ETUDE DE POSTE;terme_generique;161_73;POSTE DE TRAVAIL;https://aciege.org/Dct/Fra/Fra_161_73.html
161;161_53;EVALUATION DU PERSONNEL;terme_generique;161_55;GESTION DES RESSOURCES HUMAINES;https://aciege.org/Dct/Fra/Fra_161_55.html
161;161_53;EVALUATION DU PERSONNEL;terme_specifique;161_52;PROMOTION PROFESSIONNELLE;https://aciege.org/Dct/Fra/Fra_161_52.html
161;161_53;EVALUATION DU PERSONNEL;employe_pour;En_2844;Entretien d'évaluation;https://aciege.org/Dct/Fra/En_2844.html
161;161_30;FONCTIONNAIRE;terme_generique;161_33;SALARIE;https://aciege.org/Dct/Fra/Fra_161_33.html
161;161_42;GESTION D'EQUIPE;terme_generique;161_55;GESTION DES RESSOURCES HUMAINES;https://aciege.org/Dct/Fra/Fra_161_55.html
161;161_95;GESTION DES AGES;terme_generique;161_85;GESTION PREVISIONNELLE DES EMPLOIS;https://aciege.org/Dct/Fra/Fra_161_85.html
161;161_55;GESTION DES RESSOURCES HUMAINES;terme_specifique;161_62;BILAN DE COMPETENCES;https://aciege.org/Dct/Fra/Fra_161_62.html
161;161_55;GESTION DES RESSOURCES HUMAINES;terme_specifique;161_44;CAPITAL HUMAIN;https://aciege.org/Dct/Fra/Fra_161_44.html
161;161_55;GESTION DES RESSOURCES HUMAINES;terme_specifique;161_64;CAPITAL INTELLECTUEL;https://aciege.org/Dct/Fra/Fra_161_64.html
161;161_55;GESTION DES RESSOURCES HUMAINES;terme_specifique;161_43;CAPITAL SOCIAL;https://aciege.org/Dct/Fra/Fra_161_43.html
161;161_55;GESTION DES RESSOURCES HUMAINES;terme_specifique;161_75;CARRIERE;https://aciege.org/Dct/Fra/Fra_161_75.html
161;161_55;GESTION DES RESSOURCES HUMAINES;terme_specifique;161_74;COMPETENCE;https://aciege.org/Dct/Fra/Fra_161_74.html
161;161_55;GESTION DES RESSOURCES HUMAINES;terme_specifique;161_77;EFFECTIF DE L'ENTREPRISE;https://aciege.org/Dct/Fra/Fra_161_77.html
161;161_55;GESTION DES RESSOURCES HUMAINES;terme_specifique;161_78;EMBAUCHE;https://aciege.org/Dct/Fra/Fra_161_78.html
161;161_55;GESTION DES RESSOURCES HUMAINES;terme_specifique;161_53;EVALUATION DU PERSONNEL;https://aciege.org/Dct/Fra/Fra_161_53.html
161;161_55;GESTION DES RESSOURCES HUMAINES;terme_specifique;161_42;GESTION D'EQUIPE;https://aciege.org/Dct/Fra/Fra_161_42.html
161;161_55;GESTION DES RESSOURCES HUMAINES;terme_specifique;161_85;GESTION PREVISIONNELLE DES EMPLOIS;https://aciege.org/Dct/Fra/Fra_161_85.html
161;161_55;GESTION DES RESSOURCES HUMAINES;terme_specifique;161_86;LICENCIEMENT;https://aciege.org/Dct/Fra/Fra_161_86.html
161;161_55;GESTION DES RESSOURCES HUMAINES;terme_specifique;161_37;MAIN D'OEUVRE;https://aciege.org/Dct/Fra/Fra_161_37.html
161;161_55;GESTION DES RESSOURCES HUMAINES;terme_specifique;161_73;POSTE DE TRAVAIL;https://aciege.org/Dct/Fra/Fra_161_73.html
161;161_55;GESTION DES RESSOURCES HUMAINES;terme_specifique;161_35;PROFESSION;https://aciege.org/Dct/Fra/Fra_161_35.html
161;161_55;GESTION DES RESSOURCES HUMAINES;terme_specifique;161_67;RECHERCHE D'EMPLOI;https://aciege.org/Dct/Fra/Fra_161_67.html
161;161_55;GESTION DES RESSOURCES HUMAINES;terme_specifique;161_71;REMUNERATION;https://aciege.org/Dct/Fra/Fra_161_71.html
161;161_55;GESTION DES RESSOURCES HUMAINES;terme_specifique;161_87;ROTATION DU PERSONNEL;https://aciege.org/Dct/Fra/Fra_161_87.html
161;161_55;GESTION DES RESSOURCES HUMAINES;terme_specifique;161_33;SALARIE;https://aciege.org/Dct/Fra/Fra_161_33.html
161;161_55;GESTION DES RESSOURCES HUMAINES;terme_specifique;161_48;TRAVAIL A DISTANCE;https://aciege.org/Dct/Fra/Fra_161_48.html
161;161_55;GESTION DES RESSOURCES HUMAINES;terme_specifique;161_68;TRAVAIL A TEMPS PARTIEL;https://aciege.org/Dct/Fra/Fra_161_68.html
161;161_55;GESTION DES RESSOURCES HUMAINES;terme_specifique;161_58;TRAVAIL TEMPORAIRE;https://aciege.org/Dct/Fra/Fra_161_58.html
161;161_55;GESTION DES RESSOURCES HUMAINES;employe_pour;Ge_2934;Gestion du personnel;https://aciege.org/Dct/Fra/Ge_2934.html
161;161_55;GESTION DES RESSOURCES HUMAINES;employe_pour;Ge_2936;Gestion internationale du personnel;https://aciege.org/Dct/Fra/Ge_2936.html
161;161_55;GESTION DES RESSOURCES HUMAINES;employe_pour;Mu_3206;Mutation du personnel;https://aciege.org/Dct/Fra/Mu_3206.html
161;161_55;GESTION DES RESSOURCES HUMAINES;employe_pour;Po_3326;Politique du personnel;https://aciege.org/Dct/Fra/Po_3326.html
161;161_85;GESTION PREVISIONNELLE DES EMPLOIS;terme_generique;161_55;GESTION DES RESSOURCES HUMAINES;https://aciege.org/Dct/Fra/Fra_161_55.html
161;161_85;GESTION PREVISIONNELLE DES EMPLOIS;terme_specifique;161_95;GESTION DES AGES;https://aciege.org/Dct/Fra/Fra_161_95.html
161;161_85;GESTION PREVISIONNELLE DES EMPLOIS;employe_pour;GP_2919;GPEC;https://aciege.org/Dct/Fra/GP_2919.html
161;161_01;INGENIEUR;terme_generique;161_22;CADRE;https://aciege.org/Dct/Fra/Fra_161_22.html
161;161_79;INSERTION PROFESSIONNELLE;terme_generique;161_78;EMBAUCHE;https://aciege.org/Dct/Fra/Fra_161_78.html
161;161_79;INSERTION PROFESSIONNELLE;employe_pour;In_3085;Intégration du personnel;https://aciege.org/Dct/Fra/In_3085.html
161;161_90;INTERESSEMENT;terme_generique;161_82;EPARGNE SALARIALE;https://aciege.org/Dct/Fra/Fra_161_82.html
161;161_86;LICENCIEMENT;terme_generique;161_55;GESTION DES RESSOURCES HUMAINES;https://aciege.org/Dct/Fra/Fra_161_55.html
161;161_86;LICENCIEMENT;employe_pour;Ou_3276;Out placement;https://aciege.org/Dct/Fra/Ou_3276.html
161;161_86;LICENCIEMENT;employe_pour;Pl_3317;Plan social;https://aciege.org/Dct/Fra/Pl_3317.html
161;161_37;MAIN D'OEUVRE;terme_generique;161_55;GESTION DES RESSOURCES HUMAINES;https://aciege.org/Dct/Fra/Fra_161_55.html
161;161_00;MANAGER;terme_generique;161_22;CADRE;https://aciege.org/Dct/Fra/Fra_161_22.html
161;161_00;MANAGER;employe_pour;Di_2736;Directeur;https://aciege.org/Dct/Fra/Di_2736.html
161;161_28;MANOEUVRE;terme_generique;161_26;OUVRIER;https://aciege.org/Dct/Fra/Fra_161_26.html
161;161_26;OUVRIER;terme_generique;161_33;SALARIE;https://aciege.org/Dct/Fra/Fra_161_33.html
161;161_26;OUVRIER;terme_specifique;161_28;MANOEUVRE;https://aciege.org/Dct/Fra/Fra_161_28.html
161;161_26;OUVRIER;terme_specifique;161_08;OUVRIER QUALIFIE;https://aciege.org/Dct/Fra/Fra_161_08.html
161;161_26;OUVRIER;terme_specifique;161_19;OUVRIER SPECIALISE;https://aciege.org/Dct/Fra/Fra_161_19.html
161;161_08;OUVRIER QUALIFIE;terme_generique;161_26;OUVRIER;https://aciege.org/Dct/Fra/Fra_161_26.html
161;161_19;OUVRIER SPECIALISE;terme_generique;161_26;OUVRIER;https://aciege.org/Dct/Fra/Fra_161_26.html
161;161_19;OUVRIER SPECIALISE;employe_pour;OS_3241;OS;https://aciege.org/Dct/Fra/OS_3241.html
161;161_81;PARTICIPATION;terme_generique;161_82;EPARGNE SALARIALE;https://aciege.org/Dct/Fra/Fra_161_82.html
161;161_80;PLAN EPARGNE ENTREPRISE;terme_generique;161_82;EPARGNE SALARIALE;https://aciege.org/Dct/Fra/Fra_161_82.html
161;161_73;POSTE DE TRAVAIL;terme_generique;161_55;GESTION DES RESSOURCES HUMAINES;https://aciege.org/Dct/Fra/Fra_161_55.html
161;161_73;POSTE DE TRAVAIL;terme_specifique;161_91;ENRICHISSEMENT DES TACHES;https://aciege.org/Dct/Fra/Fra_161_91.html
161;161_73;POSTE DE TRAVAIL;terme_specifique;161_93;ETUDE DE POSTE;https://aciege.org/Dct/Fra/Fra_161_93.html
161;161_35;PROFESSION;terme_generique;161_55;GESTION DES RESSOURCES HUMAINES;https://aciege.org/Dct/Fra/Fra_161_55.html
161;161_35;PROFESSION;employe_pour;Me_3219;Métier;https://aciege.org/Dct/Fra/Me_3219.html
161;161_52;PROMOTION PROFESSIONNELLE;terme_generique;161_53;EVALUATION DU PERSONNEL;https://aciege.org/Dct/Fra/Fra_161_53.html
161;161_84;QUALIFICATION;terme_generique;161_74;COMPETENCE;https://aciege.org/Dct/Fra/Fra_161_74.html
161;161_67;RECHERCHE D'EMPLOI;terme_generique;161_55;GESTION DES RESSOURCES HUMAINES;https://aciege.org/Dct/Fra/Fra_161_55.html
161;161_67;RECHERCHE D'EMPLOI;employe_pour;CV_2554;CV;https://aciege.org/Dct/Fra/CV_2554.html
161;161_67;RECHERCHE D'EMPLOI;employe_pour;Cu_2720;Curriculum vitae;https://aciege.org/Dct/Fra/Cu_2720.html
161;161_67;RECHERCHE D'EMPLOI;employe_pour;Le_3113;Lettre de candidature;https://aciege.org/Dct/Fra/Le_3113.html
161;161_71;REMUNERATION;terme_generique;161_55;GESTION DES RESSOURCES HUMAINES;https://aciege.org/Dct/Fra/Fra_161_55.html
161;161_71;REMUNERATION;terme_specifique;161_82;EPARGNE SALARIALE;https://aciege.org/Dct/Fra/Fra_161_82.html
161;161_71;REMUNERATION;terme_specifique;161_70;SALAIRE GARANTI;https://aciege.org/Dct/Fra/Fra_161_70.html
161;161_71;REMUNERATION;employe_pour;Sa_3485;Salaire;https://aciege.org/Dct/Fra/Sa_3485.html
161;161_87;ROTATION DU PERSONNEL;terme_generique;161_55;GESTION DES RESSOURCES HUMAINES;https://aciege.org/Dct/Fra/Fra_161_55.html
161;161_87;ROTATION DU PERSONNEL;employe_pour;Tu_3595;Turnover;https://aciege.org/Dct/Fra/Tu_3595.html
161;161_70;SALAIRE GARANTI;terme_generique;161_71;REMUNERATION;https://aciege.org/Dct/Fra/Fra_161_71.html
161;161_70;SALAIRE GARANTI;employe_pour;SM_3477;SMIC;https://aciege.org/Dct/Fra/SM_3477.html
161;161_33;SALARIE;terme_generique;161_55;GESTION DES RESSOURCES HUMAINES;https://aciege.org/Dct/Fra/Fra_161_55.html
161;161_33;SALARIE;terme_specifique;161_22;CADRE;https://aciege.org/Dct/Fra/Fra_161_22.html
161;161_33;SALARIE;terme_specifique;161_14;CONTREMAITRE;https://aciege.org/Dct/Fra/Fra_161_14.html
161;161_33;SALARIE;terme_specifique;161_31;EMPLOYE;https://aciege.org/Dct/Fra/Fra_161_31.html
161;161_33;SALARIE;terme_specifique;161_30;FONCTIONNAIRE;https://aciege.org/Dct/Fra/Fra_161_30.html
161;161_33;SALARIE;terme_specifique;161_26;OUVRIER;https://aciege.org/Dct/Fra/Fra_161_26.html
161;161_33;SALARIE;terme_specifique;161_05;TECHNICIEN;https://aciege.org/Dct/Fra/Fra_161_05.html
161;161_88;SELECTION PROFESSIONNELLE;terme_generique;161_78;EMBAUCHE;https://aciege.org/Dct/Fra/Fra_161_78.html
161;161_88;SELECTION PROFESSIONNELLE;terme_specifique;161_99;ENTRETIEN D'EMBAUCHE;https://aciege.org/Dct/Fra/Fra_161_99.html
161;161_88;SELECTION PROFESSIONNELLE;employe_pour;Or_3274;Organisme de sélection professionnelle;https://aciege.org/Dct/Fra/Or_3274.html
161;161_88;SELECTION PROFESSIONNELLE;employe_pour;Te_3554;Test d'embauche;https://aciege.org/Dct/Fra/Te_3554.html
161;161_92;STOCK OPTION;terme_generique;161_82;EPARGNE SALARIALE;https://aciege.org/Dct/Fra/Fra_161_82.html
161;161_05;TECHNICIEN;terme_generique;161_33;SALARIE;https://aciege.org/Dct/Fra/Fra_161_33.html
161;161_48;TRAVAIL A DISTANCE;terme_generique;161_55;GESTION DES RESSOURCES HUMAINES;https://aciege.org/Dct/Fra/Fra_161_55.html
161;161_48;TRAVAIL A DISTANCE;employe_pour;Te_3603;Télétravail;https://aciege.org/Dct/Fra/Te_3603.html
161;161_68;TRAVAIL A TEMPS PARTIEL;terme_generique;161_55;GESTION DES RESSOURCES HUMAINES;https://aciege.org/Dct/Fra/Fra_161_55.html
161;161_58;TRAVAIL TEMPORAIRE;terme_generique;161_55;GESTION DES RESSOURCES HUMAINES;https://aciege.org/Dct/Fra/Fra_161_55.html
161;161_58;TRAVAIL TEMPORAIRE;employe_pour;In_3089;Intérim;https://aciege.org/Dct/Fra/In_3089.html
161;161_58;TRAVAIL TEMPORAIRE;employe_pour;Ma_3144;Main d'oeuvre temporaire;https://aciege.org/Dct/Fra/Ma_3144.html
162;162_20;ABSENTEISME;terme_generique;162_54;REGLEMENT INTERIEUR;https://aciege.org/Dct/Fra/Fra_162_54.html
162;162_40;ACCIDENT DU TRAVAIL;terme_generique;162_52;SECURITE AU TRAVAIL;https://aciege.org/Dct/Fra/Fra_162_52.html
162;162_72;AMENAGEMENT DES LOCAUX;terme_generique;162_63;CONDITIONS DE TRAVAIL;https://aciege.org/Dct/Fra/Fra_162_63.html
162;162_94;AMENAGEMENT DU TEMPS DE TRAVAIL;terme_generique;162_83;DUREE DU TRAVAIL;https://aciege.org/Dct/Fra/Fra_162_83.html
162;162_14;ARBITRAGE;terme_generique;162_23;REVENDICATION;https://aciege.org/Dct/Fra/Fra_162_23.html
162;162_14;ARBITRAGE;employe_pour;Me_3209;Médiation;https://aciege.org/Dct/Fra/Me_3209.html
162;162_87;AUDIT SOCIAL;terme_generique;162_76;CLIMAT SOCIAL DE L'ENTREPRISE;https://aciege.org/Dct/Fra/Fra_162_76.html
162;162_87;AUDIT SOCIAL;terme_specifique;162_97;BILAN SOCIAL;https://aciege.org/Dct/Fra/Fra_162_97.html
162;162_97;BILAN SOCIAL;terme_generique;162_87;AUDIT SOCIAL;https://aciege.org/Dct/Fra/Fra_162_87.html
162;162_97;BILAN SOCIAL;employe_pour;Bi_2526;Bilan humain;https://aciege.org/Dct/Fra/Bi_2526.html
162;162_97;BILAN SOCIAL;employe_pour;Co_2659;Comptabilité sociale;https://aciege.org/Dct/Fra/Co_2659.html
162;162_76;CLIMAT SOCIAL DE L'ENTREPRISE;terme_generique;162_55;RELATIONS DU TRAVAIL;https://aciege.org/Dct/Fra/Fra_162_55.html
162;162_76;CLIMAT SOCIAL DE L'ENTREPRISE;terme_specifique;162_87;AUDIT SOCIAL;https://aciege.org/Dct/Fra/Fra_162_87.html
162;162_17;COGESTION;terme_generique;162_37;EXPRESSION DES SALARIES;https://aciege.org/Dct/Fra/Fra_162_37.html
162;162_17;COGESTION;employe_pour;Au_2493;Autogestion;https://aciege.org/Dct/Fra/Au_2493.html
162;162_28;COMITE D'ENTREPRISE;terme_generique;162_38;REPRESENTATION DES SALARIES;https://aciege.org/Dct/Fra/Fra_162_38.html
162;162_63;CONDITIONS DE TRAVAIL;terme_generique;162_55;RELATIONS DU TRAVAIL;https://aciege.org/Dct/Fra/Fra_162_55.html
162;162_63;CONDITIONS DE TRAVAIL;terme_specifique;162_72;AMENAGEMENT DES LOCAUX;https://aciege.org/Dct/Fra/Fra_162_72.html
162;162_63;CONDITIONS DE TRAVAIL;terme_specifique;162_83;DUREE DU TRAVAIL;https://aciege.org/Dct/Fra/Fra_162_83.html
162;162_63;CONDITIONS DE TRAVAIL;terme_specifique;162_62;ERGONOMIE;https://aciege.org/Dct/Fra/Fra_162_62.html
162;162_63;CONDITIONS DE TRAVAIL;terme_specifique;162_85;FATIGUE;https://aciege.org/Dct/Fra/Fra_162_85.html
162;162_63;CONDITIONS DE TRAVAIL;terme_specifique;162_84;HORAIRE VARIABLE;https://aciege.org/Dct/Fra/Fra_162_84.html
162;162_63;CONDITIONS DE TRAVAIL;terme_specifique;162_52;SECURITE AU TRAVAIL;https://aciege.org/Dct/Fra/Fra_162_52.html
162;162_63;CONDITIONS DE TRAVAIL;terme_specifique;162_91;TRAVAIL DE NUIT;https://aciege.org/Dct/Fra/Fra_162_91.html
162;162_63;CONDITIONS DE TRAVAIL;terme_specifique;162_92;TRAVAIL POSTE;https://aciege.org/Dct/Fra/Fra_162_92.html
162;162_63;CONDITIONS DE TRAVAIL;employe_pour;Am_2430;Ambiance;https://aciege.org/Dct/Fra/Am_2430.html
162;162_63;CONDITIONS DE TRAVAIL;employe_pour;Ch_2612;Chauffage;https://aciege.org/Dct/Fra/Ch_2612.html
162;162_63;CONDITIONS DE TRAVAIL;employe_pour;Co_2676;Conditionnement d'air;https://aciege.org/Dct/Fra/Co_2676.html
162;162_63;CONDITIONS DE TRAVAIL;employe_pour;Co_2699;Couleur;https://aciege.org/Dct/Fra/Co_2699.html
162;162_63;CONDITIONS DE TRAVAIL;employe_pour;Ec_2802;Eclairage;https://aciege.org/Dct/Fra/Ec_2802.html
162;162_63;CONDITIONS DE TRAVAIL;employe_pour;So_3508;Sonorisation;https://aciege.org/Dct/Fra/So_3508.html
162;162_44;CONFLIT DU TRAVAIL;terme_generique;162_55;RELATIONS DU TRAVAIL;https://aciege.org/Dct/Fra/Fra_162_55.html
162;162_44;CONFLIT DU TRAVAIL;terme_specifique;162_23;REVENDICATION;https://aciege.org/Dct/Fra/Fra_162_23.html
162;162_44;CONFLIT DU TRAVAIL;employe_pour;Lo_3124;Lockout;https://aciege.org/Dct/Fra/Lo_3124.html
162;162_93;CONGE;terme_generique;162_83;DUREE DU TRAVAIL;https://aciege.org/Dct/Fra/Fra_162_83.html
162;162_39;DELEGUE DU PERSONNEL;terme_generique;162_38;REPRESENTATION DES SALARIES;https://aciege.org/Dct/Fra/Fra_162_38.html
162;162_39;DELEGUE DU PERSONNEL;employe_pour;De_2775;Délégué syndical;https://aciege.org/Dct/Fra/De_2775.html
162;162_26;DIALOGUE SOCIAL;terme_generique;162_55;RELATIONS DU TRAVAIL;https://aciege.org/Dct/Fra/Fra_162_55.html
162;162_83;DUREE DU TRAVAIL;terme_generique;162_63;CONDITIONS DE TRAVAIL;https://aciege.org/Dct/Fra/Fra_162_63.html
162;162_83;DUREE DU TRAVAIL;terme_specifique;162_94;AMENAGEMENT DU TEMPS DE TRAVAIL;https://aciege.org/Dct/Fra/Fra_162_94.html
162;162_83;DUREE DU TRAVAIL;terme_specifique;162_93;CONGE;https://aciege.org/Dct/Fra/Fra_162_93.html
162;162_36;EGALITE PROFESSIONNELLE;terme_generique;162_55;RELATIONS DU TRAVAIL;https://aciege.org/Dct/Fra/Fra_162_55.html
162;162_62;ERGONOMIE;terme_generique;162_63;CONDITIONS DE TRAVAIL;https://aciege.org/Dct/Fra/Fra_162_63.html
162;162_37;EXPRESSION DES SALARIES;terme_generique;162_55;RELATIONS DU TRAVAIL;https://aciege.org/Dct/Fra/Fra_162_55.html
162;162_37;EXPRESSION DES SALARIES;terme_specifique;162_17;COGESTION;https://aciege.org/Dct/Fra/Fra_162_17.html
162;162_37;EXPRESSION DES SALARIES;employe_pour;Pa_3294;Participation des salariés;https://aciege.org/Dct/Fra/Pa_3294.html
162;162_85;FATIGUE;terme_generique;162_63;CONDITIONS DE TRAVAIL;https://aciege.org/Dct/Fra/Fra_162_63.html
162;162_84;HORAIRE VARIABLE;terme_generique;162_63;CONDITIONS DE TRAVAIL;https://aciege.org/Dct/Fra/Fra_162_63.html
162;162_06;OEUVRES SOCIALES;terme_generique;162_55;RELATIONS DU TRAVAIL;https://aciege.org/Dct/Fra/Fra_162_55.html
162;162_06;OEUVRES SOCIALES;employe_pour;Co_2695;Coopérative du personnel;https://aciege.org/Dct/Fra/Co_2695.html
162;162_06;OEUVRES SOCIALES;employe_pour;Fo_2899;Fonds de retraite;https://aciege.org/Dct/Fra/Fo_2899.html
162;162_75;QUALITE DE VIE AU TRAVAIL;terme_generique;162_55;RELATIONS DU TRAVAIL;https://aciege.org/Dct/Fra/Fra_162_55.html
162;162_75;QUALITE DE VIE AU TRAVAIL;employe_pour;Bi_2525;Bien-être au travail;https://aciege.org/Dct/Fra/Bi_2525.html
162;162_75;QUALITE DE VIE AU TRAVAIL;employe_pour;QV_3394;QVT;https://aciege.org/Dct/Fra/QV_3394.html
162;162_75;QUALITE DE VIE AU TRAVAIL;employe_pour;Sa_3488;Satisfaction au travail;https://aciege.org/Dct/Fra/Sa_3488.html
162;162_54;REGLEMENT INTERIEUR;terme_generique;162_55;RELATIONS DU TRAVAIL;https://aciege.org/Dct/Fra/Fra_162_55.html
162;162_54;REGLEMENT INTERIEUR;terme_specifique;162_20;ABSENTEISME;https://aciege.org/Dct/Fra/Fra_162_20.html
162;162_54;REGLEMENT INTERIEUR;employe_pour;Di_2738;Discipline;https://aciege.org/Dct/Fra/Di_2738.html
162;162_54;REGLEMENT INTERIEUR;employe_pour;Re_3447;Règlement d'atelier;https://aciege.org/Dct/Fra/Re_3447.html
162;162_55;RELATIONS DU TRAVAIL;terme_specifique;162_76;CLIMAT SOCIAL DE L'ENTREPRISE;https://aciege.org/Dct/Fra/Fra_162_76.html
162;162_55;RELATIONS DU TRAVAIL;terme_specifique;162_63;CONDITIONS DE TRAVAIL;https://aciege.org/Dct/Fra/Fra_162_63.html
162;162_55;RELATIONS DU TRAVAIL;terme_specifique;162_44;CONFLIT DU TRAVAIL;https://aciege.org/Dct/Fra/Fra_162_44.html
162;162_55;RELATIONS DU TRAVAIL;terme_specifique;162_26;DIALOGUE SOCIAL;https://aciege.org/Dct/Fra/Fra_162_26.html
162;162_55;RELATIONS DU TRAVAIL;terme_specifique;162_36;EGALITE PROFESSIONNELLE;https://aciege.org/Dct/Fra/Fra_162_36.html
162;162_55;RELATIONS DU TRAVAIL;terme_specifique;162_37;EXPRESSION DES SALARIES;https://aciege.org/Dct/Fra/Fra_162_37.html
162;162_55;RELATIONS DU TRAVAIL;terme_specifique;162_06;OEUVRES SOCIALES;https://aciege.org/Dct/Fra/Fra_162_06.html
162;162_55;RELATIONS DU TRAVAIL;terme_specifique;162_75;QUALITE DE VIE AU TRAVAIL;https://aciege.org/Dct/Fra/Fra_162_75.html
162;162_55;RELATIONS DU TRAVAIL;terme_specifique;162_54;REGLEMENT INTERIEUR;https://aciege.org/Dct/Fra/Fra_162_54.html
162;162_55;RELATIONS DU TRAVAIL;terme_specifique;162_68;SYNDICALISME;https://aciege.org/Dct/Fra/Fra_162_68.html
162;162_38;REPRESENTATION DES SALARIES;terme_generique;162_68;SYNDICALISME;https://aciege.org/Dct/Fra/Fra_162_68.html
162;162_38;REPRESENTATION DES SALARIES;terme_specifique;162_28;COMITE D'ENTREPRISE;https://aciege.org/Dct/Fra/Fra_162_28.html
162;162_38;REPRESENTATION DES SALARIES;terme_specifique;162_39;DELEGUE DU PERSONNEL;https://aciege.org/Dct/Fra/Fra_162_39.html
162;162_38;REPRESENTATION DES SALARIES;employe_pour;Co_2630;Comité d'hygiène, de sécurité et des conditions de travail;https://aciege.org/Dct/Fra/Co_2630.html
162;162_23;REVENDICATION;terme_generique;162_44;CONFLIT DU TRAVAIL;https://aciege.org/Dct/Fra/Fra_162_44.html
162;162_23;REVENDICATION;terme_specifique;162_14;ARBITRAGE;https://aciege.org/Dct/Fra/Fra_162_14.html
162;162_51;RISQUES PSYCHOSOCIAUX;terme_generique;162_52;SECURITE AU TRAVAIL;https://aciege.org/Dct/Fra/Fra_162_52.html
162;162_52;SECURITE AU TRAVAIL;terme_generique;162_63;CONDITIONS DE TRAVAIL;https://aciege.org/Dct/Fra/Fra_162_63.html
162;162_52;SECURITE AU TRAVAIL;terme_specifique;162_40;ACCIDENT DU TRAVAIL;https://aciege.org/Dct/Fra/Fra_162_40.html
162;162_52;SECURITE AU TRAVAIL;terme_specifique;162_51;RISQUES PSYCHOSOCIAUX;https://aciege.org/Dct/Fra/Fra_162_51.html
162;162_68;SYNDICALISME;terme_generique;162_55;RELATIONS DU TRAVAIL;https://aciege.org/Dct/Fra/Fra_162_55.html
162;162_68;SYNDICALISME;terme_specifique;162_38;REPRESENTATION DES SALARIES;https://aciege.org/Dct/Fra/Fra_162_38.html
162;162_68;SYNDICALISME;terme_specifique;162_98;SYNDICAT DE SALARIES;https://aciege.org/Dct/Fra/Fra_162_98.html
162;162_68;SYNDICALISME;terme_specifique;162_89;SYNDICAT PATRONAL;https://aciege.org/Dct/Fra/Fra_162_89.html
162;162_68;SYNDICALISME;employe_pour;Sy_3523;Syndicat professionnel;https://aciege.org/Dct/Fra/Sy_3523.html
162;162_98;SYNDICAT DE SALARIES;terme_generique;162_68;SYNDICALISME;https://aciege.org/Dct/Fra/Fra_162_68.html
162;162_98;SYNDICAT DE SALARIES;employe_pour;Sy_3521;Syndicat de cadres;https://aciege.org/Dct/Fra/Sy_3521.html
162;162_98;SYNDICAT DE SALARIES;employe_pour;Sy_3522;Syndicat ouvrier;https://aciege.org/Dct/Fra/Sy_3522.html
162;162_89;SYNDICAT PATRONAL;terme_generique;162_68;SYNDICALISME;https://aciege.org/Dct/Fra/Fra_162_68.html
162;162_91;TRAVAIL DE NUIT;terme_generique;162_63;CONDITIONS DE TRAVAIL;https://aciege.org/Dct/Fra/Fra_162_63.html
162;162_92;TRAVAIL POSTE;terme_generique;162_63;CONDITIONS DE TRAVAIL;https://aciege.org/Dct/Fra/Fra_162_63.html
163;163_46;ADMISSION SELECTIVE;terme_generique;163_55;FORMATION;https://aciege.org/Dct/Fra/Fra_163_55.html
163;163_14;ALPHABETISATION;terme_generique;163_34;ENSEIGNEMENT SCOLAIRE;https://aciege.org/Dct/Fra/Fra_163_34.html
163;163_95;BESOIN EN FORMATION;terme_generique;163_76;FORMATION CONTINUE;https://aciege.org/Dct/Fra/Fra_163_76.html
163;163_43;COACHING;terme_generique;163_53;METHODE DE FORMATION;https://aciege.org/Dct/Fra/Fra_163_53.html
163;163_43;COACHING;employe_pour;Tu_3596;Tutorat;https://aciege.org/Dct/Fra/Tu_3596.html
163;163_66;DIPLOME;terme_generique;163_55;FORMATION;https://aciege.org/Dct/Fra/Fra_163_55.html
163;163_60;EAO;terme_generique;163_51;ENSEIGNEMENT PROGRAMME;https://aciege.org/Dct/Fra/Fra_163_51.html
163;163_60;EAO;employe_pour;En_2830;Enseignement assisté par ordinateur;https://aciege.org/Dct/Fra/En_2830.html
163;163_65;EDUCATION;terme_generique;163_55;FORMATION;https://aciege.org/Dct/Fra/Fra_163_55.html
163;163_45;ENSEIGNEMENT;terme_generique;163_55;FORMATION;https://aciege.org/Dct/Fra/Fra_163_55.html
163;163_45;ENSEIGNEMENT;terme_specifique;163_48;ENSEIGNEMENT DU MANAGEMENT;https://aciege.org/Dct/Fra/Fra_163_48.html
163;163_45;ENSEIGNEMENT;terme_specifique;163_34;ENSEIGNEMENT SCOLAIRE;https://aciege.org/Dct/Fra/Fra_163_34.html
163;163_45;ENSEIGNEMENT;terme_specifique;163_36;ENSEIGNEMENT SUPERIEUR;https://aciege.org/Dct/Fra/Fra_163_36.html
163;163_80;ENSEIGNEMENT A DISTANCE;terme_generique;163_53;METHODE DE FORMATION;https://aciege.org/Dct/Fra/Fra_163_53.html
163;163_80;ENSEIGNEMENT A DISTANCE;employe_pour;E _2791;E learning;https://aciege.org/Dct/Fra/E _2791.html
163;163_80;ENSEIGNEMENT A DISTANCE;employe_pour;En_2832;Enseignement par correspondance;https://aciege.org/Dct/Fra/En_2832.html
163;163_80;ENSEIGNEMENT A DISTANCE;employe_pour;Te_3600;Téléenseignement;https://aciege.org/Dct/Fra/Te_3600.html
163;163_72;ENSEIGNEMENT AUDIOVISUEL;terme_generique;163_53;METHODE DE FORMATION;https://aciege.org/Dct/Fra/Fra_163_53.html
163;163_93;ENSEIGNEMENT DES LANGUES;terme_generique;163_55;FORMATION;https://aciege.org/Dct/Fra/Fra_163_55.html
163;163_48;ENSEIGNEMENT DU MANAGEMENT;terme_generique;163_45;ENSEIGNEMENT;https://aciege.org/Dct/Fra/Fra_163_45.html
163;163_51;ENSEIGNEMENT PROGRAMME;terme_generique;163_53;METHODE DE FORMATION;https://aciege.org/Dct/Fra/Fra_163_53.html
163;163_51;ENSEIGNEMENT PROGRAMME;terme_specifique;163_60;EAO;https://aciege.org/Dct/Fra/Fra_163_60.html
163;163_34;ENSEIGNEMENT SCOLAIRE;terme_generique;163_45;ENSEIGNEMENT;https://aciege.org/Dct/Fra/Fra_163_45.html
163;163_34;ENSEIGNEMENT SCOLAIRE;terme_specifique;163_14;ALPHABETISATION;https://aciege.org/Dct/Fra/Fra_163_14.html
163;163_36;ENSEIGNEMENT SUPERIEUR;terme_generique;163_45;ENSEIGNEMENT;https://aciege.org/Dct/Fra/Fra_163_45.html
163;163_36;ENSEIGNEMENT SUPERIEUR;terme_specifique;163_37;ETUDIANT;https://aciege.org/Dct/Fra/Fra_163_37.html
163;163_36;ENSEIGNEMENT SUPERIEUR;terme_specifique;163_27;GRANDE ECOLE;https://aciege.org/Dct/Fra/Fra_163_27.html
163;163_36;ENSEIGNEMENT SUPERIEUR;terme_specifique;163_25;TROISIEME CYCLE;https://aciege.org/Dct/Fra/Fra_163_25.html
163;163_36;ENSEIGNEMENT SUPERIEUR;terme_specifique;163_26;UNIVERSITE;https://aciege.org/Dct/Fra/Fra_163_26.html
163;163_30;ETUDE DE CAS;terme_generique;163_31;METHODE DES CAS;https://aciege.org/Dct/Fra/Fra_163_31.html
163;163_37;ETUDIANT;terme_generique;163_36;ENSEIGNEMENT SUPERIEUR;https://aciege.org/Dct/Fra/Fra_163_36.html
163;163_56;EXAMEN;terme_generique;163_55;FORMATION;https://aciege.org/Dct/Fra/Fra_163_55.html
163;163_56;EXAMEN;employe_pour;Co_2673;Concours;https://aciege.org/Dct/Fra/Co_2673.html
163;163_55;FORMATION;terme_specifique;163_46;ADMISSION SELECTIVE;https://aciege.org/Dct/Fra/Fra_163_46.html
163;163_55;FORMATION;terme_specifique;163_66;DIPLOME;https://aciege.org/Dct/Fra/Fra_163_66.html
163;163_55;FORMATION;terme_specifique;163_65;EDUCATION;https://aciege.org/Dct/Fra/Fra_163_65.html
163;163_55;FORMATION;terme_specifique;163_45;ENSEIGNEMENT;https://aciege.org/Dct/Fra/Fra_163_45.html
163;163_55;FORMATION;terme_specifique;163_93;ENSEIGNEMENT DES LANGUES;https://aciege.org/Dct/Fra/Fra_163_93.html
163;163_55;FORMATION;terme_specifique;163_56;EXAMEN;https://aciege.org/Dct/Fra/Fra_163_56.html
163;163_55;FORMATION;terme_specifique;163_84;FORMATION A L'ETRANGER;https://aciege.org/Dct/Fra/Fra_163_84.html
163;163_55;FORMATION;terme_specifique;163_76;FORMATION CONTINUE;https://aciege.org/Dct/Fra/Fra_163_76.html
163;163_55;FORMATION;terme_specifique;163_67;FORMATION PROFESSIONNELLE;https://aciege.org/Dct/Fra/Fra_163_67.html
163;163_55;FORMATION;terme_specifique;163_53;METHODE DE FORMATION;https://aciege.org/Dct/Fra/Fra_163_53.html
163;163_55;FORMATION;terme_specifique;163_64;PEDAGOGIE;https://aciege.org/Dct/Fra/Fra_163_64.html
163;163_55;FORMATION;employe_pour;Ty_3597;Type de formation;https://aciege.org/Dct/Fra/Ty_3597.html
163;163_84;FORMATION A L'ETRANGER;terme_generique;163_55;FORMATION;https://aciege.org/Dct/Fra/Fra_163_55.html
163;163_59;FORMATION AGRICOLE;terme_generique;163_67;FORMATION PROFESSIONNELLE;https://aciege.org/Dct/Fra/Fra_163_67.html
163;163_59;FORMATION AGRICOLE;employe_pour;En_2829;Enseignement agricole;https://aciege.org/Dct/Fra/En_2829.html
163;163_69;FORMATION COMMERCIALE;terme_generique;163_67;FORMATION PROFESSIONNELLE;https://aciege.org/Dct/Fra/Fra_163_67.html
163;163_69;FORMATION COMMERCIALE;employe_pour;En_2831;Enseignement commercial;https://aciege.org/Dct/Fra/En_2831.html
163;163_76;FORMATION CONTINUE;terme_generique;163_55;FORMATION;https://aciege.org/Dct/Fra/Fra_163_55.html
163;163_76;FORMATION CONTINUE;terme_specifique;163_95;BESOIN EN FORMATION;https://aciege.org/Dct/Fra/Fra_163_95.html
163;163_76;FORMATION CONTINUE;terme_specifique;163_98;FORMATION DES FORMATEURS;https://aciege.org/Dct/Fra/Fra_163_98.html
163;163_76;FORMATION CONTINUE;terme_specifique;163_96;PLAN DE FORMATION;https://aciege.org/Dct/Fra/Fra_163_96.html
163;163_76;FORMATION CONTINUE;terme_specifique;163_97;VALIDATION DES ACQUIS DE L'EXPERIENCE;https://aciege.org/Dct/Fra/Fra_163_97.html
163;163_76;FORMATION CONTINUE;employe_pour;Fo_2906;Formation dans l'entreprise;https://aciege.org/Dct/Fra/Fo_2906.html
163;163_76;FORMATION CONTINUE;employe_pour;Fo_2907;Formation permanente;https://aciege.org/Dct/Fra/Fo_2907.html
163;163_98;FORMATION DES FORMATEURS;terme_generique;163_76;FORMATION CONTINUE;https://aciege.org/Dct/Fra/Fra_163_76.html
163;163_88;FORMATION EN ALTERNANCE;terme_generique;163_67;FORMATION PROFESSIONNELLE;https://aciege.org/Dct/Fra/Fra_163_67.html
163;163_88;FORMATION EN ALTERNANCE;employe_pour;Co_2685;Contrat d'apprentissage;https://aciege.org/Dct/Fra/Co_2685.html
163;163_88;FORMATION EN ALTERNANCE;employe_pour;Co_2686;Contrat de professionnalisation;https://aciege.org/Dct/Fra/Co_2686.html
163;163_67;FORMATION PROFESSIONNELLE;terme_generique;163_55;FORMATION;https://aciege.org/Dct/Fra/Fra_163_55.html
163;163_67;FORMATION PROFESSIONNELLE;terme_specifique;163_59;FORMATION AGRICOLE;https://aciege.org/Dct/Fra/Fra_163_59.html
163;163_67;FORMATION PROFESSIONNELLE;terme_specifique;163_69;FORMATION COMMERCIALE;https://aciege.org/Dct/Fra/Fra_163_69.html
163;163_67;FORMATION PROFESSIONNELLE;terme_specifique;163_88;FORMATION EN ALTERNANCE;https://aciege.org/Dct/Fra/Fra_163_88.html
163;163_67;FORMATION PROFESSIONNELLE;terme_specifique;163_79;FORMATION TECHNIQUE;https://aciege.org/Dct/Fra/Fra_163_79.html
163;163_79;FORMATION TECHNIQUE;terme_generique;163_67;FORMATION PROFESSIONNELLE;https://aciege.org/Dct/Fra/Fra_163_67.html
163;163_79;FORMATION TECHNIQUE;employe_pour;En_2833;Enseignement technique;https://aciege.org/Dct/Fra/En_2833.html
163;163_27;GRANDE ECOLE;terme_generique;163_36;ENSEIGNEMENT SUPERIEUR;https://aciege.org/Dct/Fra/Fra_163_36.html
163;163_27;GRANDE ECOLE;employe_pour;Bu_2542;Business school;https://aciege.org/Dct/Fra/Bu_2542.html
163;163_27;GRANDE ECOLE;employe_pour;ES_2799;ESCAE;https://aciege.org/Dct/Fra/ES_2799.html
163;163_40;JEU D'ENTREPRISE;terme_generique;163_53;METHODE DE FORMATION;https://aciege.org/Dct/Fra/Fra_163_53.html
163;163_33;JEU DE ROLE;terme_generique;163_53;METHODE DE FORMATION;https://aciege.org/Dct/Fra/Fra_163_53.html
163;163_23;JEU SERIEUX;terme_generique;163_53;METHODE DE FORMATION;https://aciege.org/Dct/Fra/Fra_163_53.html
163;163_62;LECTURE;terme_generique;163_53;METHODE DE FORMATION;https://aciege.org/Dct/Fra/Fra_163_53.html
163;163_62;LECTURE;terme_specifique;163_61;LECTURE RAPIDE;https://aciege.org/Dct/Fra/Fra_163_61.html
163;163_61;LECTURE RAPIDE;terme_generique;163_62;LECTURE;https://aciege.org/Dct/Fra/Fra_163_62.html
163;163_53;METHODE DE FORMATION;terme_generique;163_55;FORMATION;https://aciege.org/Dct/Fra/Fra_163_55.html
163;163_53;METHODE DE FORMATION;terme_specifique;163_43;COACHING;https://aciege.org/Dct/Fra/Fra_163_43.html
163;163_53;METHODE DE FORMATION;terme_specifique;163_80;ENSEIGNEMENT A DISTANCE;https://aciege.org/Dct/Fra/Fra_163_80.html
163;163_53;METHODE DE FORMATION;terme_specifique;163_72;ENSEIGNEMENT AUDIOVISUEL;https://aciege.org/Dct/Fra/Fra_163_72.html
163;163_53;METHODE DE FORMATION;terme_specifique;163_51;ENSEIGNEMENT PROGRAMME;https://aciege.org/Dct/Fra/Fra_163_51.html
163;163_53;METHODE DE FORMATION;terme_specifique;163_40;JEU D'ENTREPRISE;https://aciege.org/Dct/Fra/Fra_163_40.html
163;163_53;METHODE DE FORMATION;terme_specifique;163_33;JEU DE ROLE;https://aciege.org/Dct/Fra/Fra_163_33.html
163;163_53;METHODE DE FORMATION;terme_specifique;163_23;JEU SERIEUX;https://aciege.org/Dct/Fra/Fra_163_23.html
163;163_53;METHODE DE FORMATION;terme_specifique;163_62;LECTURE;https://aciege.org/Dct/Fra/Fra_163_62.html
163;163_53;METHODE DE FORMATION;terme_specifique;163_31;METHODE DES CAS;https://aciege.org/Dct/Fra/Fra_163_31.html
163;163_53;METHODE DE FORMATION;terme_specifique;163_22;SEMINAIRE;https://aciege.org/Dct/Fra/Fra_163_22.html
163;163_53;METHODE DE FORMATION;terme_specifique;163_10;STAGE;https://aciege.org/Dct/Fra/Fra_163_10.html
163;163_53;METHODE DE FORMATION;terme_specifique;163_11;TRAVAUX PRATIQUES;https://aciege.org/Dct/Fra/Fra_163_11.html
163;163_53;METHODE DE FORMATION;employe_pour;NT_3221;NTE;https://aciege.org/Dct/Fra/NT_3221.html
163;163_53;METHODE DE FORMATION;employe_pour;No_3237;Nouvelle technologie éducative;https://aciege.org/Dct/Fra/No_3237.html
163;163_31;METHODE DES CAS;terme_generique;163_53;METHODE DE FORMATION;https://aciege.org/Dct/Fra/Fra_163_53.html
163;163_31;METHODE DES CAS;terme_specifique;163_30;ETUDE DE CAS;https://aciege.org/Dct/Fra/Fra_163_30.html
163;163_64;PEDAGOGIE;terme_generique;163_55;FORMATION;https://aciege.org/Dct/Fra/Fra_163_55.html
163;163_96;PLAN DE FORMATION;terme_generique;163_76;FORMATION CONTINUE;https://aciege.org/Dct/Fra/Fra_163_76.html
163;163_22;SEMINAIRE;terme_generique;163_53;METHODE DE FORMATION;https://aciege.org/Dct/Fra/Fra_163_53.html
163;163_10;STAGE;terme_generique;163_53;METHODE DE FORMATION;https://aciege.org/Dct/Fra/Fra_163_53.html
163;163_11;TRAVAUX PRATIQUES;terme_generique;163_53;METHODE DE FORMATION;https://aciege.org/Dct/Fra/Fra_163_53.html
163;163_25;TROISIEME CYCLE;terme_generique;163_36;ENSEIGNEMENT SUPERIEUR;https://aciege.org/Dct/Fra/Fra_163_36.html
163;163_26;UNIVERSITE;terme_generique;163_36;ENSEIGNEMENT SUPERIEUR;https://aciege.org/Dct/Fra/Fra_163_36.html
163;163_97;VALIDATION DES ACQUIS DE L'EXPERIENCE;terme_generique;163_76;FORMATION CONTINUE;https://aciege.org/Dct/Fra/Fra_163_76.html
163;163_97;VALIDATION DES ACQUIS DE L'EXPERIENCE;employe_pour;VA_3617;VAE;https://aciege.org/Dct/Fra/VA_3617.html
163;163_97;VALIDATION DES ACQUIS DE L'EXPERIENCE;employe_pour;VA_3618;VAP;https://aciege.org/Dct/Fra/VA_3618.html
164;164_42;ANTHROPOLOGIE;terme_generique;164_43;SOCIOLOGIE;https://aciege.org/Dct/Fra/Fra_164_43.html
164;164_42;ANTHROPOLOGIE;terme_specifique;164_40;ETHNOGRAPHIE;https://aciege.org/Dct/Fra/Fra_164_40.html
164;164_42;ANTHROPOLOGIE;terme_specifique;164_41;ETHNOLOGIE;https://aciege.org/Dct/Fra/Fra_164_41.html
164;164_72;APTITUDE;terme_generique;164_63;PSYCHOLOGIE;https://aciege.org/Dct/Fra/Fra_164_63.html
164;164_38;CHANGEMENT SOCIAL;terme_generique;164_47;GROUPE SOCIAL;https://aciege.org/Dct/Fra/Fra_164_47.html
164;164_38;CHANGEMENT SOCIAL;terme_specifique;164_39;RESISTANCE AU CHANGEMENT;https://aciege.org/Dct/Fra/Fra_164_39.html
164;164_83;COMPORTEMENT;terme_generique;164_73;MOTIVATION;https://aciege.org/Dct/Fra/Fra_164_73.html
164;164_83;COMPORTEMENT;terme_specifique;164_94;CONFIANCE;https://aciege.org/Dct/Fra/Fra_164_94.html
164;164_83;COMPORTEMENT;terme_specifique;164_84;OPINION;https://aciege.org/Dct/Fra/Fra_164_84.html
164;164_83;COMPORTEMENT;terme_specifique;164_93;VIOLENCE;https://aciege.org/Dct/Fra/Fra_164_93.html
164;164_83;COMPORTEMENT;employe_pour;At_2488;Attitude;https://aciege.org/Dct/Fra/At_2488.html
164;164_83;COMPORTEMENT;employe_pour;Et_2861;Ethologie;https://aciege.org/Dct/Fra/Et_2861.html
164;164_83;COMPORTEMENT;employe_pour;Se_3495;Sexualité;https://aciege.org/Dct/Fra/Se_3495.html
164;164_94;CONFIANCE;terme_generique;164_83;COMPORTEMENT;https://aciege.org/Dct/Fra/Fra_164_83.html
164;164_12;CONFLIT D'ORGANISATION;terme_generique;164_22;SOCIOLOGIE DES ORGANISATIONS;https://aciege.org/Dct/Fra/Fra_164_22.html
164;164_37;CONFLIT SOCIAL;terme_generique;164_47;GROUPE SOCIAL;https://aciege.org/Dct/Fra/Fra_164_47.html
164;164_37;CONFLIT SOCIAL;terme_specifique;164_17;CONTESTATION;https://aciege.org/Dct/Fra/Fra_164_17.html
164;164_37;CONFLIT SOCIAL;terme_specifique;164_18;LUTTE DES CLASSES;https://aciege.org/Dct/Fra/Fra_164_18.html
164;164_37;CONFLIT SOCIAL;employe_pour;Mo_3204;Mouvement social;https://aciege.org/Dct/Fra/Mo_3204.html
164;164_17;CONTESTATION;terme_generique;164_37;CONFLIT SOCIAL;https://aciege.org/Dct/Fra/Fra_164_37.html
164;164_58;DECISION;terme_generique;164_56;PSYCHOLOGIE SOCIALE;https://aciege.org/Dct/Fra/Fra_164_56.html
164;164_58;DECISION;terme_specifique;164_59;POUVOIR;https://aciege.org/Dct/Fra/Fra_164_59.html
164;164_74;DEVELOPPEMENT PERSONNEL;terme_generique;164_63;PSYCHOLOGIE;https://aciege.org/Dct/Fra/Fra_164_63.html
164;164_74;DEVELOPPEMENT PERSONNEL;terme_specifique;164_75;EXPERIENCE DE VIE;https://aciege.org/Dct/Fra/Fra_164_75.html
164;164_34;DISCRIMINATION;terme_generique;164_43;SOCIOLOGIE;https://aciege.org/Dct/Fra/Fra_164_43.html
164;164_34;DISCRIMINATION;terme_specifique;164_14;RACISME;https://aciege.org/Dct/Fra/Fra_164_14.html
164;164_67;DYNAMIQUE DE GROUPE;terme_generique;164_56;PSYCHOLOGIE SOCIALE;https://aciege.org/Dct/Fra/Fra_164_56.html
164;164_67;DYNAMIQUE DE GROUPE;terme_specifique;164_89;GROUPE DE CREATIVITE;https://aciege.org/Dct/Fra/Fra_164_89.html
164;164_67;DYNAMIQUE DE GROUPE;terme_specifique;164_79;GROUPE DE TRAVAIL;https://aciege.org/Dct/Fra/Fra_164_79.html
164;164_67;DYNAMIQUE DE GROUPE;terme_specifique;164_68;SOCIOMETRIE;https://aciege.org/Dct/Fra/Fra_164_68.html
164;164_67;DYNAMIQUE DE GROUPE;employe_pour;T _3533;T Group;https://aciege.org/Dct/Fra/T _3533.html
164;164_62;EMOTION;terme_generique;164_63;PSYCHOLOGIE;https://aciege.org/Dct/Fra/Fra_164_63.html
164;164_62;EMOTION;terme_specifique;164_60;INTELLIGENCE EMOTIONNELLE;https://aciege.org/Dct/Fra/Fra_164_60.html
164;164_62;EMOTION;terme_specifique;164_61;STRESS;https://aciege.org/Dct/Fra/Fra_164_61.html
164;164_76;ENQUETE;terme_generique;164_56;PSYCHOLOGIE SOCIALE;https://aciege.org/Dct/Fra/Fra_164_56.html
164;164_76;ENQUETE;terme_specifique;164_86;SONDAGE;https://aciege.org/Dct/Fra/Fra_164_86.html
164;164_76;ENQUETE;employe_pour;En_2827;Enquête pilote;https://aciege.org/Dct/Fra/En_2827.html
164;164_76;ENQUETE;employe_pour;En_2828;Enquêteur;https://aciege.org/Dct/Fra/En_2828.html
164;164_76;ENQUETE;employe_pour;In_3082;Interprétation d'enquête;https://aciege.org/Dct/Fra/In_3082.html
164;164_98;ENTRETIEN;terme_generique;164_86;SONDAGE;https://aciege.org/Dct/Fra/Fra_164_86.html
164;164_98;ENTRETIEN;employe_pour;En_2845;Entretien de groupe;https://aciege.org/Dct/Fra/En_2845.html
164;164_98;ENTRETIEN;employe_pour;En_2846;Entretien en profondeur;https://aciege.org/Dct/Fra/En_2846.html
164;164_98;ENTRETIEN;employe_pour;En_2847;Entretien exploratoire;https://aciege.org/Dct/Fra/En_2847.html
164;164_40;ETHNOGRAPHIE;terme_generique;164_42;ANTHROPOLOGIE;https://aciege.org/Dct/Fra/Fra_164_42.html
164;164_41;ETHNOLOGIE;terme_generique;164_42;ANTHROPOLOGIE;https://aciege.org/Dct/Fra/Fra_164_42.html
164;164_75;EXPERIENCE DE VIE;terme_generique;164_74;DEVELOPPEMENT PERSONNEL;https://aciege.org/Dct/Fra/Fra_164_74.html
164;164_75;EXPERIENCE DE VIE;employe_pour;Te_3604;Témoignage;https://aciege.org/Dct/Fra/Te_3604.html
164;164_31;GESTION DU TEMPS;terme_generique;164_43;SOCIOLOGIE;https://aciege.org/Dct/Fra/Fra_164_43.html
164;164_89;GROUPE DE CREATIVITE;terme_generique;164_67;DYNAMIQUE DE GROUPE;https://aciege.org/Dct/Fra/Fra_164_67.html
164;164_79;GROUPE DE TRAVAIL;terme_generique;164_67;DYNAMIQUE DE GROUPE;https://aciege.org/Dct/Fra/Fra_164_67.html
164;164_79;GROUPE DE TRAVAIL;employe_pour;Tr_3586;Travail collaboratif;https://aciege.org/Dct/Fra/Tr_3586.html
164;164_47;GROUPE SOCIAL;terme_generique;164_56;PSYCHOLOGIE SOCIALE;https://aciege.org/Dct/Fra/Fra_164_56.html
164;164_47;GROUPE SOCIAL;terme_specifique;164_38;CHANGEMENT SOCIAL;https://aciege.org/Dct/Fra/Fra_164_38.html
164;164_47;GROUPE SOCIAL;terme_specifique;164_37;CONFLIT SOCIAL;https://aciege.org/Dct/Fra/Fra_164_37.html
164;164_47;GROUPE SOCIAL;employe_pour;Cl_2621;Classe sociale;https://aciege.org/Dct/Fra/Cl_2621.html
164;164_53;HARCELEMENT;terme_generique;164_63;PSYCHOLOGIE;https://aciege.org/Dct/Fra/Fra_164_63.html
164;164_53;HARCELEMENT;employe_pour;Ha_2962;Harcèlement moral;https://aciege.org/Dct/Fra/Ha_2962.html
164;164_53;HARCELEMENT;employe_pour;Ha_2963;Harcèlement sexuel;https://aciege.org/Dct/Fra/Ha_2963.html
164;164_60;INTELLIGENCE EMOTIONNELLE;terme_generique;164_62;EMOTION;https://aciege.org/Dct/Fra/Fra_164_62.html
164;164_69;LEADERSHIP;terme_generique;164_68;SOCIOMETRIE;https://aciege.org/Dct/Fra/Fra_164_68.html
164;164_69;LEADERSHIP;employe_pour;An_2451;Animation de groupe;https://aciege.org/Dct/Fra/An_2451.html
164;164_18;LUTTE DES CLASSES;terme_generique;164_37;CONFLIT SOCIAL;https://aciege.org/Dct/Fra/Fra_164_37.html
164;164_73;MOTIVATION;terme_generique;164_63;PSYCHOLOGIE;https://aciege.org/Dct/Fra/Fra_164_63.html
164;164_73;MOTIVATION;terme_specifique;164_83;COMPORTEMENT;https://aciege.org/Dct/Fra/Fra_164_83.html
164;164_73;MOTIVATION;employe_pour;Im_3052;Implication au travail;https://aciege.org/Dct/Fra/Im_3052.html
164;164_84;OPINION;terme_generique;164_83;COMPORTEMENT;https://aciege.org/Dct/Fra/Fra_164_83.html
164;164_84;OPINION;terme_specifique;164_95;OPINION PUBLIQUE;https://aciege.org/Dct/Fra/Fra_164_95.html
164;164_95;OPINION PUBLIQUE;terme_generique;164_84;OPINION;https://aciege.org/Dct/Fra/Fra_164_84.html
164;164_52;PERSONNALITE;terme_generique;164_63;PSYCHOLOGIE;https://aciege.org/Dct/Fra/Fra_164_63.html
164;164_70;PLEINE CONSCIENCE;terme_generique;164_63;PSYCHOLOGIE;https://aciege.org/Dct/Fra/Fra_164_63.html
164;164_59;POUVOIR;terme_generique;164_58;DECISION;https://aciege.org/Dct/Fra/Fra_164_58.html
164;164_59;POUVOIR;employe_pour;Au_2495;Autorité;https://aciege.org/Dct/Fra/Au_2495.html
164;164_50;PSYCHANALYSE;terme_generique;164_63;PSYCHOLOGIE;https://aciege.org/Dct/Fra/Fra_164_63.html
164;164_63;PSYCHOLOGIE;terme_generique;164_55;SCIENCE DU COMPORTEMENT;https://aciege.org/Dct/Fra/Fra_164_55.html
164;164_63;PSYCHOLOGIE;terme_specifique;164_72;APTITUDE;https://aciege.org/Dct/Fra/Fra_164_72.html
164;164_63;PSYCHOLOGIE;terme_specifique;164_74;DEVELOPPEMENT PERSONNEL;https://aciege.org/Dct/Fra/Fra_164_74.html
164;164_63;PSYCHOLOGIE;terme_specifique;164_62;EMOTION;https://aciege.org/Dct/Fra/Fra_164_62.html
164;164_63;PSYCHOLOGIE;terme_specifique;164_53;HARCELEMENT;https://aciege.org/Dct/Fra/Fra_164_53.html
164;164_63;PSYCHOLOGIE;terme_specifique;164_73;MOTIVATION;https://aciege.org/Dct/Fra/Fra_164_73.html
164;164_63;PSYCHOLOGIE;terme_specifique;164_52;PERSONNALITE;https://aciege.org/Dct/Fra/Fra_164_52.html
164;164_63;PSYCHOLOGIE;terme_specifique;164_70;PLEINE CONSCIENCE;https://aciege.org/Dct/Fra/Fra_164_70.html
164;164_63;PSYCHOLOGIE;terme_specifique;164_50;PSYCHANALYSE;https://aciege.org/Dct/Fra/Fra_164_50.html
164;164_63;PSYCHOLOGIE;terme_specifique;164_71;PSYCHOMETRIE;https://aciege.org/Dct/Fra/Fra_164_71.html
164;164_63;PSYCHOLOGIE;terme_specifique;164_51;PSYCHOPATHOLOGIE;https://aciege.org/Dct/Fra/Fra_164_51.html
164;164_63;PSYCHOLOGIE;employe_pour;De_2785;Désir;https://aciege.org/Dct/Fra/De_2785.html
164;164_63;PSYCHOLOGIE;employe_pour;Im_3050;Imaginaire;https://aciege.org/Dct/Fra/Im_3050.html
164;164_63;PSYCHOLOGIE;employe_pour;Pa_3292;Parapsychologie;https://aciege.org/Dct/Fra/Pa_3292.html
164;164_63;PSYCHOLOGIE;employe_pour;Ps_3371;Psycholinguistique;https://aciege.org/Dct/Fra/Ps_3371.html
164;164_63;PSYCHOLOGIE;employe_pour;Ps_3372;Psychologie infantile;https://aciege.org/Dct/Fra/Ps_3372.html
164;164_63;PSYCHOLOGIE;employe_pour;Ps_3373;Psychopédagogie;https://aciege.org/Dct/Fra/Ps_3373.html
164;164_63;PSYCHOLOGIE;employe_pour;Ps_3375;Psychothérapie;https://aciege.org/Dct/Fra/Ps_3375.html
164;164_35;PSYCHOLOGIE DU TRAVAIL;terme_generique;164_56;PSYCHOLOGIE SOCIALE;https://aciege.org/Dct/Fra/Fra_164_56.html
164;164_35;PSYCHOLOGIE DU TRAVAIL;terme_specifique;164_25;RELATIONS HOMME MACHINE;https://aciege.org/Dct/Fra/Fra_164_25.html
164;164_56;PSYCHOLOGIE SOCIALE;terme_generique;164_55;SCIENCE DU COMPORTEMENT;https://aciege.org/Dct/Fra/Fra_164_55.html
164;164_56;PSYCHOLOGIE SOCIALE;terme_specifique;164_58;DECISION;https://aciege.org/Dct/Fra/Fra_164_58.html
164;164_56;PSYCHOLOGIE SOCIALE;terme_specifique;164_67;DYNAMIQUE DE GROUPE;https://aciege.org/Dct/Fra/Fra_164_67.html
164;164_56;PSYCHOLOGIE SOCIALE;terme_specifique;164_76;ENQUETE;https://aciege.org/Dct/Fra/Fra_164_76.html
164;164_56;PSYCHOLOGIE SOCIALE;terme_specifique;164_47;GROUPE SOCIAL;https://aciege.org/Dct/Fra/Fra_164_47.html
164;164_56;PSYCHOLOGIE SOCIALE;terme_specifique;164_35;PSYCHOLOGIE DU TRAVAIL;https://aciege.org/Dct/Fra/Fra_164_35.html
164;164_56;PSYCHOLOGIE SOCIALE;terme_specifique;164_46;RELATIONS HUMAINES;https://aciege.org/Dct/Fra/Fra_164_46.html
164;164_56;PSYCHOLOGIE SOCIALE;employe_pour;Ps_3374;Psychosociologie;https://aciege.org/Dct/Fra/Ps_3374.html
164;164_71;PSYCHOMETRIE;terme_generique;164_63;PSYCHOLOGIE;https://aciege.org/Dct/Fra/Fra_164_63.html
164;164_71;PSYCHOMETRIE;terme_specifique;164_91;TEST CARACTEROLOGIQUE;https://aciege.org/Dct/Fra/Fra_164_91.html
164;164_71;PSYCHOMETRIE;terme_specifique;164_92;TEST GRAPHOLOGIQUE;https://aciege.org/Dct/Fra/Fra_164_92.html
164;164_71;PSYCHOMETRIE;terme_specifique;164_90;TEST MORPHOPSYCHOLOGIQUE;https://aciege.org/Dct/Fra/Fra_164_90.html
164;164_71;PSYCHOMETRIE;terme_specifique;164_80;TEST PSYCHOTECHNIQUE;https://aciege.org/Dct/Fra/Fra_164_80.html
164;164_51;PSYCHOPATHOLOGIE;terme_generique;164_63;PSYCHOLOGIE;https://aciege.org/Dct/Fra/Fra_164_63.html
164;164_97;QUESTIONNAIRE;terme_generique;164_86;SONDAGE;https://aciege.org/Dct/Fra/Fra_164_86.html
164;164_14;RACISME;terme_generique;164_34;DISCRIMINATION;https://aciege.org/Dct/Fra/Fra_164_34.html
164;164_25;RELATIONS HOMME MACHINE;terme_generique;164_35;PSYCHOLOGIE DU TRAVAIL;https://aciege.org/Dct/Fra/Fra_164_35.html
164;164_46;RELATIONS HUMAINES;terme_generique;164_56;PSYCHOLOGIE SOCIALE;https://aciege.org/Dct/Fra/Fra_164_56.html
164;164_46;RELATIONS HUMAINES;terme_specifique;164_36;RELATIONS INTERPERSONNELLES;https://aciege.org/Dct/Fra/Fra_164_36.html
164;164_36;RELATIONS INTERPERSONNELLES;terme_generique;164_46;RELATIONS HUMAINES;https://aciege.org/Dct/Fra/Fra_164_46.html
164;164_36;RELATIONS INTERPERSONNELLES;terme_specifique;164_26;RESEAU SOCIAL;https://aciege.org/Dct/Fra/Fra_164_26.html
164;164_36;RELATIONS INTERPERSONNELLES;employe_pour;An_2448;Analyse transactionnelle;https://aciege.org/Dct/Fra/An_2448.html
164;164_36;RELATIONS INTERPERSONNELLES;employe_pour;PN_3287;PNL;https://aciege.org/Dct/Fra/PN_3287.html
164;164_36;RELATIONS INTERPERSONNELLES;employe_pour;Pr_3352;Progammation neuro-linguistique;https://aciege.org/Dct/Fra/Pr_3352.html
164;164_26;RESEAU SOCIAL;terme_generique;164_36;RELATIONS INTERPERSONNELLES;https://aciege.org/Dct/Fra/Fra_164_36.html
164;164_39;RESISTANCE AU CHANGEMENT;terme_generique;164_38;CHANGEMENT SOCIAL;https://aciege.org/Dct/Fra/Fra_164_38.html
164;164_55;SCIENCE DU COMPORTEMENT;terme_specifique;164_63;PSYCHOLOGIE;https://aciege.org/Dct/Fra/Fra_164_63.html
164;164_55;SCIENCE DU COMPORTEMENT;terme_specifique;164_56;PSYCHOLOGIE SOCIALE;https://aciege.org/Dct/Fra/Fra_164_56.html
164;164_55;SCIENCE DU COMPORTEMENT;terme_specifique;164_43;SOCIOLOGIE;https://aciege.org/Dct/Fra/Fra_164_43.html
164;164_20;SOCIETE DE CONSOMMATION;terme_generique;164_43;SOCIOLOGIE;https://aciege.org/Dct/Fra/Fra_164_43.html
164;164_43;SOCIOLOGIE;terme_generique;164_55;SCIENCE DU COMPORTEMENT;https://aciege.org/Dct/Fra/Fra_164_55.html
164;164_43;SOCIOLOGIE;terme_specifique;164_42;ANTHROPOLOGIE;https://aciege.org/Dct/Fra/Fra_164_42.html
164;164_43;SOCIOLOGIE;terme_specifique;164_34;DISCRIMINATION;https://aciege.org/Dct/Fra/Fra_164_34.html
164;164_43;SOCIOLOGIE;terme_specifique;164_31;GESTION DU TEMPS;https://aciege.org/Dct/Fra/Fra_164_31.html
164;164_43;SOCIOLOGIE;terme_specifique;164_20;SOCIETE DE CONSOMMATION;https://aciege.org/Dct/Fra/Fra_164_20.html
164;164_43;SOCIOLOGIE;terme_specifique;164_11;SOCIOLOGIE CULTURELLE;https://aciege.org/Dct/Fra/Fra_164_11.html
164;164_43;SOCIOLOGIE;terme_specifique;164_22;SOCIOLOGIE DES ORGANISATIONS;https://aciege.org/Dct/Fra/Fra_164_22.html
164;164_43;SOCIOLOGIE;terme_specifique;164_33;SOCIOLOGIE DU TRAVAIL;https://aciege.org/Dct/Fra/Fra_164_33.html
164;164_43;SOCIOLOGIE;terme_specifique;164_10;SOCIOLOGIE ECONOMIQUE;https://aciege.org/Dct/Fra/Fra_164_10.html
164;164_43;SOCIOLOGIE;terme_specifique;164_00;SOCIOLOGIE POLITIQUE;https://aciege.org/Dct/Fra/Fra_164_00.html
164;164_43;SOCIOLOGIE;employe_pour;So_3499;Sociodrame;https://aciege.org/Dct/Fra/So_3499.html
164;164_43;SOCIOLOGIE;employe_pour;So_3500;Sociologie comparée;https://aciege.org/Dct/Fra/So_3500.html
164;164_11;SOCIOLOGIE CULTURELLE;terme_generique;164_43;SOCIOLOGIE;https://aciege.org/Dct/Fra/Fra_164_43.html
164;164_22;SOCIOLOGIE DES ORGANISATIONS;terme_generique;164_43;SOCIOLOGIE;https://aciege.org/Dct/Fra/Fra_164_43.html
164;164_22;SOCIOLOGIE DES ORGANISATIONS;terme_specifique;164_12;CONFLIT D'ORGANISATION;https://aciege.org/Dct/Fra/Fra_164_12.html
164;164_22;SOCIOLOGIE DES ORGANISATIONS;employe_pour;Co_2653;Comportement organisationnel;https://aciege.org/Dct/Fra/Co_2653.html
164;164_33;SOCIOLOGIE DU TRAVAIL;terme_generique;164_43;SOCIOLOGIE;https://aciege.org/Dct/Fra/Fra_164_43.html
164;164_10;SOCIOLOGIE ECONOMIQUE;terme_generique;164_43;SOCIOLOGIE;https://aciege.org/Dct/Fra/Fra_164_43.html
164;164_00;SOCIOLOGIE POLITIQUE;terme_generique;164_43;SOCIOLOGIE;https://aciege.org/Dct/Fra/Fra_164_43.html
164;164_68;SOCIOMETRIE;terme_generique;164_67;DYNAMIQUE DE GROUPE;https://aciege.org/Dct/Fra/Fra_164_67.html
164;164_68;SOCIOMETRIE;terme_specifique;164_69;LEADERSHIP;https://aciege.org/Dct/Fra/Fra_164_69.html
164;164_86;SONDAGE;terme_generique;164_76;ENQUETE;https://aciege.org/Dct/Fra/Fra_164_76.html
164;164_86;SONDAGE;terme_specifique;164_98;ENTRETIEN;https://aciege.org/Dct/Fra/Fra_164_98.html
164;164_86;SONDAGE;terme_specifique;164_97;QUESTIONNAIRE;https://aciege.org/Dct/Fra/Fra_164_97.html
164;164_61;STRESS;terme_generique;164_62;EMOTION;https://aciege.org/Dct/Fra/Fra_164_62.html
164;164_91;TEST CARACTEROLOGIQUE;terme_generique;164_71;PSYCHOMETRIE;https://aciege.org/Dct/Fra/Fra_164_71.html
164;164_92;TEST GRAPHOLOGIQUE;terme_generique;164_71;PSYCHOMETRIE;https://aciege.org/Dct/Fra/Fra_164_71.html
164;164_90;TEST MORPHOPSYCHOLOGIQUE;terme_generique;164_71;PSYCHOMETRIE;https://aciege.org/Dct/Fra/Fra_164_71.html
164;164_80;TEST PSYCHOTECHNIQUE;terme_generique;164_71;PSYCHOMETRIE;https://aciege.org/Dct/Fra/Fra_164_71.html
164;164_80;TEST PSYCHOTECHNIQUE;employe_pour;Te_3556;Test psychologique;https://aciege.org/Dct/Fra/Te_3556.html
164;164_93;VIOLENCE;terme_generique;164_83;COMPORTEMENT;https://aciege.org/Dct/Fra/Fra_164_83.html
211;211_28;AIDE A LA DECISION;terme_generique;211_37;THEORIE DE LA DECISION;https://aciege.org/Dct/Fra/Fra_211_37.html
211;211_28;AIDE A LA DECISION;employe_pour;He_2966;Heuristique;https://aciege.org/Dct/Fra/He_2966.html
211;211_28;AIDE A LA DECISION;employe_pour;Re_3469;Résolution de problème;https://aciege.org/Dct/Fra/Re_3469.html
211;211_57;ALGEBRE;terme_generique;211_55;MATHEMATIQUES;https://aciege.org/Dct/Fra/Fra_211_55.html
211;211_57;ALGEBRE;terme_specifique;211_77;CALCUL MATRICIEL;https://aciege.org/Dct/Fra/Fra_211_77.html
211;211_57;ALGEBRE;terme_specifique;211_69;LOGIQUE;https://aciege.org/Dct/Fra/Fra_211_69.html
211;211_57;ALGEBRE;employe_pour;Al_2423;Algèbre de Boole;https://aciege.org/Dct/Fra/Al_2423.html
211;211_57;ALGEBRE;employe_pour;Al_2424;Algèbre financière;https://aciege.org/Dct/Fra/Al_2424.html
211;211_57;ALGEBRE;employe_pour;Al_2425;Algèbre linéaire;https://aciege.org/Dct/Fra/Al_2425.html
211;211_57;ALGEBRE;employe_pour;Al_2426;Algèbre non linéaire;https://aciege.org/Dct/Fra/Al_2426.html
211;211_82;ALGORITHME;terme_generique;211_62;ANALYSE NUMERIQUE;https://aciege.org/Dct/Fra/Fra_211_62.html
211;211_95;ANALYSE MATHEMATIQUE;terme_generique;211_55;MATHEMATIQUES;https://aciege.org/Dct/Fra/Fra_211_55.html
211;211_95;ANALYSE MATHEMATIQUE;employe_pour;Ca_2561;Calcul différentiel;https://aciege.org/Dct/Fra/Ca_2561.html
211;211_95;ANALYSE MATHEMATIQUE;employe_pour;Ca_2562;Calcul intégral;https://aciege.org/Dct/Fra/Ca_2562.html
211;211_95;ANALYSE MATHEMATIQUE;employe_pour;De_2783;Dérivée;https://aciege.org/Dct/Fra/De_2783.html
211;211_95;ANALYSE MATHEMATIQUE;employe_pour;In_3084;Intégrale;https://aciege.org/Dct/Fra/In_3084.html
211;211_62;ANALYSE NUMERIQUE;terme_generique;211_55;MATHEMATIQUES;https://aciege.org/Dct/Fra/Fra_211_55.html
211;211_62;ANALYSE NUMERIQUE;terme_specifique;211_82;ALGORITHME;https://aciege.org/Dct/Fra/Fra_211_82.html
211;211_62;ANALYSE NUMERIQUE;terme_specifique;211_50;LISSAGE;https://aciege.org/Dct/Fra/Fra_211_50.html
211;211_62;ANALYSE NUMERIQUE;employe_pour;Ap_2455;Approximation;https://aciege.org/Dct/Fra/Ap_2455.html
211;211_62;ANALYSE NUMERIQUE;employe_pour;Ca_2560;Calcul de série;https://aciege.org/Dct/Fra/Ca_2560.html
211;211_62;ANALYSE NUMERIQUE;employe_pour;Er_2851;Erreur mathématique;https://aciege.org/Dct/Fra/Er_2851.html
211;211_62;ANALYSE NUMERIQUE;employe_pour;Ex_2872;Extrapolation;https://aciege.org/Dct/Fra/Ex_2872.html
211;211_62;ANALYSE NUMERIQUE;employe_pour;In_3081;Interpolation;https://aciege.org/Dct/Fra/In_3081.html
211;211_62;ANALYSE NUMERIQUE;employe_pour;It_3095;Itération;https://aciege.org/Dct/Fra/It_3095.html
211;211_66;ARITHMETIQUE;terme_generique;211_55;MATHEMATIQUES;https://aciege.org/Dct/Fra/Fra_211_55.html
211;211_66;ARITHMETIQUE;employe_pour;Eq_2848;Equation;https://aciege.org/Dct/Fra/Eq_2848.html
211;211_66;ARITHMETIQUE;employe_pour;Lo_3125;Logarithme;https://aciege.org/Dct/Fra/Lo_3125.html
211;211_66;ARITHMETIQUE;employe_pour;Tr_3588;Trigonométrie;https://aciege.org/Dct/Fra/Tr_3588.html
211;211_75;CALCUL;terme_generique;211_55;MATHEMATIQUES;https://aciege.org/Dct/Fra/Fra_211_55.html
211;211_75;CALCUL;employe_pour;Ca_2559;Calcul binaire;https://aciege.org/Dct/Fra/Ca_2559.html
211;211_75;CALCUL;employe_pour;Ca_2563;Calcul vectoriel;https://aciege.org/Dct/Fra/Ca_2563.html
211;211_75;CALCUL;employe_pour;Ve_3626;Vecteur;https://aciege.org/Dct/Fra/Ve_3626.html
211;211_77;CALCUL MATRICIEL;terme_generique;211_57;ALGEBRE;https://aciege.org/Dct/Fra/Fra_211_57.html
211;211_77;CALCUL MATRICIEL;employe_pour;Ma_3184;Matrice;https://aciege.org/Dct/Fra/Ma_3184.html
211;211_64;GEOMETRIE;terme_generique;211_55;MATHEMATIQUES;https://aciege.org/Dct/Fra/Fra_211_55.html
211;211_50;LISSAGE;terme_generique;211_62;ANALYSE NUMERIQUE;https://aciege.org/Dct/Fra/Fra_211_62.html
211;211_69;LOGIQUE;terme_generique;211_57;ALGEBRE;https://aciege.org/Dct/Fra/Fra_211_57.html
211;211_55;MATHEMATIQUES;terme_specifique;211_57;ALGEBRE;https://aciege.org/Dct/Fra/Fra_211_57.html
211;211_55;MATHEMATIQUES;terme_specifique;211_95;ANALYSE MATHEMATIQUE;https://aciege.org/Dct/Fra/Fra_211_95.html
211;211_55;MATHEMATIQUES;terme_specifique;211_62;ANALYSE NUMERIQUE;https://aciege.org/Dct/Fra/Fra_211_62.html
211;211_55;MATHEMATIQUES;terme_specifique;211_66;ARITHMETIQUE;https://aciege.org/Dct/Fra/Fra_211_66.html
211;211_55;MATHEMATIQUES;terme_specifique;211_75;CALCUL;https://aciege.org/Dct/Fra/Fra_211_75.html
211;211_55;MATHEMATIQUES;terme_specifique;211_64;GEOMETRIE;https://aciege.org/Dct/Fra/Fra_211_64.html
211;211_55;MATHEMATIQUES;terme_specifique;211_18;OPTIMISATION;https://aciege.org/Dct/Fra/Fra_211_18.html
211;211_55;MATHEMATIQUES;terme_specifique;211_35;RECHERCHE OPERATIONNELLE;https://aciege.org/Dct/Fra/Fra_211_35.html
211;211_55;MATHEMATIQUES;terme_specifique;211_37;THEORIE DE LA DECISION;https://aciege.org/Dct/Fra/Fra_211_37.html
211;211_55;MATHEMATIQUES;terme_specifique;211_32;THEORIE DES GRAPHES;https://aciege.org/Dct/Fra/Fra_211_32.html
211;211_55;MATHEMATIQUES;employe_pour;Fo_2893;Fonction mathématique;https://aciege.org/Dct/Fra/Fo_2893.html
211;211_55;MATHEMATIQUES;employe_pour;Ma_3183;Mathématiques modernes;https://aciege.org/Dct/Fra/Ma_3183.html
211;211_55;MATHEMATIQUES;employe_pour;Th_3564;Théorie des ensembles;https://aciege.org/Dct/Fra/Th_3564.html
211;211_24;MODELISATION;terme_generique;211_35;RECHERCHE OPERATIONNELLE;https://aciege.org/Dct/Fra/Fra_211_35.html
211;211_18;OPTIMISATION;terme_generique;211_55;MATHEMATIQUES;https://aciege.org/Dct/Fra/Fra_211_55.html
211;211_44;PROGRAMMATION DYNAMIQUE;terme_generique;211_25;PROGRAMMATION MATHEMATIQUE;https://aciege.org/Dct/Fra/Fra_211_25.html
211;211_15;PROGRAMMATION LINEAIRE;terme_generique;211_25;PROGRAMMATION MATHEMATIQUE;https://aciege.org/Dct/Fra/Fra_211_25.html
211;211_25;PROGRAMMATION MATHEMATIQUE;terme_generique;211_35;RECHERCHE OPERATIONNELLE;https://aciege.org/Dct/Fra/Fra_211_35.html
211;211_25;PROGRAMMATION MATHEMATIQUE;terme_specifique;211_44;PROGRAMMATION DYNAMIQUE;https://aciege.org/Dct/Fra/Fra_211_44.html
211;211_25;PROGRAMMATION MATHEMATIQUE;terme_specifique;211_15;PROGRAMMATION LINEAIRE;https://aciege.org/Dct/Fra/Fra_211_15.html
211;211_25;PROGRAMMATION MATHEMATIQUE;terme_specifique;211_46;PROGRAMMATION NON LINEAIRE;https://aciege.org/Dct/Fra/Fra_211_46.html
211;211_25;PROGRAMMATION MATHEMATIQUE;employe_pour;Pr_3355;Programmation convexe;https://aciege.org/Dct/Fra/Pr_3355.html
211;211_25;PROGRAMMATION MATHEMATIQUE;employe_pour;Pr_3356;Programmation par nombres entiers;https://aciege.org/Dct/Fra/Pr_3356.html
211;211_25;PROGRAMMATION MATHEMATIQUE;employe_pour;Pr_3357;Programmation quadratique;https://aciege.org/Dct/Fra/Pr_3357.html
211;211_46;PROGRAMMATION NON LINEAIRE;terme_generique;211_25;PROGRAMMATION MATHEMATIQUE;https://aciege.org/Dct/Fra/Fra_211_25.html
211;211_35;RECHERCHE OPERATIONNELLE;terme_generique;211_55;MATHEMATIQUES;https://aciege.org/Dct/Fra/Fra_211_55.html
211;211_35;RECHERCHE OPERATIONNELLE;terme_specifique;211_24;MODELISATION;https://aciege.org/Dct/Fra/Fra_211_24.html
211;211_35;RECHERCHE OPERATIONNELLE;terme_specifique;211_25;PROGRAMMATION MATHEMATIQUE;https://aciege.org/Dct/Fra/Fra_211_25.html
211;211_35;RECHERCHE OPERATIONNELLE;employe_pour;Mo_3197;Modèle mathématique;https://aciege.org/Dct/Fra/Mo_3197.html
211;211_37;THEORIE DE LA DECISION;terme_generique;211_55;MATHEMATIQUES;https://aciege.org/Dct/Fra/Fra_211_55.html
211;211_37;THEORIE DE LA DECISION;terme_specifique;211_28;AIDE A LA DECISION;https://aciege.org/Dct/Fra/Fra_211_28.html
211;211_32;THEORIE DES GRAPHES;terme_generique;211_55;MATHEMATIQUES;https://aciege.org/Dct/Fra/Fra_211_55.html
212;212_63;ANALYSE COMBINATOIRE;terme_generique;212_53;PROBABILITES;https://aciege.org/Dct/Fra/Fra_212_53.html
212;212_68;ANALYSE DES DONNEES;terme_generique;212_67;STATISTIQUE DESCRIPTIVE;https://aciege.org/Dct/Fra/Fra_212_67.html
212;212_68;ANALYSE DES DONNEES;terme_specifique;212_79;ANALYSE QUALITATIVE;https://aciege.org/Dct/Fra/Fra_212_79.html
212;212_68;ANALYSE DES DONNEES;terme_specifique;212_59;ANALYSE QUANTITATIVE;https://aciege.org/Dct/Fra/Fra_212_59.html
212;212_68;ANALYSE DES DONNEES;employe_pour;AC_2373;ACP;https://aciege.org/Dct/Fra/AC_2373.html
212;212_68;ANALYSE DES DONNEES;employe_pour;An_2432;Analyse canonique;https://aciege.org/Dct/Fra/An_2432.html
212;212_68;ANALYSE DES DONNEES;employe_pour;An_2435;Analyse de variance;https://aciege.org/Dct/Fra/An_2435.html
212;212_68;ANALYSE DES DONNEES;employe_pour;An_2436;Analyse des correspondances;https://aciege.org/Dct/Fra/An_2436.html
212;212_68;ANALYSE DES DONNEES;employe_pour;An_2437;Analyse discriminante;https://aciege.org/Dct/Fra/An_2437.html
212;212_68;ANALYSE DES DONNEES;employe_pour;An_2439;Analyse en composantes principales;https://aciege.org/Dct/Fra/An_2439.html
212;212_68;ANALYSE DES DONNEES;employe_pour;An_2441;Analyse factorielle;https://aciege.org/Dct/Fra/An_2441.html
212;212_68;ANALYSE DES DONNEES;employe_pour;An_2443;Analyse multidimensionnelle;https://aciege.org/Dct/Fra/An_2443.html
212;212_68;ANALYSE DES DONNEES;employe_pour;An_2444;Analyse multivariance;https://aciege.org/Dct/Fra/An_2444.html
212;212_68;ANALYSE DES DONNEES;employe_pour;An_2447;Analyse séquentielle;https://aciege.org/Dct/Fra/An_2447.html
212;212_79;ANALYSE QUALITATIVE;terme_generique;212_68;ANALYSE DES DONNEES;https://aciege.org/Dct/Fra/Fra_212_68.html
212;212_59;ANALYSE QUANTITATIVE;terme_generique;212_68;ANALYSE DES DONNEES;https://aciege.org/Dct/Fra/Fra_212_68.html
212;212_61;DISTRIBUTION STATISTIQUE;terme_generique;212_53;PROBABILITES;https://aciege.org/Dct/Fra/Fra_212_53.html
212;212_61;DISTRIBUTION STATISTIQUE;employe_pour;Di_2748;Distribution binomiale;https://aciege.org/Dct/Fra/Di_2748.html
212;212_61;DISTRIBUTION STATISTIQUE;employe_pour;Di_2749;Distribution de Gauss;https://aciege.org/Dct/Fra/Di_2749.html
212;212_61;DISTRIBUTION STATISTIQUE;employe_pour;Di_2750;Distribution de Poisson;https://aciege.org/Dct/Fra/Di_2750.html
212;212_84;ECHANTILLONNAGE;terme_generique;212_65;STATISTIQUE MATHEMATIQUE;https://aciege.org/Dct/Fra/Fra_212_65.html
212;212_84;ECHANTILLONNAGE;employe_pour;Di_2741;Dispersion;https://aciege.org/Dct/Fra/Di_2741.html
212;212_84;ECHANTILLONNAGE;employe_pour;Ho_2967;Homogénéité;https://aciege.org/Dct/Fra/Ho_2967.html
212;212_84;ECHANTILLONNAGE;employe_pour;He_2970;Hétérogénéité;https://aciege.org/Dct/Fra/He_2970.html
212;212_84;ECHANTILLONNAGE;employe_pour;No_3231;Nombre au hasard;https://aciege.org/Dct/Fra/No_3231.html
212;212_84;ECHANTILLONNAGE;employe_pour;Po_3329;Population statistique;https://aciege.org/Dct/Fra/Po_3329.html
212;212_84;ECHANTILLONNAGE;employe_pour;St_3519;Stratification;https://aciege.org/Dct/Fra/St_3519.html
212;212_85;ESTIMATION STATISTIQUE;terme_generique;212_65;STATISTIQUE MATHEMATIQUE;https://aciege.org/Dct/Fra/Fra_212_65.html
212;212_85;ESTIMATION STATISTIQUE;terme_specifique;212_95;PREVISION;https://aciege.org/Dct/Fra/Fra_212_95.html
212;212_85;ESTIMATION STATISTIQUE;employe_pour;Er_2852;Erreur statistique;https://aciege.org/Dct/Fra/Er_2852.html
212;212_85;ESTIMATION STATISTIQUE;employe_pour;In_3083;Intervalle de confiance;https://aciege.org/Dct/Fra/In_3083.html
212;212_85;ESTIMATION STATISTIQUE;employe_pour;Ri_3443;Risque statistique;https://aciege.org/Dct/Fra/Ri_3443.html
212;212_95;PREVISION;terme_generique;212_85;ESTIMATION STATISTIQUE;https://aciege.org/Dct/Fra/Fra_212_85.html
212;212_53;PROBABILITES;terme_generique;212_55;STATISTIQUE;https://aciege.org/Dct/Fra/Fra_212_55.html
212;212_53;PROBABILITES;terme_specifique;212_63;ANALYSE COMBINATOIRE;https://aciege.org/Dct/Fra/Fra_212_63.html
212;212_53;PROBABILITES;terme_specifique;212_61;DISTRIBUTION STATISTIQUE;https://aciege.org/Dct/Fra/Fra_212_61.html
212;212_53;PROBABILITES;terme_specifique;212_81;PROCESSUS STOCHASTIQUE;https://aciege.org/Dct/Fra/Fra_212_81.html
212;212_53;PROBABILITES;terme_specifique;212_31;THEORIE DES FONCTIONS ALEATOIRES;https://aciege.org/Dct/Fra/Fra_212_31.html
212;212_53;PROBABILITES;employe_pour;Aj_2422;Ajustement à une loi;https://aciege.org/Dct/Fra/Aj_2422.html
212;212_53;PROBABILITES;employe_pour;Lo_3129;Loi des grands nombres;https://aciege.org/Dct/Fra/Lo_3129.html
212;212_53;PROBABILITES;employe_pour;Me_3218;Méthode de Monte Carlo;https://aciege.org/Dct/Fra/Me_3218.html
212;212_53;PROBABILITES;employe_pour;Th_3559;Théorie de Bayes;https://aciege.org/Dct/Fra/Th_3559.html
212;212_81;PROCESSUS STOCHASTIQUE;terme_generique;212_53;PROBABILITES;https://aciege.org/Dct/Fra/Fra_212_53.html
212;212_81;PROCESSUS STOCHASTIQUE;employe_pour;Ch_2614;Chaîne de Markov;https://aciege.org/Dct/Fra/Ch_2614.html
212;212_26;SERIE CHRONOLOGIQUE;terme_generique;212_55;STATISTIQUE;https://aciege.org/Dct/Fra/Fra_212_55.html
212;212_26;SERIE CHRONOLOGIQUE;employe_pour;In_3060;Indice;https://aciege.org/Dct/Fra/In_3060.html
212;212_26;SERIE CHRONOLOGIQUE;employe_pour;Va_3625;Variation saisonnière;https://aciege.org/Dct/Fra/Va_3625.html
212;212_55;STATISTIQUE;terme_specifique;212_53;PROBABILITES;https://aciege.org/Dct/Fra/Fra_212_53.html
212;212_55;STATISTIQUE;terme_specifique;212_26;SERIE CHRONOLOGIQUE;https://aciege.org/Dct/Fra/Fra_212_26.html
212;212_55;STATISTIQUE;terme_specifique;212_67;STATISTIQUE DESCRIPTIVE;https://aciege.org/Dct/Fra/Fra_212_67.html
212;212_55;STATISTIQUE;terme_specifique;212_65;STATISTIQUE MATHEMATIQUE;https://aciege.org/Dct/Fra/Fra_212_65.html
212;212_67;STATISTIQUE DESCRIPTIVE;terme_generique;212_55;STATISTIQUE;https://aciege.org/Dct/Fra/Fra_212_55.html
212;212_67;STATISTIQUE DESCRIPTIVE;terme_specifique;212_68;ANALYSE DES DONNEES;https://aciege.org/Dct/Fra/Fra_212_68.html
212;212_67;STATISTIQUE DESCRIPTIVE;employe_pour;An_2440;Analyse en grappe;https://aciege.org/Dct/Fra/An_2440.html
212;212_67;STATISTIQUE DESCRIPTIVE;employe_pour;An_2446;Analyse statistique;https://aciege.org/Dct/Fra/An_2446.html
212;212_67;STATISTIQUE DESCRIPTIVE;employe_pour;Co_2698;Corrélation;https://aciege.org/Dct/Fra/Co_2698.html
212;212_67;STATISTIQUE DESCRIPTIVE;employe_pour;Co_2703;Covariance;https://aciege.org/Dct/Fra/Co_2703.html
212;212_67;STATISTIQUE DESCRIPTIVE;employe_pour;Mo_3205;Moyenne;https://aciege.org/Dct/Fra/Mo_3205.html
212;212_67;STATISTIQUE DESCRIPTIVE;employe_pour;Ob_3246;Observation statistique;https://aciege.org/Dct/Fra/Ob_3246.html
212;212_67;STATISTIQUE DESCRIPTIVE;employe_pour;Re_3423;Relation statistique;https://aciege.org/Dct/Fra/Re_3423.html
212;212_67;STATISTIQUE DESCRIPTIVE;employe_pour;Re_3458;Régression;https://aciege.org/Dct/Fra/Re_3458.html
212;212_67;STATISTIQUE DESCRIPTIVE;employe_pour;Va_3624;Variance;https://aciege.org/Dct/Fra/Va_3624.html
212;212_65;STATISTIQUE MATHEMATIQUE;terme_generique;212_55;STATISTIQUE;https://aciege.org/Dct/Fra/Fra_212_55.html
212;212_65;STATISTIQUE MATHEMATIQUE;terme_specifique;212_84;ECHANTILLONNAGE;https://aciege.org/Dct/Fra/Fra_212_84.html
212;212_65;STATISTIQUE MATHEMATIQUE;terme_specifique;212_85;ESTIMATION STATISTIQUE;https://aciege.org/Dct/Fra/Fra_212_85.html
212;212_65;STATISTIQUE MATHEMATIQUE;terme_specifique;212_86;TEST;https://aciege.org/Dct/Fra/Fra_212_86.html
212;212_86;TEST;terme_generique;212_65;STATISTIQUE MATHEMATIQUE;https://aciege.org/Dct/Fra/Fra_212_65.html
212;212_86;TEST;terme_specifique;212_97;TEST NON PARAMETRIQUE;https://aciege.org/Dct/Fra/Fra_212_97.html
212;212_86;TEST;terme_specifique;212_96;TEST PARAMETRIQUE;https://aciege.org/Dct/Fra/Fra_212_96.html
212;212_97;TEST NON PARAMETRIQUE;terme_generique;212_86;TEST;https://aciege.org/Dct/Fra/Fra_212_86.html
212;212_96;TEST PARAMETRIQUE;terme_generique;212_86;TEST;https://aciege.org/Dct/Fra/Fra_212_86.html
212;212_31;THEORIE DES FONCTIONS ALEATOIRES;terme_generique;212_53;PROBABILITES;https://aciege.org/Dct/Fra/Fra_212_53.html
213;213_33;ANALYSE INFORMATIQUE;terme_generique;213_55;INFORMATIQUE;https://aciege.org/Dct/Fra/Fra_213_55.html
213;213_33;ANALYSE INFORMATIQUE;terme_specifique;213_14;FICHIER;https://aciege.org/Dct/Fra/Fra_213_14.html
213;213_33;ANALYSE INFORMATIQUE;terme_specifique;213_25;PROGRAMMATION INFORMATIQUE;https://aciege.org/Dct/Fra/Fra_213_25.html
213;213_33;ANALYSE INFORMATIQUE;employe_pour;An_2442;Analyse fonctionnelle;https://aciege.org/Dct/Fra/An_2442.html
213;213_33;ANALYSE INFORMATIQUE;employe_pour;An_2445;Analyse organique;https://aciege.org/Dct/Fra/An_2445.html
213;213_53;APPLICATION DE L'INFORMATIQUE;terme_generique;213_55;INFORMATIQUE;https://aciege.org/Dct/Fra/Fra_213_55.html
213;213_53;APPLICATION DE L'INFORMATIQUE;terme_specifique;213_41;APPLICATION MOBILE;https://aciege.org/Dct/Fra/Fra_213_41.html
213;213_53;APPLICATION DE L'INFORMATIQUE;terme_specifique;213_63;ARCHITECTURE INFORMATIQUE;https://aciege.org/Dct/Fra/Fra_213_63.html
213;213_53;APPLICATION DE L'INFORMATIQUE;terme_specifique;213_71;INFORMATIQUE DE GESTION;https://aciege.org/Dct/Fra/Fra_213_71.html
213;213_53;APPLICATION DE L'INFORMATIQUE;terme_specifique;213_11;INFORMATIQUE DOCUMENTAIRE;https://aciege.org/Dct/Fra/Fra_213_11.html
213;213_53;APPLICATION DE L'INFORMATIQUE;terme_specifique;213_51;INFORMATIQUE INDUSTRIELLE;https://aciege.org/Dct/Fra/Fra_213_51.html
213;213_53;APPLICATION DE L'INFORMATIQUE;terme_specifique;213_20;INTELLIGENCE ARTIFICIELLE;https://aciege.org/Dct/Fra/Fra_213_20.html
213;213_53;APPLICATION DE L'INFORMATIQUE;employe_pour;XA_3652;XAO;https://aciege.org/Dct/Fra/XA_3652.html
213;213_41;APPLICATION MOBILE;terme_generique;213_53;APPLICATION DE L'INFORMATIQUE;https://aciege.org/Dct/Fra/Fra_213_53.html
213;213_63;ARCHITECTURE INFORMATIQUE;terme_generique;213_53;APPLICATION DE L'INFORMATIQUE;https://aciege.org/Dct/Fra/Fra_213_53.html
213;213_85;AUTHENTIFICATION;terme_generique;213_75;SECURITE INFORMATIQUE;https://aciege.org/Dct/Fra/Fra_213_75.html
213;213_85;AUTHENTIFICATION;employe_pour;Au_2491;Authentification biometrique;https://aciege.org/Dct/Fra/Au_2491.html
213;213_85;AUTHENTIFICATION;employe_pour;Si_3496;Signature électronique;https://aciege.org/Dct/Fra/Si_3496.html
213;213_03;BASE DE DONNEES;terme_generique;213_14;FICHIER;https://aciege.org/Dct/Fra/Fra_213_14.html
213;213_03;BASE DE DONNEES;terme_specifique;213_02;CHAINE DE BLOC;https://aciege.org/Dct/Fra/Fra_213_02.html
213;213_03;BASE DE DONNEES;employe_pour;SG_3476;SGBD;https://aciege.org/Dct/Fra/SG_3476.html
213;213_03;BASE DE DONNEES;employe_pour;Sy_3526;Système de Gestion de Base de Données;https://aciege.org/Dct/Fra/Sy_3526.html
213;213_15;BUREAUTIQUE;terme_generique;213_45;SYSTEME D'INFORMATION;https://aciege.org/Dct/Fra/Fra_213_45.html
213;213_15;BUREAUTIQUE;terme_specifique;213_04;TABLEUR;https://aciege.org/Dct/Fra/Fra_213_04.html
213;213_15;BUREAUTIQUE;terme_specifique;213_05;TRAITEMENT DE TEXTE;https://aciege.org/Dct/Fra/Fra_213_05.html
213;213_99;CARTE A MEMOIRE;terme_generique;213_77;SUPPORT INFORMATIQUE;https://aciege.org/Dct/Fra/Fra_213_77.html
213;213_99;CARTE A MEMOIRE;employe_pour;Ca_2574;Carte magnétique;https://aciege.org/Dct/Fra/Ca_2574.html
213;213_99;CARTE A MEMOIRE;employe_pour;Ca_2575;Carte à puce;https://aciege.org/Dct/Fra/Ca_2575.html
213;213_99;CARTE A MEMOIRE;employe_pour;Te_3599;Télécarte;https://aciege.org/Dct/Fra/Te_3599.html
213;213_02;CHAINE DE BLOC;terme_generique;213_03;BASE DE DONNEES;https://aciege.org/Dct/Fra/Fra_213_03.html
213;213_82;CLIENT SERVEUR;terme_generique;213_73;MODE D'EXPLOITATION;https://aciege.org/Dct/Fra/Fra_213_73.html
213;213_97;DISQUE MAGNETIQUE;terme_generique;213_77;SUPPORT INFORMATIQUE;https://aciege.org/Dct/Fra/Fra_213_77.html
213;213_97;DISQUE MAGNETIQUE;employe_pour;Di_2744;Disquette;https://aciege.org/Dct/Fra/Di_2744.html
213;213_97;DISQUE MAGNETIQUE;employe_pour;Un_3613;Unité de disque magnétique;https://aciege.org/Dct/Fra/Un_3613.html
213;213_98;DISQUE OPTIQUE;terme_generique;213_77;SUPPORT INFORMATIQUE;https://aciege.org/Dct/Fra/Fra_213_77.html
213;213_98;DISQUE OPTIQUE;employe_pour;CD_2548;CD-ROM;https://aciege.org/Dct/Fra/CD_2548.html
213;213_98;DISQUE OPTIQUE;employe_pour;Ce_2724;Cédérom;https://aciege.org/Dct/Fra/Ce_2724.html
213;213_98;DISQUE OPTIQUE;employe_pour;DV_2729;DVD;https://aciege.org/Dct/Fra/DV_2729.html
213;213_98;DISQUE OPTIQUE;employe_pour;Di_2742;Disque compact;https://aciege.org/Dct/Fra/Di_2742.html
213;213_98;DISQUE OPTIQUE;employe_pour;Di_2743;Disque optique numérique;https://aciege.org/Dct/Fra/Di_2743.html
213;213_14;FICHIER;terme_generique;213_33;ANALYSE INFORMATIQUE;https://aciege.org/Dct/Fra/Fra_213_33.html
213;213_14;FICHIER;terme_specifique;213_03;BASE DE DONNEES;https://aciege.org/Dct/Fra/Fra_213_03.html
213;213_14;FICHIER;employe_pour;Fi_2884;Fichier de données;https://aciege.org/Dct/Fra/Fi_2884.html
213;213_14;FICHIER;employe_pour;Fi_2885;Fichier inverse;https://aciege.org/Dct/Fra/Fi_2885.html
213;213_55;INFORMATIQUE;terme_specifique;213_33;ANALYSE INFORMATIQUE;https://aciege.org/Dct/Fra/Fra_213_33.html
213;213_55;INFORMATIQUE;terme_specifique;213_53;APPLICATION DE L'INFORMATIQUE;https://aciege.org/Dct/Fra/Fra_213_53.html
213;213_55;INFORMATIQUE;terme_specifique;213_94;INFORMATISATION;https://aciege.org/Dct/Fra/Fra_213_94.html
213;213_55;INFORMATIQUE;terme_specifique;213_46;INFRASTRUCTURE INFORMATIQUE;https://aciege.org/Dct/Fra/Fra_213_46.html
213;213_55;INFORMATIQUE;terme_specifique;213_16;LOGICIEL;https://aciege.org/Dct/Fra/Fra_213_16.html
213;213_55;INFORMATIQUE;terme_specifique;213_57;MATERIEL INFORMATIQUE;https://aciege.org/Dct/Fra/Fra_213_57.html
213;213_55;INFORMATIQUE;terme_specifique;213_73;MODE D'EXPLOITATION;https://aciege.org/Dct/Fra/Fra_213_73.html
213;213_55;INFORMATIQUE;terme_specifique;213_75;SECURITE INFORMATIQUE;https://aciege.org/Dct/Fra/Fra_213_75.html
213;213_55;INFORMATIQUE;terme_specifique;213_45;SYSTEME D'INFORMATION;https://aciege.org/Dct/Fra/Fra_213_45.html
213;213_55;INFORMATIQUE;employe_pour;Se_3494;Service informatique;https://aciege.org/Dct/Fra/Se_3494.html
213;213_71;INFORMATIQUE DE GESTION;terme_generique;213_53;APPLICATION DE L'INFORMATIQUE;https://aciege.org/Dct/Fra/Fra_213_53.html
213;213_71;INFORMATIQUE DE GESTION;employe_pour;ER_2798;ERP;https://aciege.org/Dct/Fra/ER_2798.html
213;213_71;INFORMATIQUE DE GESTION;employe_pour;Ge_2937;Gestion intégrée;https://aciege.org/Dct/Fra/Ge_2937.html
213;213_71;INFORMATIQUE DE GESTION;employe_pour;Pr_3354;Progiciel de gestion intégré;https://aciege.org/Dct/Fra/Pr_3354.html
213;213_11;INFORMATIQUE DOCUMENTAIRE;terme_generique;213_53;APPLICATION DE L'INFORMATIQUE;https://aciege.org/Dct/Fra/Fra_213_53.html
213;213_47;INFORMATIQUE EN NUAGE;terme_generique;213_46;INFRASTRUCTURE INFORMATIQUE;https://aciege.org/Dct/Fra/Fra_213_46.html
213;213_51;INFORMATIQUE INDUSTRIELLE;terme_generique;213_53;APPLICATION DE L'INFORMATIQUE;https://aciege.org/Dct/Fra/Fra_213_53.html
213;213_94;INFORMATISATION;terme_generique;213_55;INFORMATIQUE;https://aciege.org/Dct/Fra/Fra_213_55.html
213;213_46;INFRASTRUCTURE INFORMATIQUE;terme_generique;213_55;INFORMATIQUE;https://aciege.org/Dct/Fra/Fra_213_55.html
213;213_46;INFRASTRUCTURE INFORMATIQUE;terme_specifique;213_47;INFORMATIQUE EN NUAGE;https://aciege.org/Dct/Fra/Fra_213_47.html
213;213_20;INTELLIGENCE ARTIFICIELLE;terme_generique;213_53;APPLICATION DE L'INFORMATIQUE;https://aciege.org/Dct/Fra/Fra_213_53.html
213;213_20;INTELLIGENCE ARTIFICIELLE;employe_pour;Sy_3527;Système expert;https://aciege.org/Dct/Fra/Sy_3527.html
213;213_27;LANGAGE INFORMATIQUE;terme_generique;213_16;LOGICIEL;https://aciege.org/Dct/Fra/Fra_213_16.html
213;213_27;LANGAGE INFORMATIQUE;employe_pour;As_2471;Assembleur;https://aciege.org/Dct/Fra/As_2471.html
213;213_16;LOGICIEL;terme_generique;213_55;INFORMATIQUE;https://aciege.org/Dct/Fra/Fra_213_55.html
213;213_16;LOGICIEL;terme_specifique;213_27;LANGAGE INFORMATIQUE;https://aciege.org/Dct/Fra/Fra_213_27.html
213;213_16;LOGICIEL;terme_specifique;213_07;SYSTEME D'EXPLOITATION;https://aciege.org/Dct/Fra/Fra_213_07.html
213;213_16;LOGICIEL;employe_pour;Pr_3353;Progiciel;https://aciege.org/Dct/Fra/Pr_3353.html
213;213_16;LOGICIEL;employe_pour;Pr_3359;Programme informatique;https://aciege.org/Dct/Fra/Pr_3359.html
213;213_57;MATERIEL INFORMATIQUE;terme_generique;213_55;INFORMATIQUE;https://aciege.org/Dct/Fra/Fra_213_55.html
213;213_57;MATERIEL INFORMATIQUE;terme_specifique;213_49;ORDINATEUR;https://aciege.org/Dct/Fra/Fra_213_49.html
213;213_57;MATERIEL INFORMATIQUE;terme_specifique;213_59;PERIPHERIQUE INFORMATIQUE;https://aciege.org/Dct/Fra/Fra_213_59.html
213;213_57;MATERIEL INFORMATIQUE;terme_specifique;213_77;SUPPORT INFORMATIQUE;https://aciege.org/Dct/Fra/Fra_213_77.html
213;213_57;MATERIEL INFORMATIQUE;terme_specifique;213_69;TERMINAL;https://aciege.org/Dct/Fra/Fra_213_69.html
213;213_73;MODE D'EXPLOITATION;terme_generique;213_55;INFORMATIQUE;https://aciege.org/Dct/Fra/Fra_213_55.html
213;213_73;MODE D'EXPLOITATION;terme_specifique;213_82;CLIENT SERVEUR;https://aciege.org/Dct/Fra/Fra_213_82.html
213;213_73;MODE D'EXPLOITATION;terme_specifique;213_92;RESEAU INFORMATIQUE;https://aciege.org/Dct/Fra/Fra_213_92.html
213;213_73;MODE D'EXPLOITATION;employe_pour;Te_3551;Temps réel;https://aciege.org/Dct/Fra/Te_3551.html
213;213_73;MODE D'EXPLOITATION;employe_pour;To_3569;Tolérance de pannes;https://aciege.org/Dct/Fra/To_3569.html
213;213_73;MODE D'EXPLOITATION;employe_pour;Tr_3576;Traitement par lots;https://aciege.org/Dct/Fra/Tr_3576.html
213;213_49;ORDINATEUR;terme_generique;213_57;MATERIEL INFORMATIQUE;https://aciege.org/Dct/Fra/Fra_213_57.html
213;213_49;ORDINATEUR;employe_pour;Mi_3190;Microprocesseur;https://aciege.org/Dct/Fra/Mi_3190.html
213;213_49;ORDINATEUR;employe_pour;Pr_3349;Processeur;https://aciege.org/Dct/Fra/Pr_3349.html
213;213_49;ORDINATEUR;employe_pour;Un_3612;Unité centrale;https://aciege.org/Dct/Fra/Un_3612.html
213;213_59;PERIPHERIQUE INFORMATIQUE;terme_generique;213_57;MATERIEL INFORMATIQUE;https://aciege.org/Dct/Fra/Fra_213_57.html
213;213_59;PERIPHERIQUE INFORMATIQUE;employe_pour;Im_3053;Imprimante;https://aciege.org/Dct/Fra/Im_3053.html
213;213_25;PROGRAMMATION INFORMATIQUE;terme_generique;213_33;ANALYSE INFORMATIQUE;https://aciege.org/Dct/Fra/Fra_213_33.html
213;213_25;PROGRAMMATION INFORMATIQUE;employe_pour;Or_3255;Ordinogramme;https://aciege.org/Dct/Fra/Or_3255.html
213;213_92;RESEAU INFORMATIQUE;terme_generique;213_73;MODE D'EXPLOITATION;https://aciege.org/Dct/Fra/Fra_213_73.html
213;213_34;SCHEMA DIRECTEUR;terme_generique;213_45;SYSTEME D'INFORMATION;https://aciege.org/Dct/Fra/Fra_213_45.html
213;213_75;SECURITE INFORMATIQUE;terme_generique;213_55;INFORMATIQUE;https://aciege.org/Dct/Fra/Fra_213_55.html
213;213_75;SECURITE INFORMATIQUE;terme_specifique;213_85;AUTHENTIFICATION;https://aciege.org/Dct/Fra/Fra_213_85.html
213;213_75;SECURITE INFORMATIQUE;employe_pour;Cy_2723;Cybersécurité;https://aciege.org/Dct/Fra/Cy_2723.html
213;213_77;SUPPORT INFORMATIQUE;terme_generique;213_57;MATERIEL INFORMATIQUE;https://aciege.org/Dct/Fra/Fra_213_57.html
213;213_77;SUPPORT INFORMATIQUE;terme_specifique;213_99;CARTE A MEMOIRE;https://aciege.org/Dct/Fra/Fra_213_99.html
213;213_77;SUPPORT INFORMATIQUE;terme_specifique;213_97;DISQUE MAGNETIQUE;https://aciege.org/Dct/Fra/Fra_213_97.html
213;213_77;SUPPORT INFORMATIQUE;terme_specifique;213_98;DISQUE OPTIQUE;https://aciege.org/Dct/Fra/Fra_213_98.html
213;213_77;SUPPORT INFORMATIQUE;employe_pour;Me_3211;Mémoire de masse;https://aciege.org/Dct/Fra/Me_3211.html
213;213_07;SYSTEME D'EXPLOITATION;terme_generique;213_16;LOGICIEL;https://aciege.org/Dct/Fra/Fra_213_16.html
213;213_07;SYSTEME D'EXPLOITATION;employe_pour;DO_2726;DOS;https://aciege.org/Dct/Fra/DO_2726.html
213;213_07;SYSTEME D'EXPLOITATION;employe_pour;Di_2740;Disk Operating System;https://aciege.org/Dct/Fra/Di_2740.html
213;213_45;SYSTEME D'INFORMATION;terme_generique;213_55;INFORMATIQUE;https://aciege.org/Dct/Fra/Fra_213_55.html
213;213_45;SYSTEME D'INFORMATION;terme_specifique;213_15;BUREAUTIQUE;https://aciege.org/Dct/Fra/Fra_213_15.html
213;213_45;SYSTEME D'INFORMATION;terme_specifique;213_34;SCHEMA DIRECTEUR;https://aciege.org/Dct/Fra/Fra_213_34.html
213;213_04;TABLEUR;terme_generique;213_15;BUREAUTIQUE;https://aciege.org/Dct/Fra/Fra_213_15.html
213;213_69;TERMINAL;terme_generique;213_57;MATERIEL INFORMATIQUE;https://aciege.org/Dct/Fra/Fra_213_57.html
213;213_69;TERMINAL;employe_pour;Ec_2816;Ecran de visualisation;https://aciege.org/Dct/Fra/Ec_2816.html
213;213_05;TRAITEMENT DE TEXTE;terme_generique;213_15;BUREAUTIQUE;https://aciege.org/Dct/Fra/Fra_213_15.html
222;222_77;AUDIOVISUEL;terme_generique;222_75;MEDIA;https://aciege.org/Dct/Fra/Fra_222_75.html
222;222_77;AUDIOVISUEL;terme_specifique;222_89;FILM D'ENTREPRISE;https://aciege.org/Dct/Fra/Fra_222_89.html
222;222_77;AUDIOVISUEL;terme_specifique;222_96;RADIO;https://aciege.org/Dct/Fra/Fra_222_96.html
222;222_77;AUDIOVISUEL;terme_specifique;222_98;TELEVISION;https://aciege.org/Dct/Fra/Fra_222_98.html
222;222_77;AUDIOVISUEL;terme_specifique;222_97;VIDEO;https://aciege.org/Dct/Fra/Fra_222_97.html
222;222_55;COMMUNICATION;terme_specifique;222_58;COMMUNICATION DE GROUPE;https://aciege.org/Dct/Fra/Fra_222_58.html
222;222_55;COMMUNICATION;terme_specifique;222_13;COMMUNICATION ECRITE;https://aciege.org/Dct/Fra/Fra_222_13.html
222;222_55;COMMUNICATION;terme_specifique;222_34;COMMUNICATION INTERCULTURELLE;https://aciege.org/Dct/Fra/Fra_222_34.html
222;222_55;COMMUNICATION;terme_specifique;222_22;COMMUNICATION NON VERBALE;https://aciege.org/Dct/Fra/Fra_222_22.html
222;222_55;COMMUNICATION;terme_specifique;222_15;COMMUNICATION ORALE;https://aciege.org/Dct/Fra/Fra_222_15.html
222;222_55;COMMUNICATION;terme_specifique;222_02;COMMUNICATION PAR L'IMAGE;https://aciege.org/Dct/Fra/Fra_222_02.html
222;222_55;COMMUNICATION;terme_specifique;222_75;MEDIA;https://aciege.org/Dct/Fra/Fra_222_75.html
222;222_55;COMMUNICATION;terme_specifique;222_45;NEGOCIATION;https://aciege.org/Dct/Fra/Fra_222_45.html
222;222_55;COMMUNICATION;terme_specifique;222_46;PERSUASION;https://aciege.org/Dct/Fra/Fra_222_46.html
222;222_55;COMMUNICATION;terme_specifique;222_63;POLITIQUE DE COMMUNICATION;https://aciege.org/Dct/Fra/Fra_222_63.html
222;222_55;COMMUNICATION;employe_pour;Co_2647;Communication humaine;https://aciege.org/Dct/Fra/Co_2647.html
222;222_55;COMMUNICATION;employe_pour;Th_3561;Théorie de la communication;https://aciege.org/Dct/Fra/Th_3561.html
222;222_58;COMMUNICATION DE GROUPE;terme_generique;222_55;COMMUNICATION;https://aciege.org/Dct/Fra/Fra_222_55.html
222;222_58;COMMUNICATION DE GROUPE;terme_specifique;222_37;CONFERENCE;https://aciege.org/Dct/Fra/Fra_222_37.html
222;222_58;COMMUNICATION DE GROUPE;terme_specifique;222_29;CONGRES;https://aciege.org/Dct/Fra/Fra_222_29.html
222;222_58;COMMUNICATION DE GROUPE;terme_specifique;222_17;DISCOURS;https://aciege.org/Dct/Fra/Fra_222_17.html
222;222_58;COMMUNICATION DE GROUPE;terme_specifique;222_27;EXPOSE;https://aciege.org/Dct/Fra/Fra_222_27.html
222;222_58;COMMUNICATION DE GROUPE;terme_specifique;222_59;REUNION;https://aciege.org/Dct/Fra/Fra_222_59.html
222;222_13;COMMUNICATION ECRITE;terme_generique;222_55;COMMUNICATION;https://aciege.org/Dct/Fra/Fra_222_55.html
222;222_61;COMMUNICATION EVENEMENTIELLE;terme_generique;222_63;POLITIQUE DE COMMUNICATION;https://aciege.org/Dct/Fra/Fra_222_63.html
222;222_62;COMMUNICATION INSTITUTIONNELLE;terme_generique;222_63;POLITIQUE DE COMMUNICATION;https://aciege.org/Dct/Fra/Fra_222_63.html
222;222_62;COMMUNICATION INSTITUTIONNELLE;terme_specifique;222_60;MECENAT;https://aciege.org/Dct/Fra/Fra_222_60.html
222;222_62;COMMUNICATION INSTITUTIONNELLE;employe_pour;Pu_3381;Publicité institutionnelle;https://aciege.org/Dct/Fra/Pu_3381.html
222;222_34;COMMUNICATION INTERCULTURELLE;terme_generique;222_55;COMMUNICATION;https://aciege.org/Dct/Fra/Fra_222_55.html
222;222_53;COMMUNICATION INTERNE;terme_generique;222_63;POLITIQUE DE COMMUNICATION;https://aciege.org/Dct/Fra/Fra_222_63.html
222;222_53;COMMUNICATION INTERNE;terme_specifique;222_31;INFORMATION ASCENDANTE;https://aciege.org/Dct/Fra/Fra_222_31.html
222;222_53;COMMUNICATION INTERNE;terme_specifique;222_51;INFORMATION DU PERSONNEL;https://aciege.org/Dct/Fra/Fra_222_51.html
222;222_53;COMMUNICATION INTERNE;terme_specifique;222_33;INFORMATION LATERALE;https://aciege.org/Dct/Fra/Fra_222_33.html
222;222_53;COMMUNICATION INTERNE;employe_pour;Ma_3175;Marketing interne;https://aciege.org/Dct/Fra/Ma_3175.html
222;222_22;COMMUNICATION NON VERBALE;terme_generique;222_55;COMMUNICATION;https://aciege.org/Dct/Fra/Fra_222_55.html
222;222_22;COMMUNICATION NON VERBALE;employe_pour;Sy_3525;Synergologie;https://aciege.org/Dct/Fra/Sy_3525.html
222;222_15;COMMUNICATION ORALE;terme_generique;222_55;COMMUNICATION;https://aciege.org/Dct/Fra/Fra_222_55.html
222;222_02;COMMUNICATION PAR L'IMAGE;terme_generique;222_55;COMMUNICATION;https://aciege.org/Dct/Fra/Fra_222_55.html
222;222_37;CONFERENCE;terme_generique;222_58;COMMUNICATION DE GROUPE;https://aciege.org/Dct/Fra/Fra_222_58.html
222;222_29;CONGRES;terme_generique;222_58;COMMUNICATION DE GROUPE;https://aciege.org/Dct/Fra/Fra_222_58.html
222;222_17;DISCOURS;terme_generique;222_58;COMMUNICATION DE GROUPE;https://aciege.org/Dct/Fra/Fra_222_58.html
222;222_17;DISCOURS;employe_pour;Ar_2465;Argumentation;https://aciege.org/Dct/Fra/Ar_2465.html
222;222_17;DISCOURS;employe_pour;Rh_3440;Rhétorique;https://aciege.org/Dct/Fra/Rh_3440.html
222;222_27;EXPOSE;terme_generique;222_58;COMMUNICATION DE GROUPE;https://aciege.org/Dct/Fra/Fra_222_58.html
222;222_27;EXPOSE;employe_pour;Co_2635;Commentaire;https://aciege.org/Dct/Fra/Co_2635.html
222;222_89;FILM D'ENTREPRISE;terme_generique;222_77;AUDIOVISUEL;https://aciege.org/Dct/Fra/Fra_222_77.html
222;222_31;INFORMATION ASCENDANTE;terme_generique;222_53;COMMUNICATION INTERNE;https://aciege.org/Dct/Fra/Fra_222_53.html
222;222_31;INFORMATION ASCENDANTE;terme_specifique;222_30;SUGGESTION;https://aciege.org/Dct/Fra/Fra_222_30.html
222;222_51;INFORMATION DU PERSONNEL;terme_generique;222_53;COMMUNICATION INTERNE;https://aciege.org/Dct/Fra/Fra_222_53.html
222;222_33;INFORMATION LATERALE;terme_generique;222_53;COMMUNICATION INTERNE;https://aciege.org/Dct/Fra/Fra_222_53.html
222;222_70;JOURNAL D'ENTREPRISE;terme_generique;222_83;PRESSE;https://aciege.org/Dct/Fra/Fra_222_83.html
222;222_60;MECENAT;terme_generique;222_62;COMMUNICATION INSTITUTIONNELLE;https://aciege.org/Dct/Fra/Fra_222_62.html
222;222_75;MEDIA;terme_generique;222_55;COMMUNICATION;https://aciege.org/Dct/Fra/Fra_222_55.html
222;222_75;MEDIA;terme_specifique;222_77;AUDIOVISUEL;https://aciege.org/Dct/Fra/Fra_222_77.html
222;222_75;MEDIA;terme_specifique;222_83;PRESSE;https://aciege.org/Dct/Fra/Fra_222_83.html
222;222_45;NEGOCIATION;terme_generique;222_55;COMMUNICATION;https://aciege.org/Dct/Fra/Fra_222_55.html
222;222_45;NEGOCIATION;employe_pour;Th_3563;Théorie de la négociation;https://aciege.org/Dct/Fra/Th_3563.html
222;222_46;PERSUASION;terme_generique;222_55;COMMUNICATION;https://aciege.org/Dct/Fra/Fra_222_55.html
222;222_46;PERSUASION;terme_specifique;222_26;PROPAGANDE;https://aciege.org/Dct/Fra/Fra_222_26.html
222;222_46;PERSUASION;terme_specifique;222_36;SLOGAN;https://aciege.org/Dct/Fra/Fra_222_36.html
222;222_63;POLITIQUE DE COMMUNICATION;terme_generique;222_55;COMMUNICATION;https://aciege.org/Dct/Fra/Fra_222_55.html
222;222_63;POLITIQUE DE COMMUNICATION;terme_specifique;222_61;COMMUNICATION EVENEMENTIELLE;https://aciege.org/Dct/Fra/Fra_222_61.html
222;222_63;POLITIQUE DE COMMUNICATION;terme_specifique;222_62;COMMUNICATION INSTITUTIONNELLE;https://aciege.org/Dct/Fra/Fra_222_62.html
222;222_63;POLITIQUE DE COMMUNICATION;terme_specifique;222_53;COMMUNICATION INTERNE;https://aciege.org/Dct/Fra/Fra_222_53.html
222;222_63;POLITIQUE DE COMMUNICATION;employe_pour;Ac_2384;Accueil;https://aciege.org/Dct/Fra/Ac_2384.html
222;222_83;PRESSE;terme_generique;222_75;MEDIA;https://aciege.org/Dct/Fra/Fra_222_75.html
222;222_83;PRESSE;terme_specifique;222_70;JOURNAL D'ENTREPRISE;https://aciege.org/Dct/Fra/Fra_222_70.html
222;222_83;PRESSE;terme_specifique;222_71;PRESSE GENERALISTE;https://aciege.org/Dct/Fra/Fra_222_71.html
222;222_83;PRESSE;terme_specifique;222_91;PRESSE GRAND PUBLIC;https://aciege.org/Dct/Fra/Fra_222_91.html
222;222_83;PRESSE;terme_specifique;222_92;PRESSE GRATUITE;https://aciege.org/Dct/Fra/Fra_222_92.html
222;222_83;PRESSE;terme_specifique;222_93;PRESSE MAGAZINE;https://aciege.org/Dct/Fra/Fra_222_93.html
222;222_83;PRESSE;terme_specifique;222_90;PRESSE PROFESSIONNELLE;https://aciege.org/Dct/Fra/Fra_222_90.html
222;222_83;PRESSE;terme_specifique;222_94;PRESSE QUOTIDIENNE;https://aciege.org/Dct/Fra/Fra_222_94.html
222;222_83;PRESSE;terme_specifique;222_81;PRESSE SPECIALISEE;https://aciege.org/Dct/Fra/Fra_222_81.html
222;222_71;PRESSE GENERALISTE;terme_generique;222_83;PRESSE;https://aciege.org/Dct/Fra/Fra_222_83.html
222;222_91;PRESSE GRAND PUBLIC;terme_generique;222_83;PRESSE;https://aciege.org/Dct/Fra/Fra_222_83.html
222;222_92;PRESSE GRATUITE;terme_generique;222_83;PRESSE;https://aciege.org/Dct/Fra/Fra_222_83.html
222;222_93;PRESSE MAGAZINE;terme_generique;222_83;PRESSE;https://aciege.org/Dct/Fra/Fra_222_83.html
222;222_90;PRESSE PROFESSIONNELLE;terme_generique;222_83;PRESSE;https://aciege.org/Dct/Fra/Fra_222_83.html
222;222_94;PRESSE QUOTIDIENNE;terme_generique;222_83;PRESSE;https://aciege.org/Dct/Fra/Fra_222_83.html
222;222_81;PRESSE SPECIALISEE;terme_generique;222_83;PRESSE;https://aciege.org/Dct/Fra/Fra_222_83.html
222;222_26;PROPAGANDE;terme_generique;222_46;PERSUASION;https://aciege.org/Dct/Fra/Fra_222_46.html
222;222_96;RADIO;terme_generique;222_77;AUDIOVISUEL;https://aciege.org/Dct/Fra/Fra_222_77.html
222;222_59;REUNION;terme_generique;222_58;COMMUNICATION DE GROUPE;https://aciege.org/Dct/Fra/Fra_222_58.html
222;222_59;REUNION;employe_pour;Re_3472;Réunion d'information;https://aciege.org/Dct/Fra/Re_3472.html
222;222_36;SLOGAN;terme_generique;222_46;PERSUASION;https://aciege.org/Dct/Fra/Fra_222_46.html
222;222_30;SUGGESTION;terme_generique;222_31;INFORMATION ASCENDANTE;https://aciege.org/Dct/Fra/Fra_222_31.html
222;222_30;SUGGESTION;employe_pour;Bo_2537;Boîte à idées;https://aciege.org/Dct/Fra/Bo_2537.html
222;222_98;TELEVISION;terme_generique;222_77;AUDIOVISUEL;https://aciege.org/Dct/Fra/Fra_222_77.html
222;222_97;VIDEO;terme_generique;222_77;AUDIOVISUEL;https://aciege.org/Dct/Fra/Fra_222_77.html
222;222_97;VIDEO;employe_pour;Vi_3642;Vidéoclip;https://aciege.org/Dct/Fra/Vi_3642.html
222;222_97;VIDEO;employe_pour;Vi_3643;Vidéodisque;https://aciege.org/Dct/Fra/Vi_3643.html
222;222_97;VIDEO;employe_pour;Vi_3644;Vidéofilm;https://aciege.org/Dct/Fra/Vi_3644.html
223;223_51;ANALYSE DE L'INFORMATION;terme_generique;223_53;ENREGISTREMENT DE L'INFORMATION;https://aciege.org/Dct/Fra/Fra_223_53.html
223;223_51;ANALYSE DE L'INFORMATION;employe_pour;An_2438;Analyse documentaire;https://aciege.org/Dct/Fra/An_2438.html
223;223_51;ANALYSE DE L'INFORMATION;employe_pour;In_3059;Indexation;https://aciege.org/Dct/Fra/In_3059.html
223;223_51;ANALYSE DE L'INFORMATION;employe_pour;La_3107;Langage documentaire;https://aciege.org/Dct/Fra/La_3107.html
223;223_51;ANALYSE DE L'INFORMATION;employe_pour;Th_3566;Thésaurus;https://aciege.org/Dct/Fra/Th_3566.html
223;223_64;ARCHIVAGE;terme_generique;223_55;SCIENCE DE L'INFORMATION;https://aciege.org/Dct/Fra/Fra_223_55.html
223;223_04;BANQUE DE DONNEES;terme_generique;223_15;SOURCE DE L'INFORMATION;https://aciege.org/Dct/Fra/Fra_223_15.html
223;223_07;DISTORSION DE L'INFORMATION;terme_generique;223_37;TRANSMISSION DE L'INFORMATION;https://aciege.org/Dct/Fra/Fra_223_37.html
223;223_07;DISTORSION DE L'INFORMATION;employe_pour;De_2784;Désinformation;https://aciege.org/Dct/Fra/De_2784.html
223;223_07;DISTORSION DE L'INFORMATION;employe_pour;Ru_3445;Rumeur;https://aciege.org/Dct/Fra/Ru_3445.html
223;223_13;DOCUMENT;terme_generique;223_33;SUPPORT DE L'INFORMATION;https://aciege.org/Dct/Fra/Fra_223_33.html
223;223_13;DOCUMENT;terme_specifique;223_12;DOCUMENT NUMERIQUE;https://aciege.org/Dct/Fra/Fra_223_12.html
223;223_13;DOCUMENT;employe_pour;Li_3120;Littérature grise;https://aciege.org/Dct/Fra/Li_3120.html
223;223_13;DOCUMENT;employe_pour;Pu_3376;Publication;https://aciege.org/Dct/Fra/Pu_3376.html
223;223_12;DOCUMENT NUMERIQUE;terme_generique;223_13;DOCUMENT;https://aciege.org/Dct/Fra/Fra_223_13.html
223;223_12;DOCUMENT NUMERIQUE;employe_pour;Do_2754;Document électronique;https://aciege.org/Dct/Fra/Do_2754.html
223;223_53;ENREGISTREMENT DE L'INFORMATION;terme_generique;223_55;SCIENCE DE L'INFORMATION;https://aciege.org/Dct/Fra/Fra_223_55.html
223;223_53;ENREGISTREMENT DE L'INFORMATION;terme_specifique;223_51;ANALYSE DE L'INFORMATION;https://aciege.org/Dct/Fra/Fra_223_51.html
223;223_53;ENREGISTREMENT DE L'INFORMATION;terme_specifique;223_42;LECTURE OPTIQUE;https://aciege.org/Dct/Fra/Fra_223_42.html
223;223_53;ENREGISTREMENT DE L'INFORMATION;terme_specifique;223_33;SUPPORT DE L'INFORMATION;https://aciege.org/Dct/Fra/Fra_223_33.html
223;223_53;ENREGISTREMENT DE L'INFORMATION;employe_pour;Ca_2579;Catalogage;https://aciege.org/Dct/Fra/Ca_2579.html
223;223_53;ENREGISTREMENT DE L'INFORMATION;employe_pour;Co_2624;Codage de l'information;https://aciege.org/Dct/Fra/Co_2624.html
223;223_53;ENREGISTREMENT DE L'INFORMATION;employe_pour;Cr_2709;Cryptage;https://aciege.org/Dct/Fra/Cr_2709.html
223;223_44;GESTION DE CONTENU;terme_generique;223_55;SCIENCE DE L'INFORMATION;https://aciege.org/Dct/Fra/Fra_223_55.html
223;223_56;INFORMATION;terme_generique;223_55;SCIENCE DE L'INFORMATION;https://aciege.org/Dct/Fra/Fra_223_55.html
223;223_42;LECTURE OPTIQUE;terme_generique;223_53;ENREGISTREMENT DE L'INFORMATION;https://aciege.org/Dct/Fra/Fra_223_53.html
223;223_42;LECTURE OPTIQUE;employe_pour;Co_2625;Code barre;https://aciege.org/Dct/Fra/Co_2625.html
223;223_42;LECTURE OPTIQUE;employe_pour;Sc_3489;Scanner;https://aciege.org/Dct/Fra/Sc_3489.html
223;223_16;ORGANISME D'INFORMATION;terme_generique;223_35;RECHERCHE DE L'INFORMATION;https://aciege.org/Dct/Fra/Fra_223_35.html
223;223_16;ORGANISME D'INFORMATION;employe_pour;Ar_2463;Archives;https://aciege.org/Dct/Fra/Ar_2463.html
223;223_16;ORGANISME D'INFORMATION;employe_pour;Bi_2517;Bibliothèque;https://aciege.org/Dct/Fra/Bi_2517.html
223;223_16;ORGANISME D'INFORMATION;employe_pour;Ce_2598;Centre de documentation;https://aciege.org/Dct/Fra/Ce_2598.html
223;223_16;ORGANISME D'INFORMATION;employe_pour;Me_3208;Médiathèque;https://aciege.org/Dct/Fra/Me_3208.html
223;223_35;RECHERCHE DE L'INFORMATION;terme_generique;223_55;SCIENCE DE L'INFORMATION;https://aciege.org/Dct/Fra/Fra_223_55.html
223;223_35;RECHERCHE DE L'INFORMATION;terme_specifique;223_16;ORGANISME D'INFORMATION;https://aciege.org/Dct/Fra/Fra_223_16.html
223;223_35;RECHERCHE DE L'INFORMATION;terme_specifique;223_15;SOURCE DE L'INFORMATION;https://aciege.org/Dct/Fra/Fra_223_15.html
223;223_35;RECHERCHE DE L'INFORMATION;employe_pour;Re_3411;Recherche documentaire;https://aciege.org/Dct/Fra/Re_3411.html
223;223_18;RETENTION DE L'INFORMATION;terme_generique;223_37;TRANSMISSION DE L'INFORMATION;https://aciege.org/Dct/Fra/Fra_223_37.html
223;223_62;RFID;terme_generique;223_55;SCIENCE DE L'INFORMATION;https://aciege.org/Dct/Fra/Fra_223_55.html
223;223_62;RFID;employe_pour;Ra_3401;Radio frequency identification;https://aciege.org/Dct/Fra/Ra_3401.html
223;223_55;SCIENCE DE L'INFORMATION;terme_specifique;223_64;ARCHIVAGE;https://aciege.org/Dct/Fra/Fra_223_64.html
223;223_55;SCIENCE DE L'INFORMATION;terme_specifique;223_53;ENREGISTREMENT DE L'INFORMATION;https://aciege.org/Dct/Fra/Fra_223_53.html
223;223_55;SCIENCE DE L'INFORMATION;terme_specifique;223_44;GESTION DE CONTENU;https://aciege.org/Dct/Fra/Fra_223_44.html
223;223_55;SCIENCE DE L'INFORMATION;terme_specifique;223_56;INFORMATION;https://aciege.org/Dct/Fra/Fra_223_56.html
223;223_55;SCIENCE DE L'INFORMATION;terme_specifique;223_35;RECHERCHE DE L'INFORMATION;https://aciege.org/Dct/Fra/Fra_223_35.html
223;223_55;SCIENCE DE L'INFORMATION;terme_specifique;223_62;RFID;https://aciege.org/Dct/Fra/Fra_223_62.html
223;223_55;SCIENCE DE L'INFORMATION;terme_specifique;223_55;SCIENCE DE L'INFORMATION;https://aciege.org/Dct/Fra/Fra_223_55.html
223;223_55;SCIENCE DE L'INFORMATION;terme_specifique;223_46;THEORIE DE L'INFORMATION;https://aciege.org/Dct/Fra/Fra_223_46.html
223;223_55;SCIENCE DE L'INFORMATION;employe_pour;Ch_2615;Chaîne documentaire;https://aciege.org/Dct/Fra/Ch_2615.html
223;223_55;SCIENCE DE L'INFORMATION;employe_pour;Do_2755;Documentation;https://aciege.org/Dct/Fra/Do_2755.html
223;223_55;SCIENCE DE L'INFORMATION;employe_pour;Tr_3575;Traitement de l'information;https://aciege.org/Dct/Fra/Tr_3575.html
223;223_15;SOURCE DE L'INFORMATION;terme_generique;223_35;RECHERCHE DE L'INFORMATION;https://aciege.org/Dct/Fra/Fra_223_35.html
223;223_15;SOURCE DE L'INFORMATION;terme_specifique;223_04;BANQUE DE DONNEES;https://aciege.org/Dct/Fra/Fra_223_04.html
223;223_15;SOURCE DE L'INFORMATION;employe_pour;So_3511;Source des données;https://aciege.org/Dct/Fra/So_3511.html
223;223_33;SUPPORT DE L'INFORMATION;terme_generique;223_53;ENREGISTREMENT DE L'INFORMATION;https://aciege.org/Dct/Fra/Fra_223_53.html
223;223_33;SUPPORT DE L'INFORMATION;terme_specifique;223_13;DOCUMENT;https://aciege.org/Dct/Fra/Fra_223_13.html
223;223_46;THEORIE DE L'INFORMATION;terme_generique;223_55;SCIENCE DE L'INFORMATION;https://aciege.org/Dct/Fra/Fra_223_55.html
223;223_46;THEORIE DE L'INFORMATION;terme_specifique;223_37;TRANSMISSION DE L'INFORMATION;https://aciege.org/Dct/Fra/Fra_223_37.html
223;223_37;TRANSMISSION DE L'INFORMATION;terme_generique;223_46;THEORIE DE L'INFORMATION;https://aciege.org/Dct/Fra/Fra_223_46.html
223;223_37;TRANSMISSION DE L'INFORMATION;terme_specifique;223_07;DISTORSION DE L'INFORMATION;https://aciege.org/Dct/Fra/Fra_223_07.html
223;223_37;TRANSMISSION DE L'INFORMATION;terme_specifique;223_18;RETENTION DE L'INFORMATION;https://aciege.org/Dct/Fra/Fra_223_18.html
223;223_37;TRANSMISSION DE L'INFORMATION;employe_pour;DS_2727;DSI;https://aciege.org/Dct/Fra/DS_2727.html
223;223_37;TRANSMISSION DE L'INFORMATION;employe_pour;Di_2735;Diffusion sélective de l'information;https://aciege.org/Dct/Fra/Di_2735.html
224;224_23;CENTRE D'APPELS;terme_generique;224_44;SERVICE DE TELECOMMUNICATION;https://aciege.org/Dct/Fra/Fra_224_44.html
224;224_46;ECONOMIE NUMERIQUE;terme_generique;224_55;TIC;https://aciege.org/Dct/Fra/Fra_224_55.html
224;224_85;EDI;terme_generique;224_55;TIC;https://aciege.org/Dct/Fra/Fra_224_55.html
224;224_85;EDI;employe_pour;Ec_2801;Echange de Données Informatisé;https://aciege.org/Dct/Fra/Ec_2801.html
224;224_76;EDITION ELECTRONIQUE;terme_generique;224_55;TIC;https://aciege.org/Dct/Fra/Fra_224_55.html
224;224_76;EDITION ELECTRONIQUE;terme_specifique;224_86;GED;https://aciege.org/Dct/Fra/Fra_224_86.html
224;224_76;EDITION ELECTRONIQUE;employe_pour;Li_3121;Livre électronique;https://aciege.org/Dct/Fra/Li_3121.html
224;224_76;EDITION ELECTRONIQUE;employe_pour;PA_3279;PAO;https://aciege.org/Dct/Fra/PA_3279.html
224;224_76;EDITION ELECTRONIQUE;employe_pour;Pu_3377;Publication assistée par ordinateur;https://aciege.org/Dct/Fra/Pu_3377.html
224;224_76;EDITION ELECTRONIQUE;employe_pour;Pu_3378;Publication électronique;https://aciege.org/Dct/Fra/Pu_3378.html
224;224_32;EQUIPEMENT DE TELECOMMUNICATION;terme_generique;224_54;TELECOMMUNICATION;https://aciege.org/Dct/Fra/Fra_224_54.html
224;224_32;EQUIPEMENT DE TELECOMMUNICATION;terme_specifique;224_31;TELECOPIE;https://aciege.org/Dct/Fra/Fra_224_31.html
224;224_32;EQUIPEMENT DE TELECOMMUNICATION;terme_specifique;224_21;TELEPHONIE;https://aciege.org/Dct/Fra/Fra_224_21.html
224;224_62;EXTRANET;terme_generique;224_73;INTERNET;https://aciege.org/Dct/Fra/Fra_224_73.html
224;224_86;GED;terme_generique;224_76;EDITION ELECTRONIQUE;https://aciege.org/Dct/Fra/Fra_224_76.html
224;224_86;GED;terme_specifique;224_87;GROUPWARE;https://aciege.org/Dct/Fra/Fra_224_87.html
224;224_86;GED;employe_pour;Ar_2462;Archivage électronique;https://aciege.org/Dct/Fra/Ar_2462.html
224;224_86;GED;employe_pour;Ge_2938;Gestion électronique de document;https://aciege.org/Dct/Fra/Ge_2938.html
224;224_87;GROUPWARE;terme_generique;224_86;GED;https://aciege.org/Dct/Fra/Fra_224_86.html
224;224_87;GROUPWARE;terme_specifique;224_88;WORKFLOW;https://aciege.org/Dct/Fra/Fra_224_88.html
224;224_87;GROUPWARE;employe_pour;Co_2626;Collecticiel;https://aciege.org/Dct/Fra/Co_2626.html
224;224_87;GROUPWARE;employe_pour;Ou_3277;Outil collaboratif;https://aciege.org/Dct/Fra/Ou_3277.html
224;224_73;INTERNET;terme_generique;224_74;RESEAU DE TELECOMMUNICATION;https://aciege.org/Dct/Fra/Fra_224_74.html
224;224_73;INTERNET;terme_specifique;224_62;EXTRANET;https://aciege.org/Dct/Fra/Fra_224_62.html
224;224_73;INTERNET;terme_specifique;224_83;INTERNET DES OBJETS;https://aciege.org/Dct/Fra/Fra_224_83.html
224;224_73;INTERNET;terme_specifique;224_72;INTRANET;https://aciege.org/Dct/Fra/Fra_224_72.html
224;224_73;INTERNET;terme_specifique;224_63;MOTEUR DE RECHERCHE;https://aciege.org/Dct/Fra/Fra_224_63.html
224;224_73;INTERNET;terme_specifique;224_82;SITE INTERNET;https://aciege.org/Dct/Fra/Fra_224_82.html
224;224_73;INTERNET;terme_specifique;224_93;UX DESIGN;https://aciege.org/Dct/Fra/Fra_224_93.html
224;224_73;INTERNET;employe_pour;We_3649;Web;https://aciege.org/Dct/Fra/We_3649.html
224;224_83;INTERNET DES OBJETS;terme_generique;224_73;INTERNET;https://aciege.org/Dct/Fra/Fra_224_73.html
224;224_83;INTERNET DES OBJETS;employe_pour;Ob_3244;Objet connecté;https://aciege.org/Dct/Fra/Ob_3244.html
224;224_83;INTERNET DES OBJETS;employe_pour;Ob_3245;Objet intelligent;https://aciege.org/Dct/Fra/Ob_3245.html
224;224_72;INTRANET;terme_generique;224_73;INTERNET;https://aciege.org/Dct/Fra/Fra_224_73.html
224;224_72;INTRANET;employe_pour;Re_3466;Réseau social de l’entreprise;https://aciege.org/Dct/Fra/Re_3466.html
224;224_92;MEDIA SOCIAL;terme_generique;224_82;SITE INTERNET;https://aciege.org/Dct/Fra/Fra_224_82.html
224;224_92;MEDIA SOCIAL;employe_pour;Bl_2531;Blog;https://aciege.org/Dct/Fra/Bl_2531.html
224;224_92;MEDIA SOCIAL;employe_pour;Wi_3650;Wiki;https://aciege.org/Dct/Fra/Wi_3650.html
224;224_13;MESSAGERIE ELECTRONIQUE;terme_generique;224_44;SERVICE DE TELECOMMUNICATION;https://aciege.org/Dct/Fra/Fra_224_44.html
224;224_13;MESSAGERIE ELECTRONIQUE;employe_pour;Co_2701;Courrier électronique;https://aciege.org/Dct/Fra/Co_2701.html
224;224_13;MESSAGERIE ELECTRONIQUE;employe_pour;E-_2793;E-mail;https://aciege.org/Dct/Fra/E-_2793.html
224;224_63;MOTEUR DE RECHERCHE;terme_generique;224_73;INTERNET;https://aciege.org/Dct/Fra/Fra_224_73.html
224;224_57;MULTIMEDIA;terme_generique;224_55;TIC;https://aciege.org/Dct/Fra/Fra_224_55.html
224;224_74;RESEAU DE TELECOMMUNICATION;terme_generique;224_54;TELECOMMUNICATION;https://aciege.org/Dct/Fra/Fra_224_54.html
224;224_74;RESEAU DE TELECOMMUNICATION;terme_specifique;224_73;INTERNET;https://aciege.org/Dct/Fra/Fra_224_73.html
224;224_74;RESEAU DE TELECOMMUNICATION;employe_pour;RN_3399;RNIS;https://aciege.org/Dct/Fra/RN_3399.html
224;224_74;RESEAU DE TELECOMMUNICATION;employe_pour;Re_3463;Réseau local;https://aciege.org/Dct/Fra/Re_3463.html
224;224_74;RESEAU DE TELECOMMUNICATION;employe_pour;Re_3467;Réseau téléphonique commuté;https://aciege.org/Dct/Fra/Re_3467.html
224;224_74;RESEAU DE TELECOMMUNICATION;employe_pour;Tr_3581;Transpac;https://aciege.org/Dct/Fra/Tr_3581.html
224;224_44;SERVICE DE TELECOMMUNICATION;terme_generique;224_54;TELECOMMUNICATION;https://aciege.org/Dct/Fra/Fra_224_54.html
224;224_44;SERVICE DE TELECOMMUNICATION;terme_specifique;224_23;CENTRE D'APPELS;https://aciege.org/Dct/Fra/Fra_224_23.html
224;224_44;SERVICE DE TELECOMMUNICATION;terme_specifique;224_13;MESSAGERIE ELECTRONIQUE;https://aciege.org/Dct/Fra/Fra_224_13.html
224;224_44;SERVICE DE TELECOMMUNICATION;terme_specifique;224_24;TELECONFERENCE;https://aciege.org/Dct/Fra/Fra_224_24.html
224;224_44;SERVICE DE TELECOMMUNICATION;terme_specifique;224_25;TELEMATIQUE;https://aciege.org/Dct/Fra/Fra_224_25.html
224;224_44;SERVICE DE TELECOMMUNICATION;employe_pour;Te_3602;Téléservice;https://aciege.org/Dct/Fra/Te_3602.html
224;224_82;SITE INTERNET;terme_generique;224_73;INTERNET;https://aciege.org/Dct/Fra/Fra_224_73.html
224;224_82;SITE INTERNET;terme_specifique;224_92;MEDIA SOCIAL;https://aciege.org/Dct/Fra/Fra_224_92.html
224;224_82;SITE INTERNET;employe_pour;Re_3455;Référencement Web;https://aciege.org/Dct/Fra/Re_3455.html
224;224_82;SITE INTERNET;employe_pour;Si_3498;Site web;https://aciege.org/Dct/Fra/Si_3498.html
224;224_54;TELECOMMUNICATION;terme_generique;224_55;TIC;https://aciege.org/Dct/Fra/Fra_224_55.html
224;224_54;TELECOMMUNICATION;terme_generique;428_56;SERVICE POSTAL;https://aciege.org/Dct/Fra/Fra_428_56.html
224;224_54;TELECOMMUNICATION;terme_specifique;224_32;EQUIPEMENT DE TELECOMMUNICATION;https://aciege.org/Dct/Fra/Fra_224_32.html
224;224_54;TELECOMMUNICATION;terme_specifique;224_74;RESEAU DE TELECOMMUNICATION;https://aciege.org/Dct/Fra/Fra_224_74.html
224;224_54;TELECOMMUNICATION;terme_specifique;224_44;SERVICE DE TELECOMMUNICATION;https://aciege.org/Dct/Fra/Fra_224_44.html
224;224_24;TELECONFERENCE;terme_generique;224_44;SERVICE DE TELECOMMUNICATION;https://aciege.org/Dct/Fra/Fra_224_44.html
224;224_24;TELECONFERENCE;employe_pour;Au_2489;Audioconférence;https://aciege.org/Dct/Fra/Au_2489.html
224;224_24;TELECONFERENCE;employe_pour;Vi_3646;Visioconférence;https://aciege.org/Dct/Fra/Vi_3646.html
224;224_31;TELECOPIE;terme_generique;224_32;EQUIPEMENT DE TELECOMMUNICATION;https://aciege.org/Dct/Fra/Fra_224_32.html
224;224_31;TELECOPIE;employe_pour;Fa_2882;Fax;https://aciege.org/Dct/Fra/Fa_2882.html
224;224_25;TELEMATIQUE;terme_generique;224_44;SERVICE DE TELECOMMUNICATION;https://aciege.org/Dct/Fra/Fra_224_44.html
224;224_21;TELEPHONIE;terme_generique;224_32;EQUIPEMENT DE TELECOMMUNICATION;https://aciege.org/Dct/Fra/Fra_224_32.html
224;224_21;TELEPHONIE;employe_pour;Me_3188;Messagerie vocale;https://aciege.org/Dct/Fra/Me_3188.html
224;224_21;TELEPHONIE;employe_pour;Te_3601;Téléphone;https://aciege.org/Dct/Fra/Te_3601.html
224;224_55;TIC;terme_specifique;224_46;ECONOMIE NUMERIQUE;https://aciege.org/Dct/Fra/Fra_224_46.html
224;224_55;TIC;terme_specifique;224_85;EDI;https://aciege.org/Dct/Fra/Fra_224_85.html
224;224_55;TIC;terme_specifique;224_76;EDITION ELECTRONIQUE;https://aciege.org/Dct/Fra/Fra_224_76.html
224;224_55;TIC;terme_specifique;224_57;MULTIMEDIA;https://aciege.org/Dct/Fra/Fra_224_57.html
224;224_55;TIC;terme_specifique;224_54;TELECOMMUNICATION;https://aciege.org/Dct/Fra/Fra_224_54.html
224;224_55;TIC;employe_pour;NT_3222;NTIC;https://aciege.org/Dct/Fra/NT_3222.html
224;224_55;TIC;employe_pour;Te_3549;Technologie de l'information et de la communication;https://aciege.org/Dct/Fra/Te_3549.html
224;224_93;UX DESIGN;terme_generique;224_73;INTERNET;https://aciege.org/Dct/Fra/Fra_224_73.html
224;224_88;WORKFLOW;terme_generique;224_87;GROUPWARE;https://aciege.org/Dct/Fra/Fra_224_87.html
311;311_22;ADMINISTRATION PUBLIQUE;terme_generique;311_42;POUVOIRS PUBLICS;https://aciege.org/Dct/Fra/Fra_311_42.html
311;311_22;ADMINISTRATION PUBLIQUE;terme_specifique;311_02;COLLECTIVITE TERRITORIALE;https://aciege.org/Dct/Fra/Fra_311_02.html
311;311_22;ADMINISTRATION PUBLIQUE;terme_specifique;311_12;DECENTRALISATION;https://aciege.org/Dct/Fra/Fra_311_12.html
311;311_22;ADMINISTRATION PUBLIQUE;terme_specifique;311_11;DEFENSE;https://aciege.org/Dct/Fra/Fra_311_11.html
311;311_22;ADMINISTRATION PUBLIQUE;terme_specifique;311_20;POLICE;https://aciege.org/Dct/Fra/Fra_311_20.html
311;311_83;AIDE AU DEVELOPPEMENT;terme_generique;311_72;RELATIONS INTERNATIONALES;https://aciege.org/Dct/Fra/Fra_311_72.html
311;311_91;AIDE INTERNATIONALE;terme_generique;311_72;RELATIONS INTERNATIONALES;https://aciege.org/Dct/Fra/Fra_311_72.html
311;311_91;AIDE INTERNATIONALE;employe_pour;Ai_2420;Aide extérieure;https://aciege.org/Dct/Fra/Ai_2420.html
311;311_91;AIDE INTERNATIONALE;employe_pour;Ai_2421;Aide humanitaire;https://aciege.org/Dct/Fra/Ai_2421.html
311;311_02;COLLECTIVITE TERRITORIALE;terme_generique;311_22;ADMINISTRATION PUBLIQUE;https://aciege.org/Dct/Fra/Fra_311_22.html
311;311_02;COLLECTIVITE TERRITORIALE;employe_pour;Co_2627;Collectivité locale;https://aciege.org/Dct/Fra/Co_2627.html
311;311_02;COLLECTIVITE TERRITORIALE;employe_pour;Po_3334;Pouvoir local;https://aciege.org/Dct/Fra/Po_3334.html
311;311_70;CONFLIT INTERNATIONAL;terme_generique;311_72;RELATIONS INTERNATIONALES;https://aciege.org/Dct/Fra/Fra_311_72.html
311;311_04;CONSTITUTION;terme_generique;311_43;ETAT;https://aciege.org/Dct/Fra/Fra_311_43.html
311;311_17;CORRUPTION;terme_generique;311_26;GROUPE DE PRESSION;https://aciege.org/Dct/Fra/Fra_311_26.html
311;311_17;CORRUPTION;employe_pour;Pr_3368;Prévarication;https://aciege.org/Dct/Fra/Pr_3368.html
311;311_12;DECENTRALISATION;terme_generique;311_22;ADMINISTRATION PUBLIQUE;https://aciege.org/Dct/Fra/Fra_311_22.html
311;311_12;DECENTRALISATION;terme_specifique;111_43;STRUCTURE DE L'ENTREPRISE;https://aciege.org/Dct/Fra/Fra_111_43.html
311;311_11;DEFENSE;terme_generique;311_22;ADMINISTRATION PUBLIQUE;https://aciege.org/Dct/Fra/Fra_311_22.html
311;311_11;DEFENSE;terme_specifique;311_01;DESARMEMENT;https://aciege.org/Dct/Fra/Fra_311_01.html
311;311_11;DEFENSE;terme_specifique;311_10;ESPIONNAGE;https://aciege.org/Dct/Fra/Fra_311_10.html
311;311_11;DEFENSE;employe_pour;Ar_2466;Armement;https://aciege.org/Dct/Fra/Ar_2466.html
311;311_11;DEFENSE;employe_pour;Cy_2722;Cyberdéfense;https://aciege.org/Dct/Fra/Cy_2722.html
311;311_11;DEFENSE;employe_pour;De_2771;Défense nationale;https://aciege.org/Dct/Fra/De_2771.html
311;311_58;DEMOCRATIE;terme_generique;311_57;REGIME POLITIQUE;https://aciege.org/Dct/Fra/Fra_311_57.html
311;311_01;DESARMEMENT;terme_generique;311_11;DEFENSE;https://aciege.org/Dct/Fra/Fra_311_11.html
311;311_49;DICTATURE;terme_generique;311_57;REGIME POLITIQUE;https://aciege.org/Dct/Fra/Fra_311_57.html
311;311_49;DICTATURE;employe_pour;Fa_2881;Fascisme;https://aciege.org/Dct/Fra/Fa_2881.html
311;311_49;DICTATURE;employe_pour;To_3570;Totalitarisme;https://aciege.org/Dct/Fra/To_3570.html
311;311_46;ELECTION;terme_generique;311_57;REGIME POLITIQUE;https://aciege.org/Dct/Fra/Fra_311_57.html
311;311_55;ENVIRONNEMENT POLITIQUE;terme_specifique;311_43;ETAT;https://aciege.org/Dct/Fra/Fra_311_43.html
311;311_55;ENVIRONNEMENT POLITIQUE;terme_specifique;311_75;FEDERALISME;https://aciege.org/Dct/Fra/Fra_311_75.html
311;311_55;ENVIRONNEMENT POLITIQUE;terme_specifique;311_76;NATION;https://aciege.org/Dct/Fra/Fra_311_76.html
311;311_55;ENVIRONNEMENT POLITIQUE;terme_specifique;311_79;PAYS SOCIALISTE;https://aciege.org/Dct/Fra/Fra_311_79.html
311;311_55;ENVIRONNEMENT POLITIQUE;terme_specifique;311_57;REGIME POLITIQUE;https://aciege.org/Dct/Fra/Fra_311_57.html
311;311_55;ENVIRONNEMENT POLITIQUE;terme_specifique;311_72;RELATIONS INTERNATIONALES;https://aciege.org/Dct/Fra/Fra_311_72.html
311;311_55;ENVIRONNEMENT POLITIQUE;terme_specifique;311_53;RISQUE POLITIQUE;https://aciege.org/Dct/Fra/Fra_311_53.html
311;311_55;ENVIRONNEMENT POLITIQUE;terme_specifique;311_35;SCIENCE POLITIQUE;https://aciege.org/Dct/Fra/Fra_311_35.html
311;311_10;ESPIONNAGE;terme_generique;311_11;DEFENSE;https://aciege.org/Dct/Fra/Fra_311_11.html
311;311_43;ETAT;terme_generique;311_55;ENVIRONNEMENT POLITIQUE;https://aciege.org/Dct/Fra/Fra_311_55.html
311;311_43;ETAT;terme_specifique;311_04;CONSTITUTION;https://aciege.org/Dct/Fra/Fra_311_04.html
311;311_43;ETAT;terme_specifique;311_13;JUSTICE;https://aciege.org/Dct/Fra/Fra_311_13.html
311;311_43;ETAT;terme_specifique;311_24;PARLEMENT;https://aciege.org/Dct/Fra/Fra_311_24.html
311;311_43;ETAT;terme_specifique;311_42;POUVOIRS PUBLICS;https://aciege.org/Dct/Fra/Fra_311_42.html
311;311_43;ETAT;terme_specifique;311_33;SOUVERAINETE;https://aciege.org/Dct/Fra/Fra_311_33.html
311;311_75;FEDERALISME;terme_generique;311_55;ENVIRONNEMENT POLITIQUE;https://aciege.org/Dct/Fra/Fra_311_55.html
311;311_31;GOUVERNEMENT;terme_generique;311_42;POUVOIRS PUBLICS;https://aciege.org/Dct/Fra/Fra_311_42.html
311;311_31;GOUVERNEMENT;employe_pour;Po_3332;Pouvoir exécutif;https://aciege.org/Dct/Fra/Po_3332.html
311;311_26;GROUPE DE PRESSION;terme_generique;311_35;SCIENCE POLITIQUE;https://aciege.org/Dct/Fra/Fra_311_35.html
311;311_26;GROUPE DE PRESSION;terme_specifique;311_17;CORRUPTION;https://aciege.org/Dct/Fra/Fra_311_17.html
311;311_26;GROUPE DE PRESSION;terme_specifique;311_16;TERRORISME;https://aciege.org/Dct/Fra/Fra_311_16.html
311;311_26;GROUPE DE PRESSION;employe_pour;Lo_3122;Lobby;https://aciege.org/Dct/Fra/Lo_3122.html
311;311_13;JUSTICE;terme_generique;311_43;ETAT;https://aciege.org/Dct/Fra/Fra_311_43.html
311;311_13;JUSTICE;employe_pour;Po_3333;Pouvoir judiciaire;https://aciege.org/Dct/Fra/Po_3333.html
311;311_76;NATION;terme_generique;311_55;ENVIRONNEMENT POLITIQUE;https://aciege.org/Dct/Fra/Fra_311_55.html
311;311_76;NATION;terme_specifique;311_87;NATIONALISME;https://aciege.org/Dct/Fra/Fra_311_87.html
311;311_87;NATIONALISME;terme_generique;311_76;NATION;https://aciege.org/Dct/Fra/Fra_311_76.html
311;311_87;NATIONALISME;employe_pour;Ch_2613;Chauvinisme;https://aciege.org/Dct/Fra/Ch_2613.html
311;311_24;PARLEMENT;terme_generique;311_43;ETAT;https://aciege.org/Dct/Fra/Fra_311_43.html
311;311_24;PARLEMENT;employe_pour;Po_3335;Pouvoir législatif;https://aciege.org/Dct/Fra/Po_3335.html
311;311_37;PARTI POLITIQUE;terme_generique;311_35;SCIENCE POLITIQUE;https://aciege.org/Dct/Fra/Fra_311_35.html
311;311_79;PAYS SOCIALISTE;terme_generique;311_55;ENVIRONNEMENT POLITIQUE;https://aciege.org/Dct/Fra/Fra_311_55.html
311;311_79;PAYS SOCIALISTE;employe_pour;Pa_3298;Pays communiste;https://aciege.org/Dct/Fra/Pa_3298.html
311;311_20;POLICE;terme_generique;311_22;ADMINISTRATION PUBLIQUE;https://aciege.org/Dct/Fra/Fra_311_22.html
311;311_20;POLICE;terme_specifique;311_30;SECURITE INTERIEURE;https://aciege.org/Dct/Fra/Fra_311_30.html
311;311_61;POLITIQUE EXTERIEURE;terme_generique;311_51;POLITIQUE PUBLIQUE;https://aciege.org/Dct/Fra/Fra_311_51.html
311;311_61;POLITIQUE EXTERIEURE;employe_pour;Po_3328;Politique étrangère;https://aciege.org/Dct/Fra/Po_3328.html
311;311_40;POLITIQUE INTERIEURE;terme_generique;311_51;POLITIQUE PUBLIQUE;https://aciege.org/Dct/Fra/Fra_311_51.html
311;311_51;POLITIQUE PUBLIQUE;terme_generique;311_42;POUVOIRS PUBLICS;https://aciege.org/Dct/Fra/Fra_311_42.html
311;311_51;POLITIQUE PUBLIQUE;terme_specifique;311_61;POLITIQUE EXTERIEURE;https://aciege.org/Dct/Fra/Fra_311_61.html
311;311_51;POLITIQUE PUBLIQUE;terme_specifique;311_40;POLITIQUE INTERIEURE;https://aciege.org/Dct/Fra/Fra_311_40.html
311;311_42;POUVOIRS PUBLICS;terme_generique;311_43;ETAT;https://aciege.org/Dct/Fra/Fra_311_43.html
311;311_42;POUVOIRS PUBLICS;terme_specifique;311_22;ADMINISTRATION PUBLIQUE;https://aciege.org/Dct/Fra/Fra_311_22.html
311;311_42;POUVOIRS PUBLICS;terme_specifique;311_31;GOUVERNEMENT;https://aciege.org/Dct/Fra/Fra_311_31.html
311;311_42;POUVOIRS PUBLICS;terme_specifique;311_51;POLITIQUE PUBLIQUE;https://aciege.org/Dct/Fra/Fra_311_51.html
311;311_28;REGIME COMMUNISTE;terme_generique;311_57;REGIME POLITIQUE;https://aciege.org/Dct/Fra/Fra_311_57.html
311;311_28;REGIME COMMUNISTE;employe_pour;De_2777;Démocratie populaire;https://aciege.org/Dct/Fra/De_2777.html
311;311_57;REGIME POLITIQUE;terme_generique;311_55;ENVIRONNEMENT POLITIQUE;https://aciege.org/Dct/Fra/Fra_311_55.html
311;311_57;REGIME POLITIQUE;terme_specifique;311_58;DEMOCRATIE;https://aciege.org/Dct/Fra/Fra_311_58.html
311;311_57;REGIME POLITIQUE;terme_specifique;311_49;DICTATURE;https://aciege.org/Dct/Fra/Fra_311_49.html
311;311_57;REGIME POLITIQUE;terme_specifique;311_46;ELECTION;https://aciege.org/Dct/Fra/Fra_311_46.html
311;311_57;REGIME POLITIQUE;terme_specifique;311_28;REGIME COMMUNISTE;https://aciege.org/Dct/Fra/Fra_311_28.html
311;311_72;RELATIONS INTERNATIONALES;terme_generique;311_55;ENVIRONNEMENT POLITIQUE;https://aciege.org/Dct/Fra/Fra_311_55.html
311;311_72;RELATIONS INTERNATIONALES;terme_specifique;311_83;AIDE AU DEVELOPPEMENT;https://aciege.org/Dct/Fra/Fra_311_83.html
311;311_72;RELATIONS INTERNATIONALES;terme_specifique;311_91;AIDE INTERNATIONALE;https://aciege.org/Dct/Fra/Fra_311_91.html
311;311_72;RELATIONS INTERNATIONALES;terme_specifique;311_70;CONFLIT INTERNATIONAL;https://aciege.org/Dct/Fra/Fra_311_70.html
311;311_72;RELATIONS INTERNATIONALES;terme_specifique;311_73;UNION POLITIQUE;https://aciege.org/Dct/Fra/Fra_311_73.html
311;311_72;RELATIONS INTERNATIONALES;employe_pour;Ge_2958;Géopolitique;https://aciege.org/Dct/Fra/Ge_2958.html
311;311_53;RISQUE POLITIQUE;terme_generique;311_55;ENVIRONNEMENT POLITIQUE;https://aciege.org/Dct/Fra/Fra_311_55.html
311;311_35;SCIENCE POLITIQUE;terme_generique;311_55;ENVIRONNEMENT POLITIQUE;https://aciege.org/Dct/Fra/Fra_311_55.html
311;311_35;SCIENCE POLITIQUE;terme_specifique;311_26;GROUPE DE PRESSION;https://aciege.org/Dct/Fra/Fra_311_26.html
311;311_35;SCIENCE POLITIQUE;terme_specifique;311_37;PARTI POLITIQUE;https://aciege.org/Dct/Fra/Fra_311_37.html
311;311_30;SECURITE INTERIEURE;terme_generique;311_20;POLICE;https://aciege.org/Dct/Fra/Fra_311_20.html
311;311_33;SOUVERAINETE;terme_generique;311_43;ETAT;https://aciege.org/Dct/Fra/Fra_311_43.html
311;311_33;SOUVERAINETE;employe_pour;Co_2628;Colonialisme;https://aciege.org/Dct/Fra/Co_2628.html
311;311_16;TERRORISME;terme_generique;311_26;GROUPE DE PRESSION;https://aciege.org/Dct/Fra/Fra_311_26.html
311;311_73;UNION POLITIQUE;terme_generique;311_72;RELATIONS INTERNATIONALES;https://aciege.org/Dct/Fra/Fra_311_72.html
311;311_73;UNION POLITIQUE;employe_pour;In_3086;Intégration politique;https://aciege.org/Dct/Fra/In_3086.html
321;321_71;ARBITRAGE INTERNATIONAL;terme_generique;321_72;CONTENTIEUX INTERNATIONAL;https://aciege.org/Dct/Fra/Fra_321_72.html
321;321_69;CITOYENNETE;terme_generique;321_68;DROIT CONSTITUTIONNEL;https://aciege.org/Dct/Fra/Fra_321_68.html
321;321_86;CONTENTIEUX ADMINISTRATIF;terme_generique;321_77;DROIT PUBLIC;https://aciege.org/Dct/Fra/Fra_321_77.html
321;321_72;CONTENTIEUX INTERNATIONAL;terme_generique;321_73;DROIT INTERNATIONAL;https://aciege.org/Dct/Fra/Fra_321_73.html
321;321_72;CONTENTIEUX INTERNATIONAL;terme_specifique;321_71;ARBITRAGE INTERNATIONAL;https://aciege.org/Dct/Fra/Fra_321_71.html
321;321_72;CONTENTIEUX INTERNATIONAL;terme_specifique;321_61;DROIT INTERNATIONAL PRIVE;https://aciege.org/Dct/Fra/Fra_321_61.html
321;321_28;CONTRAVENTION;terme_generique;321_37;INFRACTION;https://aciege.org/Dct/Fra/Fra_321_37.html
321;321_43;COUTUME;terme_generique;321_44;SOURCE DU DROIT;https://aciege.org/Dct/Fra/Fra_321_44.html
321;321_48;CRIME;terme_generique;321_37;INFRACTION;https://aciege.org/Dct/Fra/Fra_321_37.html
321;321_38;DELIT;terme_generique;321_37;INFRACTION;https://aciege.org/Dct/Fra/Fra_321_37.html
321;321_53;DOCTRINE JURIDIQUE;terme_generique;321_44;SOURCE DU DROIT;https://aciege.org/Dct/Fra/Fra_321_44.html
321;321_55;DROIT;terme_specifique;321_73;DROIT INTERNATIONAL;https://aciege.org/Dct/Fra/Fra_321_73.html
321;321_55;DROIT;terme_specifique;321_46;DROIT PENAL;https://aciege.org/Dct/Fra/Fra_321_46.html
321;321_55;DROIT;terme_specifique;321_15;DROIT PRIVE;https://aciege.org/Dct/Fra/Fra_321_15.html
321;321_55;DROIT;terme_specifique;321_77;DROIT PUBLIC;https://aciege.org/Dct/Fra/Fra_321_77.html
321;321_55;DROIT;terme_specifique;321_85;FRAUDE;https://aciege.org/Dct/Fra/Fra_321_85.html
321;321_55;DROIT;terme_specifique;321_54;ORGANISATION JUDICIAIRE;https://aciege.org/Dct/Fra/Fra_321_54.html
321;321_55;DROIT;terme_specifique;321_44;SOURCE DU DROIT;https://aciege.org/Dct/Fra/Fra_321_44.html
321;321_87;DROIT ADMINISTRATIF;terme_generique;321_77;DROIT PUBLIC;https://aciege.org/Dct/Fra/Fra_321_77.html
321;321_62;DROIT COMPARE;terme_generique;321_73;DROIT INTERNATIONAL;https://aciege.org/Dct/Fra/Fra_321_73.html
321;321_68;DROIT CONSTITUTIONNEL;terme_generique;321_77;DROIT PUBLIC;https://aciege.org/Dct/Fra/Fra_321_77.html
321;321_68;DROIT CONSTITUTIONNEL;terme_specifique;321_69;CITOYENNETE;https://aciege.org/Dct/Fra/Fra_321_69.html
321;321_78;DROIT DE L'ENVIRONNEMENT;terme_generique;321_77;DROIT PUBLIC;https://aciege.org/Dct/Fra/Fra_321_77.html
321;321_04;DROIT DE L'INFORMATIQUE;terme_generique;321_15;DROIT PRIVE;https://aciege.org/Dct/Fra/Fra_321_15.html
321;321_04;DROIT DE L'INFORMATIQUE;employe_pour;Cy_2721;Cybercriminalité;https://aciege.org/Dct/Fra/Cy_2721.html
321;321_98;DROIT DE L'URBANISME;terme_generique;321_77;DROIT PUBLIC;https://aciege.org/Dct/Fra/Fra_321_77.html
321;321_03;DROIT DE LA PRESSE;terme_generique;321_15;DROIT PRIVE;https://aciege.org/Dct/Fra/Fra_321_15.html
321;321_03;DROIT DE LA PRESSE;employe_pour;Dr_2758;Droit de l'information;https://aciege.org/Dct/Fra/Dr_2758.html
321;321_17;DROIT DES ASSURANCES;terme_generique;321_15;DROIT PRIVE;https://aciege.org/Dct/Fra/Fra_321_15.html
321;321_81;DROIT DU COMMERCE INTERNATIONAL;terme_generique;321_73;DROIT INTERNATIONAL;https://aciege.org/Dct/Fra/Fra_321_73.html
321;321_83;DROIT EUROPEEN;terme_generique;321_73;DROIT INTERNATIONAL;https://aciege.org/Dct/Fra/Fra_321_73.html
321;321_83;DROIT EUROPEEN;employe_pour;Dr_2757;Droit communautaire;https://aciege.org/Dct/Fra/Dr_2757.html
321;321_88;DROIT FISCAL;terme_generique;321_77;DROIT PUBLIC;https://aciege.org/Dct/Fra/Fra_321_77.html
321;321_73;DROIT INTERNATIONAL;terme_generique;321_55;DROIT;https://aciege.org/Dct/Fra/Fra_321_55.html
321;321_73;DROIT INTERNATIONAL;terme_specifique;321_72;CONTENTIEUX INTERNATIONAL;https://aciege.org/Dct/Fra/Fra_321_72.html
321;321_73;DROIT INTERNATIONAL;terme_specifique;321_62;DROIT COMPARE;https://aciege.org/Dct/Fra/Fra_321_62.html
321;321_73;DROIT INTERNATIONAL;terme_specifique;321_81;DROIT DU COMMERCE INTERNATIONAL;https://aciege.org/Dct/Fra/Fra_321_81.html
321;321_73;DROIT INTERNATIONAL;terme_specifique;321_83;DROIT EUROPEEN;https://aciege.org/Dct/Fra/Fra_321_83.html
321;321_73;DROIT INTERNATIONAL;terme_specifique;321_82;DROITS DE L'HOMME;https://aciege.org/Dct/Fra/Fra_321_82.html
321;321_61;DROIT INTERNATIONAL PRIVE;terme_generique;321_72;CONTENTIEUX INTERNATIONAL;https://aciege.org/Dct/Fra/Fra_321_72.html
321;321_46;DROIT PENAL;terme_generique;321_55;DROIT;https://aciege.org/Dct/Fra/Fra_321_55.html
321;321_46;DROIT PENAL;terme_specifique;321_37;INFRACTION;https://aciege.org/Dct/Fra/Fra_321_37.html
321;321_46;DROIT PENAL;terme_specifique;321_35;PROCEDURE PENALE;https://aciege.org/Dct/Fra/Fra_321_35.html
321;321_46;DROIT PENAL;terme_specifique;321_36;RESPONSABILITE PENALE;https://aciege.org/Dct/Fra/Fra_321_36.html
321;321_15;DROIT PRIVE;terme_generique;321_55;DROIT;https://aciege.org/Dct/Fra/Fra_321_55.html
321;321_15;DROIT PRIVE;terme_specifique;321_03;DROIT DE LA PRESSE;https://aciege.org/Dct/Fra/Fra_321_03.html
321;321_15;DROIT PRIVE;terme_specifique;321_04;DROIT DE L'INFORMATIQUE;https://aciege.org/Dct/Fra/Fra_321_04.html
321;321_15;DROIT PRIVE;terme_specifique;321_17;DROIT DES ASSURANCES;https://aciege.org/Dct/Fra/Fra_321_17.html
321;321_15;DROIT PRIVE;terme_specifique;321_07;DROIT RURAL;https://aciege.org/Dct/Fra/Fra_321_07.html
321;321_15;DROIT PRIVE;terme_specifique;321_06;PROCEDURE CIVILE;https://aciege.org/Dct/Fra/Fra_321_06.html
321;321_77;DROIT PUBLIC;terme_generique;321_55;DROIT;https://aciege.org/Dct/Fra/Fra_321_55.html
321;321_77;DROIT PUBLIC;terme_specifique;321_86;CONTENTIEUX ADMINISTRATIF;https://aciege.org/Dct/Fra/Fra_321_86.html
321;321_77;DROIT PUBLIC;terme_specifique;321_87;DROIT ADMINISTRATIF;https://aciege.org/Dct/Fra/Fra_321_87.html
321;321_77;DROIT PUBLIC;terme_specifique;321_68;DROIT CONSTITUTIONNEL;https://aciege.org/Dct/Fra/Fra_321_68.html
321;321_77;DROIT PUBLIC;terme_specifique;321_78;DROIT DE L'ENVIRONNEMENT;https://aciege.org/Dct/Fra/Fra_321_78.html
321;321_77;DROIT PUBLIC;terme_specifique;321_98;DROIT DE L'URBANISME;https://aciege.org/Dct/Fra/Fra_321_98.html
321;321_77;DROIT PUBLIC;terme_specifique;321_88;DROIT FISCAL;https://aciege.org/Dct/Fra/Fra_321_88.html
321;321_77;DROIT PUBLIC;terme_specifique;321_67;DROIT PUBLIC DES AFFAIRES;https://aciege.org/Dct/Fra/Fra_321_67.html
321;321_67;DROIT PUBLIC DES AFFAIRES;terme_generique;321_77;DROIT PUBLIC;https://aciege.org/Dct/Fra/Fra_321_77.html
321;321_07;DROIT RURAL;terme_generique;321_15;DROIT PRIVE;https://aciege.org/Dct/Fra/Fra_321_15.html
321;321_82;DROITS DE L'HOMME;terme_generique;321_73;DROIT INTERNATIONAL;https://aciege.org/Dct/Fra/Fra_321_73.html
321;321_82;DROITS DE L'HOMME;terme_specifique;321_92;EQUITE;https://aciege.org/Dct/Fra/Fra_321_92.html
321;321_92;EQUITE;terme_generique;321_82;DROITS DE L'HOMME;https://aciege.org/Dct/Fra/Fra_321_82.html
321;321_85;FRAUDE;terme_generique;321_55;DROIT;https://aciege.org/Dct/Fra/Fra_321_55.html
321;321_21;HARMONISATION DES LEGISLATIONS;terme_generique;321_33;LEGISLATION;https://aciege.org/Dct/Fra/Fra_321_33.html
321;321_37;INFRACTION;terme_generique;321_46;DROIT PENAL;https://aciege.org/Dct/Fra/Fra_321_46.html
321;321_37;INFRACTION;terme_specifique;321_28;CONTRAVENTION;https://aciege.org/Dct/Fra/Fra_321_28.html
321;321_37;INFRACTION;terme_specifique;321_48;CRIME;https://aciege.org/Dct/Fra/Fra_321_48.html
321;321_37;INFRACTION;terme_specifique;321_38;DELIT;https://aciege.org/Dct/Fra/Fra_321_38.html
321;321_34;JURISPRUDENCE;terme_generique;321_44;SOURCE DU DROIT;https://aciege.org/Dct/Fra/Fra_321_44.html
321;321_33;LEGISLATION;terme_generique;321_44;SOURCE DU DROIT;https://aciege.org/Dct/Fra/Fra_321_44.html
321;321_33;LEGISLATION;terme_specifique;321_21;HARMONISATION DES LEGISLATIONS;https://aciege.org/Dct/Fra/Fra_321_21.html
321;321_33;LEGISLATION;terme_specifique;321_22;LEGISLATION INTERNATIONALE;https://aciege.org/Dct/Fra/Fra_321_22.html
321;321_33;LEGISLATION;terme_specifique;321_23;LEGISLATION INTERNE;https://aciege.org/Dct/Fra/Fra_321_23.html
321;321_22;LEGISLATION INTERNATIONALE;terme_generique;321_33;LEGISLATION;https://aciege.org/Dct/Fra/Fra_321_33.html
321;321_23;LEGISLATION INTERNE;terme_generique;321_33;LEGISLATION;https://aciege.org/Dct/Fra/Fra_321_33.html
321;321_54;ORGANISATION JUDICIAIRE;terme_generique;321_55;DROIT;https://aciege.org/Dct/Fra/Fra_321_55.html
321;321_06;PROCEDURE CIVILE;terme_generique;321_15;DROIT PRIVE;https://aciege.org/Dct/Fra/Fra_321_15.html
321;321_35;PROCEDURE PENALE;terme_generique;321_46;DROIT PENAL;https://aciege.org/Dct/Fra/Fra_321_46.html
321;321_36;RESPONSABILITE PENALE;terme_generique;321_46;DROIT PENAL;https://aciege.org/Dct/Fra/Fra_321_46.html
321;321_44;SOURCE DU DROIT;terme_generique;321_55;DROIT;https://aciege.org/Dct/Fra/Fra_321_55.html
321;321_44;SOURCE DU DROIT;terme_specifique;321_43;COUTUME;https://aciege.org/Dct/Fra/Fra_321_43.html
321;321_44;SOURCE DU DROIT;terme_specifique;321_53;DOCTRINE JURIDIQUE;https://aciege.org/Dct/Fra/Fra_321_53.html
321;321_44;SOURCE DU DROIT;terme_specifique;321_34;JURISPRUDENCE;https://aciege.org/Dct/Fra/Fra_321_34.html
321;321_44;SOURCE DU DROIT;terme_specifique;321_33;LEGISLATION;https://aciege.org/Dct/Fra/Fra_321_33.html
321;321_44;SOURCE DU DROIT;terme_specifique;321_42;USAGE;https://aciege.org/Dct/Fra/Fra_321_42.html
321;321_42;USAGE;terme_generique;321_44;SOURCE DU DROIT;https://aciege.org/Dct/Fra/Fra_321_44.html
322;322_16;ACTE DE COMMERCE;terme_generique;322_26;DROIT COMMERCIAL GENERAL;https://aciege.org/Dct/Fra/Fra_322_26.html
322;322_84;ACTIONNAIRE;terme_generique;322_83;SOCIETE PAR ACTIONS;https://aciege.org/Dct/Fra/Fra_322_83.html
322;322_84;ACTIONNAIRE;terme_specifique;322_85;ACTIONNAIRE SALARIE;https://aciege.org/Dct/Fra/Fra_322_85.html
322;322_84;ACTIONNAIRE;employe_pour;Ac_2390;Actionnariat;https://aciege.org/Dct/Fra/Ac_2390.html
322;322_85;ACTIONNAIRE SALARIE;terme_generique;322_84;ACTIONNAIRE;https://aciege.org/Dct/Fra/Fra_322_84.html
322;322_18;BAIL COMMERCIAL;terme_generique;322_17;FONDS DE COMMERCE;https://aciege.org/Dct/Fra/Fra_322_17.html
322;322_51;COOPERATIVE AGRICOLE;terme_generique;322_52;SOCIETE COOPERATIVE;https://aciege.org/Dct/Fra/Fra_322_52.html
322;322_66;DROIT BANCAIRE ET BOURSIER;terme_generique;322_55;DROIT COMMERCIAL;https://aciege.org/Dct/Fra/Fra_322_55.html
322;322_66;DROIT BANCAIRE ET BOURSIER;terme_specifique;322_77;RESPONSABILITE DU BANQUIER;https://aciege.org/Dct/Fra/Fra_322_77.html
322;322_66;DROIT BANCAIRE ET BOURSIER;employe_pour;Bl_2529;Blanchiment d'argent;https://aciege.org/Dct/Fra/Bl_2529.html
322;322_66;DROIT BANCAIRE ET BOURSIER;employe_pour;Cr_2706;Criminalité financière;https://aciege.org/Dct/Fra/Cr_2706.html
322;322_66;DROIT BANCAIRE ET BOURSIER;employe_pour;Dr_2767;Droit financier;https://aciege.org/Dct/Fra/Dr_2767.html
322;322_55;DROIT COMMERCIAL;terme_specifique;322_66;DROIT BANCAIRE ET BOURSIER;https://aciege.org/Dct/Fra/Fra_322_66.html
322;322_55;DROIT COMMERCIAL;terme_specifique;322_26;DROIT COMMERCIAL GENERAL;https://aciege.org/Dct/Fra/Fra_322_26.html
322;322_55;DROIT COMMERCIAL;terme_specifique;322_65;DROIT COMPTABLE;https://aciege.org/Dct/Fra/Fra_322_65.html
322;322_55;DROIT COMMERCIAL;terme_specifique;322_37;DROIT DE LA CONCURRENCE;https://aciege.org/Dct/Fra/Fra_322_37.html
322;322_55;DROIT COMMERCIAL;terme_specifique;322_57;DROIT DES TRANSPORTS;https://aciege.org/Dct/Fra/Fra_322_57.html
322;322_55;DROIT COMMERCIAL;terme_specifique;322_21;DROIT PROFESSIONNEL;https://aciege.org/Dct/Fra/Fra_322_21.html
322;322_55;DROIT COMMERCIAL;terme_specifique;322_24;PROCEDURE COLLECTIVE;https://aciege.org/Dct/Fra/Fra_322_24.html
322;322_55;DROIT COMMERCIAL;terme_specifique;322_53;SOCIETE COMMERCIALE;https://aciege.org/Dct/Fra/Fra_322_53.html
322;322_55;DROIT COMMERCIAL;employe_pour;Dr_2759;Droit de la distribution;https://aciege.org/Dct/Fra/Dr_2759.html
322;322_55;DROIT COMMERCIAL;employe_pour;Dr_2760;Droit de la publicité;https://aciege.org/Dct/Fra/Dr_2760.html
322;322_55;DROIT COMMERCIAL;employe_pour;Dr_2763;Droit des affaires;https://aciege.org/Dct/Fra/Dr_2763.html
322;322_55;DROIT COMMERCIAL;employe_pour;Dr_2765;Droit des sociétés;https://aciege.org/Dct/Fra/Dr_2765.html
322;322_55;DROIT COMMERCIAL;employe_pour;Dr_2766;Droit du marketing;https://aciege.org/Dct/Fra/Dr_2766.html
322;322_55;DROIT COMMERCIAL;employe_pour;Ga_2922;Gage commercial;https://aciege.org/Dct/Fra/Ga_2922.html
322;322_55;DROIT COMMERCIAL;employe_pour;Re_3421;Registre du commerce;https://aciege.org/Dct/Fra/Re_3421.html
322;322_55;DROIT COMMERCIAL;employe_pour;Tr_3587;Tribunal de commerce;https://aciege.org/Dct/Fra/Tr_3587.html
322;322_26;DROIT COMMERCIAL GENERAL;terme_generique;322_55;DROIT COMMERCIAL;https://aciege.org/Dct/Fra/Fra_322_55.html
322;322_26;DROIT COMMERCIAL GENERAL;terme_specifique;322_16;ACTE DE COMMERCE;https://aciege.org/Dct/Fra/Fra_322_16.html
322;322_26;DROIT COMMERCIAL GENERAL;terme_specifique;322_17;FONDS DE COMMERCE;https://aciege.org/Dct/Fra/Fra_322_17.html
322;322_65;DROIT COMPTABLE;terme_generique;322_55;DROIT COMMERCIAL;https://aciege.org/Dct/Fra/Fra_322_55.html
322;322_37;DROIT DE LA CONCURRENCE;terme_generique;322_55;DROIT COMMERCIAL;https://aciege.org/Dct/Fra/Fra_322_55.html
322;322_37;DROIT DE LA CONCURRENCE;employe_pour;Lo_3128;Loi anti trust;https://aciege.org/Dct/Fra/Lo_3128.html
322;322_57;DROIT DES TRANSPORTS;terme_generique;322_55;DROIT COMMERCIAL;https://aciege.org/Dct/Fra/Fra_322_55.html
322;322_57;DROIT DES TRANSPORTS;terme_specifique;322_68;DROIT MARITIME;https://aciege.org/Dct/Fra/Fra_322_68.html
322;322_68;DROIT MARITIME;terme_generique;322_57;DROIT DES TRANSPORTS;https://aciege.org/Dct/Fra/Fra_322_57.html
322;322_21;DROIT PROFESSIONNEL;terme_generique;322_55;DROIT COMMERCIAL;https://aciege.org/Dct/Fra/Fra_322_55.html
322;322_71;EURL;terme_generique;322_72;SARL;https://aciege.org/Dct/Fra/Fra_322_72.html
322;322_71;EURL;employe_pour;En_2843;Entreprise unipersonnelle;https://aciege.org/Dct/Fra/En_2843.html
322;322_17;FONDS DE COMMERCE;terme_generique;322_26;DROIT COMMERCIAL GENERAL;https://aciege.org/Dct/Fra/Fra_322_26.html
322;322_17;FONDS DE COMMERCE;terme_specifique;322_18;BAIL COMMERCIAL;https://aciege.org/Dct/Fra/Fra_322_18.html
322;322_17;FONDS DE COMMERCE;employe_pour;Pr_3362;Propriété commerciale;https://aciege.org/Dct/Fra/Pr_3362.html
322;322_61;GEIE;terme_generique;322_62;GIE;https://aciege.org/Dct/Fra/Fra_322_62.html
322;322_61;GEIE;employe_pour;Gr_2954;Groupement européen d'intérêt économique;https://aciege.org/Dct/Fra/Gr_2954.html
322;322_62;GIE;terme_generique;322_53;SOCIETE COMMERCIALE;https://aciege.org/Dct/Fra/Fra_322_53.html
322;322_62;GIE;terme_specifique;322_61;GEIE;https://aciege.org/Dct/Fra/Fra_322_61.html
322;322_62;GIE;employe_pour;Gr_2953;Groupement d'intérêt économique;https://aciege.org/Dct/Fra/Gr_2953.html
322;322_41;MUTUELLE;terme_generique;322_42;SOCIETE D'ASSURANCE;https://aciege.org/Dct/Fra/Fra_322_42.html
322;322_74;PARTIES PRENANTES;terme_generique;322_83;SOCIETE PAR ACTIONS;https://aciege.org/Dct/Fra/Fra_322_83.html
322;322_24;PROCEDURE COLLECTIVE;terme_generique;322_55;DROIT COMMERCIAL;https://aciege.org/Dct/Fra/Fra_322_55.html
322;322_24;PROCEDURE COLLECTIVE;employe_pour;Ac_2389;Action de groupe;https://aciege.org/Dct/Fra/Ac_2389.html
322;322_24;PROCEDURE COLLECTIVE;employe_pour;De_2782;Dépôt de bilan;https://aciege.org/Dct/Fra/De_2782.html
322;322_24;PROCEDURE COLLECTIVE;employe_pour;Fa_2880;Faillite;https://aciege.org/Dct/Fra/Fa_2880.html
322;322_24;PROCEDURE COLLECTIVE;employe_pour;Li_3118;Liquidation des biens;https://aciege.org/Dct/Fra/Li_3118.html
322;322_24;PROCEDURE COLLECTIVE;employe_pour;Li_3119;Liquidation judiciaire;https://aciege.org/Dct/Fra/Li_3119.html
322;322_24;PROCEDURE COLLECTIVE;employe_pour;Re_3419;Redressement judiciaire;https://aciege.org/Dct/Fra/Re_3419.html
322;322_77;RESPONSABILITE DU BANQUIER;terme_generique;322_66;DROIT BANCAIRE ET BOURSIER;https://aciege.org/Dct/Fra/Fra_322_66.html
322;322_72;SARL;terme_generique;322_53;SOCIETE COMMERCIALE;https://aciege.org/Dct/Fra/Fra_322_53.html
322;322_72;SARL;terme_specifique;322_71;EURL;https://aciege.org/Dct/Fra/Fra_322_71.html
322;322_72;SARL;employe_pour;So_3506;Société à responsabilité limitée;https://aciege.org/Dct/Fra/So_3506.html
322;322_93;SOCIETE ANONYME;terme_generique;322_83;SOCIETE PAR ACTIONS;https://aciege.org/Dct/Fra/Fra_322_83.html
322;322_53;SOCIETE COMMERCIALE;terme_generique;322_55;DROIT COMMERCIAL;https://aciege.org/Dct/Fra/Fra_322_55.html
322;322_53;SOCIETE COMMERCIALE;terme_specifique;322_62;GIE;https://aciege.org/Dct/Fra/Fra_322_62.html
322;322_53;SOCIETE COMMERCIALE;terme_specifique;322_72;SARL;https://aciege.org/Dct/Fra/Fra_322_72.html
322;322_53;SOCIETE COMMERCIALE;terme_specifique;322_52;SOCIETE COOPERATIVE;https://aciege.org/Dct/Fra/Fra_322_52.html
322;322_53;SOCIETE COMMERCIALE;terme_specifique;322_42;SOCIETE D'ASSURANCE;https://aciege.org/Dct/Fra/Fra_322_42.html
322;322_53;SOCIETE COMMERCIALE;terme_specifique;322_44;SOCIETE D'ECONOMIE MIXTE;https://aciege.org/Dct/Fra/Fra_322_44.html
322;322_53;SOCIETE COMMERCIALE;terme_specifique;322_64;SOCIETE EN NOM COLLECTIF;https://aciege.org/Dct/Fra/Fra_322_64.html
322;322_53;SOCIETE COMMERCIALE;terme_specifique;322_43;SOCIETE EUROPEENNE;https://aciege.org/Dct/Fra/Fra_322_43.html
322;322_53;SOCIETE COMMERCIALE;terme_specifique;322_83;SOCIETE PAR ACTIONS;https://aciege.org/Dct/Fra/Fra_322_83.html
322;322_53;SOCIETE COMMERCIALE;employe_pour;Fo_2908;Forme juridique de l'entreprise;https://aciege.org/Dct/Fra/Fo_2908.html
322;322_53;SOCIETE COMMERCIALE;employe_pour;St_3515;Statut de l'entreprise;https://aciege.org/Dct/Fra/St_3515.html
322;322_92;SOCIETE CONVENTIONNEE;terme_generique;322_83;SOCIETE PAR ACTIONS;https://aciege.org/Dct/Fra/Fra_322_83.html
322;322_52;SOCIETE COOPERATIVE;terme_generique;322_53;SOCIETE COMMERCIALE;https://aciege.org/Dct/Fra/Fra_322_53.html
322;322_52;SOCIETE COOPERATIVE;terme_specifique;322_51;COOPERATIVE AGRICOLE;https://aciege.org/Dct/Fra/Fra_322_51.html
322;322_42;SOCIETE D'ASSURANCE;terme_generique;322_53;SOCIETE COMMERCIALE;https://aciege.org/Dct/Fra/Fra_322_53.html
322;322_42;SOCIETE D'ASSURANCE;terme_specifique;322_41;MUTUELLE;https://aciege.org/Dct/Fra/Fra_322_41.html
322;322_44;SOCIETE D'ECONOMIE MIXTE;terme_generique;322_53;SOCIETE COMMERCIALE;https://aciege.org/Dct/Fra/Fra_322_53.html
322;322_44;SOCIETE D'ECONOMIE MIXTE;employe_pour;En_2837;Entreprise d'économie mixte;https://aciege.org/Dct/Fra/En_2837.html
322;322_64;SOCIETE EN NOM COLLECTIF;terme_generique;322_53;SOCIETE COMMERCIALE;https://aciege.org/Dct/Fra/Fra_322_53.html
322;322_64;SOCIETE EN NOM COLLECTIF;employe_pour;So_3505;Société de personnes;https://aciege.org/Dct/Fra/So_3505.html
322;322_43;SOCIETE EUROPEENNE;terme_generique;322_53;SOCIETE COMMERCIALE;https://aciege.org/Dct/Fra/Fra_322_53.html
322;322_83;SOCIETE PAR ACTIONS;terme_generique;322_53;SOCIETE COMMERCIALE;https://aciege.org/Dct/Fra/Fra_322_53.html
322;322_83;SOCIETE PAR ACTIONS;terme_specifique;322_84;ACTIONNAIRE;https://aciege.org/Dct/Fra/Fra_322_84.html
322;322_83;SOCIETE PAR ACTIONS;terme_specifique;322_74;PARTIES PRENANTES;https://aciege.org/Dct/Fra/Fra_322_74.html
322;322_83;SOCIETE PAR ACTIONS;terme_specifique;322_93;SOCIETE ANONYME;https://aciege.org/Dct/Fra/Fra_322_93.html
322;322_83;SOCIETE PAR ACTIONS;terme_specifique;322_92;SOCIETE CONVENTIONNEE;https://aciege.org/Dct/Fra/Fra_322_92.html
322;322_83;SOCIETE PAR ACTIONS;terme_specifique;322_94;SOCIETE PAR ACTIONS SIMPLIFIEE;https://aciege.org/Dct/Fra/Fra_322_94.html
322;322_83;SOCIETE PAR ACTIONS;employe_pour;As_2472;Assemblée générale;https://aciege.org/Dct/Fra/As_2472.html
322;322_83;SOCIETE PAR ACTIONS;employe_pour;So_3503;Société de capitaux;https://aciege.org/Dct/Fra/So_3503.html
322;322_94;SOCIETE PAR ACTIONS SIMPLIFIEE;terme_generique;322_83;SOCIETE PAR ACTIONS;https://aciege.org/Dct/Fra/Fra_322_83.html
322;322_94;SOCIETE PAR ACTIONS SIMPLIFIEE;employe_pour;SA_3474;SAS;https://aciege.org/Dct/Fra/SA_3474.html
322;322_94;SOCIETE PAR ACTIONS SIMPLIFIEE;employe_pour;SA_3475;SASU;https://aciege.org/Dct/Fra/SA_3475.html
323;323_11;ASSOCIATION;terme_generique;323_22;ORGANISME SANS BUT LUCRATIF;https://aciege.org/Dct/Fra/Fra_323_22.html
323;323_11;ASSOCIATION;terme_specifique;323_00;ASSOCIATION HUMANITAIRE;https://aciege.org/Dct/Fra/Fra_323_00.html
323;323_11;ASSOCIATION;terme_specifique;323_10;ASSOCIATION PROFESSIONNELLE;https://aciege.org/Dct/Fra/Fra_323_10.html
323;323_11;ASSOCIATION;terme_specifique;323_01;ONG;https://aciege.org/Dct/Fra/Fra_323_01.html
323;323_00;ASSOCIATION HUMANITAIRE;terme_generique;323_11;ASSOCIATION;https://aciege.org/Dct/Fra/Fra_323_11.html
323;323_10;ASSOCIATION PROFESSIONNELLE;terme_generique;323_11;ASSOCIATION;https://aciege.org/Dct/Fra/Fra_323_11.html
323;323_10;ASSOCIATION PROFESSIONNELLE;employe_pour;Or_3275;Organisme professionnel;https://aciege.org/Dct/Fra/Or_3275.html
323;323_79;BAIL;terme_generique;323_68;CONTRATS SPECIAUX;https://aciege.org/Dct/Fra/Fra_323_68.html
323;323_79;BAIL;terme_specifique;323_89;LOCATION;https://aciege.org/Dct/Fra/Fra_323_89.html
323;323_49;CONCESSION;terme_generique;323_68;CONTRATS SPECIAUX;https://aciege.org/Dct/Fra/Fra_323_68.html
323;323_77;CONTRAT;terme_generique;323_67;DROIT DES CONTRATS;https://aciege.org/Dct/Fra/Fra_323_67.html
323;323_69;CONTRAT D'ENTREPRISE;terme_generique;323_68;CONTRATS SPECIAUX;https://aciege.org/Dct/Fra/Fra_323_68.html
323;323_48;CONTRAT DE DEPOT;terme_generique;323_68;CONTRATS SPECIAUX;https://aciege.org/Dct/Fra/Fra_323_68.html
323;323_58;CONTRAT DE VENTE;terme_generique;323_68;CONTRATS SPECIAUX;https://aciege.org/Dct/Fra/Fra_323_68.html
323;323_68;CONTRATS SPECIAUX;terme_generique;323_67;DROIT DES CONTRATS;https://aciege.org/Dct/Fra/Fra_323_67.html
323;323_68;CONTRATS SPECIAUX;terme_specifique;323_79;BAIL;https://aciege.org/Dct/Fra/Fra_323_79.html
323;323_68;CONTRATS SPECIAUX;terme_specifique;323_49;CONCESSION;https://aciege.org/Dct/Fra/Fra_323_49.html
323;323_68;CONTRATS SPECIAUX;terme_specifique;323_48;CONTRAT DE DEPOT;https://aciege.org/Dct/Fra/Fra_323_48.html
323;323_68;CONTRATS SPECIAUX;terme_specifique;323_69;CONTRAT D'ENTREPRISE;https://aciege.org/Dct/Fra/Fra_323_69.html
323;323_68;CONTRATS SPECIAUX;terme_specifique;323_58;CONTRAT DE VENTE;https://aciege.org/Dct/Fra/Fra_323_58.html
323;323_68;CONTRATS SPECIAUX;terme_specifique;323_59;MANDAT;https://aciege.org/Dct/Fra/Fra_323_59.html
323;323_81;CONTREFACON;terme_generique;323_72;PROPRIETE INTELLECTUELLE;https://aciege.org/Dct/Fra/Fra_323_72.html
323;323_55;DROIT CIVIL;terme_specifique;323_65;DROIT DE LA CONSOMMATION;https://aciege.org/Dct/Fra/Fra_323_65.html
323;323_55;DROIT CIVIL;terme_specifique;323_64;DROIT DES BIENS;https://aciege.org/Dct/Fra/Fra_323_64.html
323;323_55;DROIT CIVIL;terme_specifique;323_56;DROIT DES OBLIGATIONS;https://aciege.org/Dct/Fra/Fra_323_56.html
323;323_55;DROIT CIVIL;terme_specifique;323_44;DROIT DES PERSONNES;https://aciege.org/Dct/Fra/Fra_323_44.html
323;323_55;DROIT CIVIL;terme_specifique;323_45;DROIT DES SURETES;https://aciege.org/Dct/Fra/Fra_323_45.html
323;323_55;DROIT CIVIL;employe_pour;Dr_2762;Droit de succession;https://aciege.org/Dct/Fra/Dr_2762.html
323;323_55;DROIT CIVIL;employe_pour;Na_3224;Nationalité;https://aciege.org/Dct/Fra/Na_3224.html
323;323_92;DROIT D'AUTEUR;terme_generique;323_82;PROPRIETE LITTERAIRE ET ARTISTIQUE;https://aciege.org/Dct/Fra/Fra_323_82.html
323;323_92;DROIT D'AUTEUR;employe_pour;Dr_2769;Droits voisins;https://aciege.org/Dct/Fra/Dr_2769.html
323;323_65;DROIT DE LA CONSOMMATION;terme_generique;323_55;DROIT CIVIL;https://aciege.org/Dct/Fra/Fra_323_55.html
323;323_53;DROIT DE LA FAMILLE;terme_generique;323_44;DROIT DES PERSONNES;https://aciege.org/Dct/Fra/Fra_323_44.html
323;323_73;DROIT DE PROPRIETE;terme_generique;323_64;DROIT DES BIENS;https://aciege.org/Dct/Fra/Fra_323_64.html
323;323_73;DROIT DE PROPRIETE;terme_specifique;323_72;PROPRIETE INTELLECTUELLE;https://aciege.org/Dct/Fra/Fra_323_72.html
323;323_64;DROIT DES BIENS;terme_generique;323_55;DROIT CIVIL;https://aciege.org/Dct/Fra/Fra_323_55.html
323;323_64;DROIT DES BIENS;terme_specifique;323_73;DROIT DE PROPRIETE;https://aciege.org/Dct/Fra/Fra_323_73.html
323;323_64;DROIT DES BIENS;terme_specifique;323_74;PATRIMOINE;https://aciege.org/Dct/Fra/Fra_323_74.html
323;323_67;DROIT DES CONTRATS;terme_generique;323_56;DROIT DES OBLIGATIONS;https://aciege.org/Dct/Fra/Fra_323_56.html
323;323_67;DROIT DES CONTRATS;terme_specifique;323_77;CONTRAT;https://aciege.org/Dct/Fra/Fra_323_77.html
323;323_67;DROIT DES CONTRATS;terme_specifique;323_68;CONTRATS SPECIAUX;https://aciege.org/Dct/Fra/Fra_323_68.html
323;323_56;DROIT DES OBLIGATIONS;terme_generique;323_55;DROIT CIVIL;https://aciege.org/Dct/Fra/Fra_323_55.html
323;323_56;DROIT DES OBLIGATIONS;terme_specifique;323_67;DROIT DES CONTRATS;https://aciege.org/Dct/Fra/Fra_323_67.html
323;323_56;DROIT DES OBLIGATIONS;terme_specifique;323_37;RESPONSABILITE CIVILE;https://aciege.org/Dct/Fra/Fra_323_37.html
323;323_44;DROIT DES PERSONNES;terme_generique;323_55;DROIT CIVIL;https://aciege.org/Dct/Fra/Fra_323_55.html
323;323_44;DROIT DES PERSONNES;terme_specifique;323_53;DROIT DE LA FAMILLE;https://aciege.org/Dct/Fra/Fra_323_53.html
323;323_44;DROIT DES PERSONNES;terme_specifique;323_33;PERSONNE JURIDIQUE;https://aciege.org/Dct/Fra/Fra_323_33.html
323;323_45;DROIT DES SURETES;terme_generique;323_55;DROIT CIVIL;https://aciege.org/Dct/Fra/Fra_323_55.html
323;323_45;DROIT DES SURETES;terme_specifique;323_35;GARANTIE;https://aciege.org/Dct/Fra/Fra_323_35.html
323;323_62;ESPIONNAGE INDUSTRIEL;terme_generique;323_72;PROPRIETE INTELLECTUELLE;https://aciege.org/Dct/Fra/Fra_323_72.html
323;323_21;FONDATION;terme_generique;323_22;ORGANISME SANS BUT LUCRATIF;https://aciege.org/Dct/Fra/Fra_323_22.html
323;323_35;GARANTIE;terme_generique;323_45;DROIT DES SURETES;https://aciege.org/Dct/Fra/Fra_323_45.html
323;323_35;GARANTIE;employe_pour;Ca_2581;Caution;https://aciege.org/Dct/Fra/Ca_2581.html
323;323_89;LOCATION;terme_generique;323_79;BAIL;https://aciege.org/Dct/Fra/Fra_323_79.html
323;323_89;LOCATION;terme_specifique;323_99;LOYER;https://aciege.org/Dct/Fra/Fra_323_99.html
323;323_99;LOYER;terme_generique;323_89;LOCATION;https://aciege.org/Dct/Fra/Fra_323_89.html
323;323_59;MANDAT;terme_generique;323_68;CONTRATS SPECIAUX;https://aciege.org/Dct/Fra/Fra_323_68.html
323;323_01;ONG;terme_generique;323_11;ASSOCIATION;https://aciege.org/Dct/Fra/Fra_323_11.html
323;323_22;ORGANISME SANS BUT LUCRATIF;terme_generique;323_23;PERSONNE MORALE;https://aciege.org/Dct/Fra/Fra_323_23.html
323;323_22;ORGANISME SANS BUT LUCRATIF;terme_specifique;323_11;ASSOCIATION;https://aciege.org/Dct/Fra/Fra_323_11.html
323;323_22;ORGANISME SANS BUT LUCRATIF;terme_specifique;323_21;FONDATION;https://aciege.org/Dct/Fra/Fra_323_21.html
323;323_22;ORGANISME SANS BUT LUCRATIF;employe_pour;As_2483;Association loi de 1901;https://aciege.org/Dct/Fra/As_2483.html
323;323_74;PATRIMOINE;terme_generique;323_64;DROIT DES BIENS;https://aciege.org/Dct/Fra/Fra_323_64.html
323;323_33;PERSONNE JURIDIQUE;terme_generique;323_44;DROIT DES PERSONNES;https://aciege.org/Dct/Fra/Fra_323_44.html
323;323_33;PERSONNE JURIDIQUE;terme_specifique;323_23;PERSONNE MORALE;https://aciege.org/Dct/Fra/Fra_323_23.html
323;323_33;PERSONNE JURIDIQUE;terme_specifique;323_32;PERSONNE PHYSIQUE;https://aciege.org/Dct/Fra/Fra_323_32.html
323;323_23;PERSONNE MORALE;terme_generique;323_33;PERSONNE JURIDIQUE;https://aciege.org/Dct/Fra/Fra_323_33.html
323;323_23;PERSONNE MORALE;terme_specifique;323_22;ORGANISME SANS BUT LUCRATIF;https://aciege.org/Dct/Fra/Fra_323_22.html
323;323_23;PERSONNE MORALE;terme_specifique;323_24;SOCIETE CIVILE;https://aciege.org/Dct/Fra/Fra_323_24.html
323;323_32;PERSONNE PHYSIQUE;terme_generique;323_33;PERSONNE JURIDIQUE;https://aciege.org/Dct/Fra/Fra_323_33.html
323;323_71;PROPRIETE INDUSTRIELLE;terme_generique;323_72;PROPRIETE INTELLECTUELLE;https://aciege.org/Dct/Fra/Fra_323_72.html
323;323_71;PROPRIETE INDUSTRIELLE;employe_pour;Li_3115;Licence;https://aciege.org/Dct/Fra/Li_3115.html
323;323_72;PROPRIETE INTELLECTUELLE;terme_generique;323_73;DROIT DE PROPRIETE;https://aciege.org/Dct/Fra/Fra_323_73.html
323;323_72;PROPRIETE INTELLECTUELLE;terme_specifique;323_81;CONTREFACON;https://aciege.org/Dct/Fra/Fra_323_81.html
323;323_72;PROPRIETE INTELLECTUELLE;terme_specifique;323_62;ESPIONNAGE INDUSTRIEL;https://aciege.org/Dct/Fra/Fra_323_62.html
323;323_72;PROPRIETE INTELLECTUELLE;terme_specifique;323_71;PROPRIETE INDUSTRIELLE;https://aciege.org/Dct/Fra/Fra_323_71.html
323;323_72;PROPRIETE INTELLECTUELLE;terme_specifique;323_82;PROPRIETE LITTERAIRE ET ARTISTIQUE;https://aciege.org/Dct/Fra/Fra_323_82.html
323;323_82;PROPRIETE LITTERAIRE ET ARTISTIQUE;terme_generique;323_72;PROPRIETE INTELLECTUELLE;https://aciege.org/Dct/Fra/Fra_323_72.html
323;323_82;PROPRIETE LITTERAIRE ET ARTISTIQUE;terme_specifique;323_92;DROIT D'AUTEUR;https://aciege.org/Dct/Fra/Fra_323_92.html
323;323_37;RESPONSABILITE CIVILE;terme_generique;323_56;DROIT DES OBLIGATIONS;https://aciege.org/Dct/Fra/Fra_323_56.html
323;323_37;RESPONSABILITE CIVILE;terme_specifique;323_38;RESPONSABILITE CONTRACTUELLE;https://aciege.org/Dct/Fra/Fra_323_38.html
323;323_37;RESPONSABILITE CIVILE;terme_specifique;323_28;RESPONSABILITE DELICTUELLE;https://aciege.org/Dct/Fra/Fra_323_28.html
323;323_38;RESPONSABILITE CONTRACTUELLE;terme_generique;323_37;RESPONSABILITE CIVILE;https://aciege.org/Dct/Fra/Fra_323_37.html
323;323_28;RESPONSABILITE DELICTUELLE;terme_generique;323_37;RESPONSABILITE CIVILE;https://aciege.org/Dct/Fra/Fra_323_37.html
323;323_24;SOCIETE CIVILE;terme_generique;323_23;PERSONNE MORALE;https://aciege.org/Dct/Fra/Fra_323_23.html
323;323_24;SOCIETE CIVILE;terme_specifique;323_13;SOCIETE CIVILE IMMOBILIERE;https://aciege.org/Dct/Fra/Fra_323_13.html
323;323_24;SOCIETE CIVILE;terme_specifique;323_14;SOCIETE CIVILE PROFESSIONNELLE;https://aciege.org/Dct/Fra/Fra_323_14.html
323;323_13;SOCIETE CIVILE IMMOBILIERE;terme_generique;323_24;SOCIETE CIVILE;https://aciege.org/Dct/Fra/Fra_323_24.html
323;323_14;SOCIETE CIVILE PROFESSIONNELLE;terme_generique;323_24;SOCIETE CIVILE;https://aciege.org/Dct/Fra/Fra_323_24.html
324;324_22;ACCORD COLLECTIF;terme_generique;324_32;NEGOCIATION COLLECTIVE;https://aciege.org/Dct/Fra/Fra_324_32.html
324;324_22;ACCORD COLLECTIF;employe_pour;Co_2692;Convention collective;https://aciege.org/Dct/Fra/Co_2692.html
324;324_79;ASSURANCE CHOMAGE;terme_generique;324_68;REGIME GENERAL;https://aciege.org/Dct/Fra/Fra_324_68.html
324;324_77;ASSURANCE MALADIE;terme_generique;324_68;REGIME GENERAL;https://aciege.org/Dct/Fra/Fra_324_68.html
324;324_69;ASSURANCE VIEILLESSE;terme_generique;324_68;REGIME GENERAL;https://aciege.org/Dct/Fra/Fra_324_68.html
324;324_70;CDD;terme_generique;324_71;CONTRAT DE TRAVAIL;https://aciege.org/Dct/Fra/Fra_324_71.html
324;324_70;CDD;employe_pour;Co_2687;Contrat à durée déterminée;https://aciege.org/Dct/Fra/Co_2687.html
324;324_80;CDI;terme_generique;324_71;CONTRAT DE TRAVAIL;https://aciege.org/Dct/Fra/Fra_324_71.html
324;324_80;CDI;employe_pour;Co_2688;Contrat à durée indéterminée;https://aciege.org/Dct/Fra/Co_2688.html
324;324_82;CONSEIL DE PRUD'HOMMES;terme_generique;324_72;CONTENTIEUX DU TRAVAIL;https://aciege.org/Dct/Fra/Fra_324_72.html
324;324_36;CONTENTIEUX DE LA SECURITE SOCIALE;terme_generique;324_46;ORGANISATION DE LA SECURITE SOCIALE;https://aciege.org/Dct/Fra/Fra_324_46.html
324;324_72;CONTENTIEUX DU TRAVAIL;terme_generique;324_62;RELATIONS INDIVIDUELLES DU TRAVAIL;https://aciege.org/Dct/Fra/Fra_324_62.html
324;324_72;CONTENTIEUX DU TRAVAIL;terme_specifique;324_82;CONSEIL DE PRUD'HOMMES;https://aciege.org/Dct/Fra/Fra_324_82.html
324;324_71;CONTRAT DE TRAVAIL;terme_generique;324_62;RELATIONS INDIVIDUELLES DU TRAVAIL;https://aciege.org/Dct/Fra/Fra_324_62.html
324;324_71;CONTRAT DE TRAVAIL;terme_specifique;324_70;CDD;https://aciege.org/Dct/Fra/Fra_324_70.html
324;324_71;CONTRAT DE TRAVAIL;terme_specifique;324_80;CDI;https://aciege.org/Dct/Fra/Fra_324_80.html
324;324_71;CONTRAT DE TRAVAIL;employe_pour;De_2776;Démission;https://aciege.org/Dct/Fra/De_2776.html
324;324_71;CONTRAT DE TRAVAIL;employe_pour;Ru_3446;Rupture du contrat de travail;https://aciege.org/Dct/Fra/Ru_3446.html
324;324_74;DROIT DE LA SANTE;terme_generique;324_55;DROIT SOCIAL;https://aciege.org/Dct/Fra/Fra_324_55.html
324;324_74;DROIT DE LA SANTE;employe_pour;Dr_2761;Droit de la responsabilité médicale;https://aciege.org/Dct/Fra/Dr_2761.html
324;324_74;DROIT DE LA SANTE;employe_pour;Dr_2764;Droit des malades;https://aciege.org/Dct/Fra/Dr_2764.html
324;324_74;DROIT DE LA SANTE;employe_pour;Dr_2768;Droit hospitalier;https://aciege.org/Dct/Fra/Dr_2768.html
324;324_57;DROIT DE LA SECURITE SOCIALE;terme_generique;324_55;DROIT SOCIAL;https://aciege.org/Dct/Fra/Fra_324_55.html
324;324_57;DROIT DE LA SECURITE SOCIALE;terme_specifique;324_66;FINANCEMENT DE LA SECURITE SOCIALE;https://aciege.org/Dct/Fra/Fra_324_66.html
324;324_57;DROIT DE LA SECURITE SOCIALE;terme_specifique;324_46;ORGANISATION DE LA SECURITE SOCIALE;https://aciege.org/Dct/Fra/Fra_324_46.html
324;324_57;DROIT DE LA SECURITE SOCIALE;terme_specifique;324_68;REGIME GENERAL;https://aciege.org/Dct/Fra/Fra_324_68.html
324;324_57;DROIT DE LA SECURITE SOCIALE;terme_specifique;324_48;REGIMES SPECIAUX;https://aciege.org/Dct/Fra/Fra_324_48.html
324;324_53;DROIT DU TRAVAIL;terme_generique;324_55;DROIT SOCIAL;https://aciege.org/Dct/Fra/Fra_324_55.html
324;324_53;DROIT DU TRAVAIL;terme_specifique;324_42;RELATIONS COLLECTIVES DU TRAVAIL;https://aciege.org/Dct/Fra/Fra_324_42.html
324;324_53;DROIT DU TRAVAIL;terme_specifique;324_62;RELATIONS INDIVIDUELLES DU TRAVAIL;https://aciege.org/Dct/Fra/Fra_324_62.html
324;324_53;DROIT DU TRAVAIL;employe_pour;In_3067;Inspection du travail;https://aciege.org/Dct/Fra/In_3067.html
324;324_55;DROIT SOCIAL;terme_specifique;324_74;DROIT DE LA SANTE;https://aciege.org/Dct/Fra/Fra_324_74.html
324;324_55;DROIT SOCIAL;terme_specifique;324_57;DROIT DE LA SECURITE SOCIALE;https://aciege.org/Dct/Fra/Fra_324_57.html
324;324_55;DROIT SOCIAL;terme_specifique;324_53;DROIT DU TRAVAIL;https://aciege.org/Dct/Fra/Fra_324_53.html
324;324_66;FINANCEMENT DE LA SECURITE SOCIALE;terme_generique;324_57;DROIT DE LA SECURITE SOCIALE;https://aciege.org/Dct/Fra/Fra_324_57.html
324;324_33;GREVE;terme_generique;324_42;RELATIONS COLLECTIVES DU TRAVAIL;https://aciege.org/Dct/Fra/Fra_324_42.html
324;324_32;NEGOCIATION COLLECTIVE;terme_generique;324_42;RELATIONS COLLECTIVES DU TRAVAIL;https://aciege.org/Dct/Fra/Fra_324_42.html
324;324_32;NEGOCIATION COLLECTIVE;terme_specifique;324_22;ACCORD COLLECTIF;https://aciege.org/Dct/Fra/Fra_324_22.html
324;324_32;NEGOCIATION COLLECTIVE;employe_pour;Co_2640;Commission paritaire;https://aciege.org/Dct/Fra/Co_2640.html
324;324_32;NEGOCIATION COLLECTIVE;employe_pour;In_3077;Institution paritaire;https://aciege.org/Dct/Fra/In_3077.html
324;324_46;ORGANISATION DE LA SECURITE SOCIALE;terme_generique;324_57;DROIT DE LA SECURITE SOCIALE;https://aciege.org/Dct/Fra/Fra_324_57.html
324;324_46;ORGANISATION DE LA SECURITE SOCIALE;terme_specifique;324_36;CONTENTIEUX DE LA SECURITE SOCIALE;https://aciege.org/Dct/Fra/Fra_324_36.html
324;324_68;REGIME GENERAL;terme_generique;324_57;DROIT DE LA SECURITE SOCIALE;https://aciege.org/Dct/Fra/Fra_324_57.html
324;324_68;REGIME GENERAL;terme_specifique;324_79;ASSURANCE CHOMAGE;https://aciege.org/Dct/Fra/Fra_324_79.html
324;324_68;REGIME GENERAL;terme_specifique;324_77;ASSURANCE MALADIE;https://aciege.org/Dct/Fra/Fra_324_77.html
324;324_68;REGIME GENERAL;terme_specifique;324_69;ASSURANCE VIEILLESSE;https://aciege.org/Dct/Fra/Fra_324_69.html
324;324_48;REGIMES SPECIAUX;terme_generique;324_57;DROIT DE LA SECURITE SOCIALE;https://aciege.org/Dct/Fra/Fra_324_57.html
324;324_42;RELATIONS COLLECTIVES DU TRAVAIL;terme_generique;324_53;DROIT DU TRAVAIL;https://aciege.org/Dct/Fra/Fra_324_53.html
324;324_42;RELATIONS COLLECTIVES DU TRAVAIL;terme_specifique;324_33;GREVE;https://aciege.org/Dct/Fra/Fra_324_33.html
324;324_42;RELATIONS COLLECTIVES DU TRAVAIL;terme_specifique;324_32;NEGOCIATION COLLECTIVE;https://aciege.org/Dct/Fra/Fra_324_32.html
324;324_62;RELATIONS INDIVIDUELLES DU TRAVAIL;terme_generique;324_53;DROIT DU TRAVAIL;https://aciege.org/Dct/Fra/Fra_324_53.html
324;324_62;RELATIONS INDIVIDUELLES DU TRAVAIL;terme_specifique;324_72;CONTENTIEUX DU TRAVAIL;https://aciege.org/Dct/Fra/Fra_324_72.html
324;324_62;RELATIONS INDIVIDUELLES DU TRAVAIL;terme_specifique;324_71;CONTRAT DE TRAVAIL;https://aciege.org/Dct/Fra/Fra_324_71.html
331;331_04;ACCELERATEUR;terme_generique;331_35;ANALYSE ECONOMIQUE;https://aciege.org/Dct/Fra/Fra_331_35.html
331;331_35;ANALYSE ECONOMIQUE;terme_generique;331_55;THEORIE ECONOMIQUE;https://aciege.org/Dct/Fra/Fra_331_55.html
331;331_35;ANALYSE ECONOMIQUE;terme_specifique;331_04;ACCELERATEUR;https://aciege.org/Dct/Fra/Fra_331_04.html
331;331_35;ANALYSE ECONOMIQUE;terme_specifique;331_23;ECONOMETRIE;https://aciege.org/Dct/Fra/Fra_331_23.html
331;331_35;ANALYSE ECONOMIQUE;terme_specifique;331_15;MULTIPLICATEUR;https://aciege.org/Dct/Fra/Fra_331_15.html
331;331_35;ANALYSE ECONOMIQUE;terme_specifique;331_17;PRODUCTION;https://aciege.org/Dct/Fra/Fra_331_17.html
331;331_35;ANALYSE ECONOMIQUE;terme_specifique;331_06;PRODUCTIVITE;https://aciege.org/Dct/Fra/Fra_331_06.html
331;331_95;CONCURRENCE;terme_generique;331_75;THEORIE DU MARCHE;https://aciege.org/Dct/Fra/Fra_331_75.html
331;331_67;CONJONCTURE;terme_generique;331_55;THEORIE ECONOMIQUE;https://aciege.org/Dct/Fra/Fra_331_55.html
331;331_67;CONJONCTURE;terme_specifique;331_69;INDICATEUR ECONOMIQUE;https://aciege.org/Dct/Fra/Fra_331_69.html
331;331_67;CONJONCTURE;terme_specifique;331_79;PREVISION ECONOMIQUE;https://aciege.org/Dct/Fra/Fra_331_79.html
331;331_97;CRISE ECONOMIQUE;terme_generique;331_87;CYCLE ECONOMIQUE;https://aciege.org/Dct/Fra/Fra_331_87.html
331;331_97;CRISE ECONOMIQUE;employe_pour;Cr_2707;Crise financière;https://aciege.org/Dct/Fra/Cr_2707.html
331;331_97;CRISE ECONOMIQUE;employe_pour;Pe_3389;Pénurie;https://aciege.org/Dct/Fra/Pe_3389.html
331;331_98;CROISSANCE ECONOMIQUE;terme_generique;331_87;CYCLE ECONOMIQUE;https://aciege.org/Dct/Fra/Fra_331_87.html
331;331_98;CROISSANCE ECONOMIQUE;employe_pour;St_3514;Stagnation;https://aciege.org/Dct/Fra/St_3514.html
331;331_87;CYCLE ECONOMIQUE;terme_generique;331_55;THEORIE ECONOMIQUE;https://aciege.org/Dct/Fra/Fra_331_55.html
331;331_87;CYCLE ECONOMIQUE;terme_specifique;331_97;CRISE ECONOMIQUE;https://aciege.org/Dct/Fra/Fra_331_97.html
331;331_87;CYCLE ECONOMIQUE;terme_specifique;331_98;CROISSANCE ECONOMIQUE;https://aciege.org/Dct/Fra/Fra_331_98.html
331;331_87;CYCLE ECONOMIQUE;terme_specifique;331_88;DEVELOPPEMENT ECONOMIQUE;https://aciege.org/Dct/Fra/Fra_331_88.html
331;331_87;CYCLE ECONOMIQUE;terme_specifique;331_99;EXPANSION;https://aciege.org/Dct/Fra/Fra_331_99.html
331;331_87;CYCLE ECONOMIQUE;terme_specifique;331_96;RECESSION;https://aciege.org/Dct/Fra/Fra_331_96.html
331;331_64;DEMANDE;terme_generique;331_75;THEORIE DU MARCHE;https://aciege.org/Dct/Fra/Fra_331_75.html
331;331_88;DEVELOPPEMENT ECONOMIQUE;terme_generique;331_87;CYCLE ECONOMIQUE;https://aciege.org/Dct/Fra/Fra_331_87.html
331;331_23;ECONOMETRIE;terme_generique;331_35;ANALYSE ECONOMIQUE;https://aciege.org/Dct/Fra/Fra_331_35.html
331;331_23;ECONOMETRIE;terme_specifique;331_02;MODELE ECONOMIQUE;https://aciege.org/Dct/Fra/Fra_331_02.html
331;331_10;ECONOMIE COMPORTEMENTALE;terme_generique;331_11;MICROECONOMIE;https://aciege.org/Dct/Fra/Fra_331_11.html
331;331_10;ECONOMIE COMPORTEMENTALE;employe_pour;Ec_2813;Economie expérimentale;https://aciege.org/Dct/Fra/Ec_2813.html
331;331_99;EXPANSION;terme_generique;331_87;CYCLE ECONOMIQUE;https://aciege.org/Dct/Fra/Fra_331_87.html
331;331_50;HISTOIRE ECONOMIQUE;terme_generique;331_52;LIBERALISME ECONOMIQUE;https://aciege.org/Dct/Fra/Fra_331_52.html
331;331_69;INDICATEUR ECONOMIQUE;terme_generique;331_67;CONJONCTURE;https://aciege.org/Dct/Fra/Fra_331_67.html
331;331_93;INDICE DES PRIX;terme_generique;331_82;PRIX;https://aciege.org/Dct/Fra/Fra_331_82.html
331;331_44;INFLATION;terme_generique;331_55;THEORIE ECONOMIQUE;https://aciege.org/Dct/Fra/Fra_331_55.html
331;331_44;INFLATION;employe_pour;De_2772;Déflation;https://aciege.org/Dct/Fra/De_2772.html
331;331_44;INFLATION;employe_pour;St_3513;Stagflation;https://aciege.org/Dct/Fra/St_3513.html
331;331_52;LIBERALISME ECONOMIQUE;terme_generique;331_55;THEORIE ECONOMIQUE;https://aciege.org/Dct/Fra/Fra_331_55.html
331;331_52;LIBERALISME ECONOMIQUE;terme_specifique;331_50;HISTOIRE ECONOMIQUE;https://aciege.org/Dct/Fra/Fra_331_50.html
331;331_31;MACROECONOMIE;terme_generique;331_55;THEORIE ECONOMIQUE;https://aciege.org/Dct/Fra/Fra_331_55.html
331;331_62;MARXISME;terme_generique;331_55;THEORIE ECONOMIQUE;https://aciege.org/Dct/Fra/Fra_331_55.html
331;331_11;MICROECONOMIE;terme_generique;331_55;THEORIE ECONOMIQUE;https://aciege.org/Dct/Fra/Fra_331_55.html
331;331_11;MICROECONOMIE;terme_specifique;331_10;ECONOMIE COMPORTEMENTALE;https://aciege.org/Dct/Fra/Fra_331_10.html
331;331_11;MICROECONOMIE;employe_pour;Ec_2808;Economie d'entreprise;https://aciege.org/Dct/Fra/Ec_2808.html
331;331_02;MODELE ECONOMIQUE;terme_generique;331_23;ECONOMETRIE;https://aciege.org/Dct/Fra/Fra_331_23.html
331;331_84;MONOPOLE;terme_generique;331_75;THEORIE DU MARCHE;https://aciege.org/Dct/Fra/Fra_331_75.html
331;331_15;MULTIPLICATEUR;terme_generique;331_35;ANALYSE ECONOMIQUE;https://aciege.org/Dct/Fra/Fra_331_35.html
331;331_74;OFFRE;terme_generique;331_75;THEORIE DU MARCHE;https://aciege.org/Dct/Fra/Fra_331_75.html
331;331_94;OLIGOPOLE;terme_generique;331_75;THEORIE DU MARCHE;https://aciege.org/Dct/Fra/Fra_331_75.html
331;331_94;OLIGOPOLE;employe_pour;Ca_2576;Cartel;https://aciege.org/Dct/Fra/Ca_2576.html
331;331_79;PREVISION ECONOMIQUE;terme_generique;331_67;CONJONCTURE;https://aciege.org/Dct/Fra/Fra_331_67.html
331;331_82;PRIX;terme_generique;331_72;THEORIE DES PRIX;https://aciege.org/Dct/Fra/Fra_331_72.html
331;331_82;PRIX;terme_specifique;331_93;INDICE DES PRIX;https://aciege.org/Dct/Fra/Fra_331_93.html
331;331_17;PRODUCTION;terme_generique;331_35;ANALYSE ECONOMIQUE;https://aciege.org/Dct/Fra/Fra_331_35.html
331;331_06;PRODUCTIVITE;terme_generique;331_35;ANALYSE ECONOMIQUE;https://aciege.org/Dct/Fra/Fra_331_35.html
331;331_96;RECESSION;terme_generique;331_87;CYCLE ECONOMIQUE;https://aciege.org/Dct/Fra/Fra_331_87.html
331;331_47;THEORIE DE L'AGENCE;terme_generique;331_55;THEORIE ECONOMIQUE;https://aciege.org/Dct/Fra/Fra_331_55.html
331;331_19;THEORIE DE L'EMPLOI;terme_generique;331_55;THEORIE ECONOMIQUE;https://aciege.org/Dct/Fra/Fra_331_55.html
331;331_49;THEORIE DE L'INVESTISSEMENT;terme_generique;331_55;THEORIE ECONOMIQUE;https://aciege.org/Dct/Fra/Fra_331_55.html
331;331_58;THEORIE DE L'UTILITE;terme_generique;331_55;THEORIE ECONOMIQUE;https://aciege.org/Dct/Fra/Fra_331_55.html
331;331_37;THEORIE DE LA REGULATION;terme_generique;331_55;THEORIE ECONOMIQUE;https://aciege.org/Dct/Fra/Fra_331_55.html
331;331_27;THEORIE DE LA VALEUR;terme_generique;331_55;THEORIE ECONOMIQUE;https://aciege.org/Dct/Fra/Fra_331_55.html
331;331_36;THEORIE DES CONVENTIONS;terme_generique;331_55;THEORIE ECONOMIQUE;https://aciege.org/Dct/Fra/Fra_331_55.html
331;331_48;THEORIE DES COUTS DE TRANSACTION;terme_generique;331_55;THEORIE ECONOMIQUE;https://aciege.org/Dct/Fra/Fra_331_55.html
331;331_48;THEORIE DES COUTS DE TRANSACTION;employe_pour;Co_2705;Coût de transaction;https://aciege.org/Dct/Fra/Co_2705.html
331;331_72;THEORIE DES PRIX;terme_generique;331_55;THEORIE ECONOMIQUE;https://aciege.org/Dct/Fra/Fra_331_55.html
331;331_72;THEORIE DES PRIX;terme_specifique;331_82;PRIX;https://aciege.org/Dct/Fra/Fra_331_82.html
331;331_38;THEORIE DU CAPITAL;terme_generique;331_55;THEORIE ECONOMIQUE;https://aciege.org/Dct/Fra/Fra_331_55.html
331;331_75;THEORIE DU MARCHE;terme_generique;331_55;THEORIE ECONOMIQUE;https://aciege.org/Dct/Fra/Fra_331_55.html
331;331_75;THEORIE DU MARCHE;terme_specifique;331_95;CONCURRENCE;https://aciege.org/Dct/Fra/Fra_331_95.html
331;331_75;THEORIE DU MARCHE;terme_specifique;331_64;DEMANDE;https://aciege.org/Dct/Fra/Fra_331_64.html
331;331_75;THEORIE DU MARCHE;terme_specifique;331_84;MONOPOLE;https://aciege.org/Dct/Fra/Fra_331_84.html
331;331_75;THEORIE DU MARCHE;terme_specifique;331_74;OFFRE;https://aciege.org/Dct/Fra/Fra_331_74.html
331;331_75;THEORIE DU MARCHE;terme_specifique;331_94;OLIGOPOLE;https://aciege.org/Dct/Fra/Fra_331_94.html
331;331_55;THEORIE ECONOMIQUE;terme_specifique;331_35;ANALYSE ECONOMIQUE;https://aciege.org/Dct/Fra/Fra_331_35.html
331;331_55;THEORIE ECONOMIQUE;terme_specifique;331_67;CONJONCTURE;https://aciege.org/Dct/Fra/Fra_331_67.html
331;331_55;THEORIE ECONOMIQUE;terme_specifique;331_87;CYCLE ECONOMIQUE;https://aciege.org/Dct/Fra/Fra_331_87.html
331;331_55;THEORIE ECONOMIQUE;terme_specifique;331_44;INFLATION;https://aciege.org/Dct/Fra/Fra_331_44.html
331;331_55;THEORIE ECONOMIQUE;terme_specifique;331_52;LIBERALISME ECONOMIQUE;https://aciege.org/Dct/Fra/Fra_331_52.html
331;331_55;THEORIE ECONOMIQUE;terme_specifique;331_31;MACROECONOMIE;https://aciege.org/Dct/Fra/Fra_331_31.html
331;331_55;THEORIE ECONOMIQUE;terme_specifique;331_62;MARXISME;https://aciege.org/Dct/Fra/Fra_331_62.html
331;331_55;THEORIE ECONOMIQUE;terme_specifique;331_11;MICROECONOMIE;https://aciege.org/Dct/Fra/Fra_331_11.html
331;331_55;THEORIE ECONOMIQUE;terme_specifique;331_47;THEORIE DE L'AGENCE;https://aciege.org/Dct/Fra/Fra_331_47.html
331;331_55;THEORIE ECONOMIQUE;terme_specifique;331_37;THEORIE DE LA REGULATION;https://aciege.org/Dct/Fra/Fra_331_37.html
331;331_55;THEORIE ECONOMIQUE;terme_specifique;331_27;THEORIE DE LA VALEUR;https://aciege.org/Dct/Fra/Fra_331_27.html
331;331_55;THEORIE ECONOMIQUE;terme_specifique;331_19;THEORIE DE L'EMPLOI;https://aciege.org/Dct/Fra/Fra_331_19.html
331;331_55;THEORIE ECONOMIQUE;terme_specifique;331_49;THEORIE DE L'INVESTISSEMENT;https://aciege.org/Dct/Fra/Fra_331_49.html
331;331_55;THEORIE ECONOMIQUE;terme_specifique;331_58;THEORIE DE L'UTILITE;https://aciege.org/Dct/Fra/Fra_331_58.html
331;331_55;THEORIE ECONOMIQUE;terme_specifique;331_36;THEORIE DES CONVENTIONS;https://aciege.org/Dct/Fra/Fra_331_36.html
331;331_55;THEORIE ECONOMIQUE;terme_specifique;331_48;THEORIE DES COUTS DE TRANSACTION;https://aciege.org/Dct/Fra/Fra_331_48.html
331;331_55;THEORIE ECONOMIQUE;terme_specifique;331_72;THEORIE DES PRIX;https://aciege.org/Dct/Fra/Fra_331_72.html
331;331_55;THEORIE ECONOMIQUE;terme_specifique;331_38;THEORIE DU CAPITAL;https://aciege.org/Dct/Fra/Fra_331_38.html
331;331_55;THEORIE ECONOMIQUE;terme_specifique;331_75;THEORIE DU MARCHE;https://aciege.org/Dct/Fra/Fra_331_75.html
332;332_18;AGREGAT;terme_generique;332_28;COMPTABILITE NATIONALE;https://aciege.org/Dct/Fra/Fra_332_28.html
332;332_18;AGREGAT;terme_specifique;332_19;PRODUIT NATIONAL;https://aciege.org/Dct/Fra/Fra_332_19.html
332;332_18;AGREGAT;employe_pour;Ag_2417;Agrégat de la comptabilité;https://aciege.org/Dct/Fra/Ag_2417.html
332;332_97;AGRICULTURE;terme_generique;332_86;POLITIQUE AGRICOLE;https://aciege.org/Dct/Fra/Fra_332_86.html
332;332_97;AGRICULTURE;terme_specifique;332_88;AGRICULTURE BIOLOGIQUE;https://aciege.org/Dct/Fra/Fra_332_88.html
332;332_97;AGRICULTURE;terme_specifique;332_98;AGRICULTURE RAISONNEE;https://aciege.org/Dct/Fra/Fra_332_98.html
332;332_97;AGRICULTURE;employe_pour;Re_3426;Remembrement agricole;https://aciege.org/Dct/Fra/Re_3426.html
332;332_88;AGRICULTURE BIOLOGIQUE;terme_generique;332_97;AGRICULTURE;https://aciege.org/Dct/Fra/Fra_332_97.html
332;332_98;AGRICULTURE RAISONNEE;terme_generique;332_97;AGRICULTURE;https://aciege.org/Dct/Fra/Fra_332_97.html
332;332_79;AMENAGEMENT DU TERRITOIRE;terme_generique;332_77;PLANIFICATION;https://aciege.org/Dct/Fra/Fra_332_77.html
332;332_79;AMENAGEMENT DU TERRITOIRE;terme_specifique;332_89;AMENAGEMENT RURAL;https://aciege.org/Dct/Fra/Fra_332_89.html
332;332_79;AMENAGEMENT DU TERRITOIRE;terme_specifique;332_68;ZONE D'ACTIVITE;https://aciege.org/Dct/Fra/Fra_332_68.html
332;332_79;AMENAGEMENT DU TERRITOIRE;terme_specifique;332_69;ZONE URBAINE;https://aciege.org/Dct/Fra/Fra_332_69.html
332;332_79;AMENAGEMENT DU TERRITOIRE;employe_pour;Fr_2910;Fracture numérique;https://aciege.org/Dct/Fra/Fr_2910.html
332;332_89;AMENAGEMENT RURAL;terme_generique;332_79;AMENAGEMENT DU TERRITOIRE;https://aciege.org/Dct/Fra/Fra_332_79.html
332;332_89;AMENAGEMENT RURAL;terme_specifique;332_99;ZONE RURALE;https://aciege.org/Dct/Fra/Fra_332_99.html
332;332_34;BUDGET DE L'ETAT;terme_generique;332_44;FINANCES PUBLIQUES;https://aciege.org/Dct/Fra/Fra_332_44.html
332;332_34;BUDGET DE L'ETAT;terme_specifique;332_13;RECETTES PUBLIQUES;https://aciege.org/Dct/Fra/Fra_332_13.html
332;332_32;CAPITALISME;terme_generique;332_42;REGIME ECONOMIQUE;https://aciege.org/Dct/Fra/Fra_332_42.html
332;332_32;CAPITALISME;terme_specifique;332_22;ECONOMIE DE MARCHE;https://aciege.org/Dct/Fra/Fra_332_22.html
332;332_32;CAPITALISME;employe_pour;Ec_2807;Economie concertée;https://aciege.org/Dct/Fra/Ec_2807.html
332;332_28;COMPTABILITE NATIONALE;terme_generique;332_55;ECONOMIE POLITIQUE;https://aciege.org/Dct/Fra/Fra_332_55.html
332;332_28;COMPTABILITE NATIONALE;terme_specifique;332_18;AGREGAT;https://aciege.org/Dct/Fra/Fra_332_18.html
332;332_28;COMPTABILITE NATIONALE;employe_pour;Co_2666;Comptes nationaux;https://aciege.org/Dct/Fra/Co_2666.html
332;332_80;CONCENTRATION;terme_generique;332_81;INDUSTRIE;https://aciege.org/Dct/Fra/Fra_332_81.html
332;332_26;CONSOMMATION;terme_generique;332_35;DEPENSE;https://aciege.org/Dct/Fra/Fra_332_35.html
332;332_35;DEPENSE;terme_generique;332_55;ECONOMIE POLITIQUE;https://aciege.org/Dct/Fra/Fra_332_55.html
332;332_35;DEPENSE;terme_specifique;332_26;CONSOMMATION;https://aciege.org/Dct/Fra/Fra_332_26.html
332;332_35;DEPENSE;terme_specifique;332_25;DEPENSE D'INVESTISSEMENT;https://aciege.org/Dct/Fra/Fra_332_25.html
332;332_35;DEPENSE;terme_specifique;332_24;DEPENSE PUBLIQUE;https://aciege.org/Dct/Fra/Fra_332_24.html
332;332_25;DEPENSE D'INVESTISSEMENT;terme_generique;332_35;DEPENSE;https://aciege.org/Dct/Fra/Fra_332_35.html
332;332_25;DEPENSE D'INVESTISSEMENT;terme_specifique;332_06;INVESTISSEMENT INDUSTRIEL;https://aciege.org/Dct/Fra/Fra_332_06.html
332;332_25;DEPENSE D'INVESTISSEMENT;terme_specifique;332_04;INVESTISSEMENT PUBLIC;https://aciege.org/Dct/Fra/Fra_332_04.html
332;332_24;DEPENSE PUBLIQUE;terme_generique;332_35;DEPENSE;https://aciege.org/Dct/Fra/Fra_332_35.html
332;332_24;DEPENSE PUBLIQUE;terme_specifique;332_14;SUBVENTION;https://aciege.org/Dct/Fra/Fra_332_14.html
332;332_24;DEPENSE PUBLIQUE;employe_pour;De_2780;Dépense de l'Etat;https://aciege.org/Dct/Fra/De_2780.html
332;332_82;ECONOMIE CIRCULAIRE;terme_generique;332_73;ECONOMIE INDUSTRIELLE;https://aciege.org/Dct/Fra/Fra_332_73.html
332;332_40;ECONOMIE CREATIVE;terme_generique;332_55;ECONOMIE POLITIQUE;https://aciege.org/Dct/Fra/Fra_332_55.html
332;332_22;ECONOMIE DE MARCHE;terme_generique;332_32;CAPITALISME;https://aciege.org/Dct/Fra/Fra_332_32.html
332;332_53;ECONOMIE DES SERVICES;terme_generique;332_55;ECONOMIE POLITIQUE;https://aciege.org/Dct/Fra/Fra_332_55.html
332;332_51;ECONOMIE DU SAVOIR;terme_generique;332_55;ECONOMIE POLITIQUE;https://aciege.org/Dct/Fra/Fra_332_55.html
332;332_47;ECONOMIE DU TRAVAIL;terme_generique;332_55;ECONOMIE POLITIQUE;https://aciege.org/Dct/Fra/Fra_332_55.html
332;332_73;ECONOMIE INDUSTRIELLE;terme_generique;332_55;ECONOMIE POLITIQUE;https://aciege.org/Dct/Fra/Fra_332_55.html
332;332_73;ECONOMIE INDUSTRIELLE;terme_specifique;332_82;ECONOMIE CIRCULAIRE;https://aciege.org/Dct/Fra/Fra_332_82.html
332;332_73;ECONOMIE INDUSTRIELLE;terme_specifique;332_81;INDUSTRIE;https://aciege.org/Dct/Fra/Fra_332_81.html
332;332_73;ECONOMIE INDUSTRIELLE;terme_specifique;332_83;PRODUCTION INDUSTRIELLE;https://aciege.org/Dct/Fra/Fra_332_83.html
332;332_73;ECONOMIE INDUSTRIELLE;terme_specifique;332_94;STRUCTURE INDUSTRIELLE;https://aciege.org/Dct/Fra/Fra_332_94.html
332;332_30;ECONOMIE MIXTE;terme_generique;332_42;REGIME ECONOMIQUE;https://aciege.org/Dct/Fra/Fra_332_42.html
332;332_56;ECONOMIE NATIONALE;terme_generique;332_55;ECONOMIE POLITIQUE;https://aciege.org/Dct/Fra/Fra_332_55.html
332;332_21;ECONOMIE PLANIFIEE;terme_generique;332_42;REGIME ECONOMIQUE;https://aciege.org/Dct/Fra/Fra_332_42.html
332;332_55;ECONOMIE POLITIQUE;terme_specifique;332_28;COMPTABILITE NATIONALE;https://aciege.org/Dct/Fra/Fra_332_28.html
332;332_55;ECONOMIE POLITIQUE;terme_specifique;332_35;DEPENSE;https://aciege.org/Dct/Fra/Fra_332_35.html
332;332_55;ECONOMIE POLITIQUE;terme_specifique;332_40;ECONOMIE CREATIVE;https://aciege.org/Dct/Fra/Fra_332_40.html
332;332_55;ECONOMIE POLITIQUE;terme_specifique;332_53;ECONOMIE DES SERVICES;https://aciege.org/Dct/Fra/Fra_332_53.html
332;332_55;ECONOMIE POLITIQUE;terme_specifique;332_51;ECONOMIE DU SAVOIR;https://aciege.org/Dct/Fra/Fra_332_51.html
332;332_55;ECONOMIE POLITIQUE;terme_specifique;332_47;ECONOMIE DU TRAVAIL;https://aciege.org/Dct/Fra/Fra_332_47.html
332;332_55;ECONOMIE POLITIQUE;terme_specifique;332_73;ECONOMIE INDUSTRIELLE;https://aciege.org/Dct/Fra/Fra_332_73.html
332;332_55;ECONOMIE POLITIQUE;terme_specifique;332_56;ECONOMIE NATIONALE;https://aciege.org/Dct/Fra/Fra_332_56.html
332;332_55;ECONOMIE POLITIQUE;terme_specifique;332_63;ECONOMIE PUBLIQUE;https://aciege.org/Dct/Fra/Fra_332_63.html
332;332_55;ECONOMIE POLITIQUE;terme_specifique;332_52;ECONOMIE SOCIALE ET SOLIDAIRE;https://aciege.org/Dct/Fra/Fra_332_52.html
332;332_55;ECONOMIE POLITIQUE;terme_specifique;332_11;ENVIRONNEMENT ECONOMIQUE;https://aciege.org/Dct/Fra/Fra_332_11.html
332;332_55;ECONOMIE POLITIQUE;terme_specifique;332_44;FINANCES PUBLIQUES;https://aciege.org/Dct/Fra/Fra_332_44.html
332;332_55;ECONOMIE POLITIQUE;terme_specifique;332_77;PLANIFICATION;https://aciege.org/Dct/Fra/Fra_332_77.html
332;332_55;ECONOMIE POLITIQUE;terme_specifique;332_65;POLITIQUE ECONOMIQUE;https://aciege.org/Dct/Fra/Fra_332_65.html
332;332_55;ECONOMIE POLITIQUE;terme_specifique;332_42;REGIME ECONOMIQUE;https://aciege.org/Dct/Fra/Fra_332_42.html
332;332_55;ECONOMIE POLITIQUE;terme_specifique;332_36;REVENU;https://aciege.org/Dct/Fra/Fra_332_36.html
332;332_55;ECONOMIE POLITIQUE;terme_specifique;332_38;STATISTIQUES ECONOMIQUES;https://aciege.org/Dct/Fra/Fra_332_38.html
332;332_55;ECONOMIE POLITIQUE;employe_pour;Sc_3490;Science économique;https://aciege.org/Dct/Fra/Sc_3490.html
332;332_63;ECONOMIE PUBLIQUE;terme_generique;332_55;ECONOMIE POLITIQUE;https://aciege.org/Dct/Fra/Fra_332_55.html
332;332_63;ECONOMIE PUBLIQUE;terme_specifique;332_61;EQUIPEMENT COLLECTIF;https://aciege.org/Dct/Fra/Fra_332_61.html
332;332_63;ECONOMIE PUBLIQUE;terme_specifique;332_72;SERVICE PUBLIC;https://aciege.org/Dct/Fra/Fra_332_72.html
332;332_52;ECONOMIE SOCIALE ET SOLIDAIRE;terme_generique;332_55;ECONOMIE POLITIQUE;https://aciege.org/Dct/Fra/Fra_332_55.html
332;332_52;ECONOMIE SOCIALE ET SOLIDAIRE;employe_pour;Co_2683;Consommation collaborative;https://aciege.org/Dct/Fra/Co_2683.html
332;332_52;ECONOMIE SOCIALE ET SOLIDAIRE;employe_pour;Ec_2806;Economie collaborative;https://aciege.org/Dct/Fra/Ec_2806.html
332;332_52;ECONOMIE SOCIALE ET SOLIDAIRE;employe_pour;Ec_2812;Economie du partage;https://aciege.org/Dct/Fra/Ec_2812.html
332;332_52;ECONOMIE SOCIALE ET SOLIDAIRE;employe_pour;Tr_3578;Transferts sociaux;https://aciege.org/Dct/Fra/Tr_3578.html
332;332_11;ENVIRONNEMENT ECONOMIQUE;terme_generique;332_55;ECONOMIE POLITIQUE;https://aciege.org/Dct/Fra/Fra_332_55.html
332;332_61;EQUIPEMENT COLLECTIF;terme_generique;332_63;ECONOMIE PUBLIQUE;https://aciege.org/Dct/Fra/Fra_332_63.html
332;332_44;FINANCES PUBLIQUES;terme_generique;332_55;ECONOMIE POLITIQUE;https://aciege.org/Dct/Fra/Fra_332_55.html
332;332_44;FINANCES PUBLIQUES;terme_specifique;332_34;BUDGET DE L'ETAT;https://aciege.org/Dct/Fra/Fra_332_34.html
332;332_44;FINANCES PUBLIQUES;employe_pour;Po_3327;Politique financière;https://aciege.org/Dct/Fra/Po_3327.html
332;332_81;INDUSTRIE;terme_generique;332_73;ECONOMIE INDUSTRIELLE;https://aciege.org/Dct/Fra/Fra_332_73.html
332;332_81;INDUSTRIE;terme_specifique;332_80;CONCENTRATION;https://aciege.org/Dct/Fra/Fra_332_80.html
332;332_81;INDUSTRIE;terme_specifique;332_91;RECONVERSION INDUSTRIELLE;https://aciege.org/Dct/Fra/Fra_332_91.html
332;332_06;INVESTISSEMENT INDUSTRIEL;terme_generique;332_25;DEPENSE D'INVESTISSEMENT;https://aciege.org/Dct/Fra/Fra_332_25.html
332;332_04;INVESTISSEMENT PUBLIC;terme_generique;332_25;DEPENSE D'INVESTISSEMENT;https://aciege.org/Dct/Fra/Fra_332_25.html
332;332_77;PLANIFICATION;terme_generique;332_55;ECONOMIE POLITIQUE;https://aciege.org/Dct/Fra/Fra_332_55.html
332;332_77;PLANIFICATION;terme_specifique;332_79;AMENAGEMENT DU TERRITOIRE;https://aciege.org/Dct/Fra/Fra_332_79.html
332;332_77;PLANIFICATION;employe_pour;Pl_3319;Planification sectorielle;https://aciege.org/Dct/Fra/Pl_3319.html
332;332_59;PLANIFICATION REGIONALE;terme_generique;332_58;REGION;https://aciege.org/Dct/Fra/Fra_332_58.html
332;332_86;POLITIQUE AGRICOLE;terme_generique;332_65;POLITIQUE ECONOMIQUE;https://aciege.org/Dct/Fra/Fra_332_65.html
332;332_86;POLITIQUE AGRICOLE;terme_specifique;332_97;AGRICULTURE;https://aciege.org/Dct/Fra/Fra_332_97.html
332;332_86;POLITIQUE AGRICOLE;terme_specifique;332_96;PRODUCTION AGRICOLE;https://aciege.org/Dct/Fra/Fra_332_96.html
332;332_75;POLITIQUE DES REVENUS;terme_generique;332_65;POLITIQUE ECONOMIQUE;https://aciege.org/Dct/Fra/Fra_332_65.html
332;332_65;POLITIQUE ECONOMIQUE;terme_generique;332_55;ECONOMIE POLITIQUE;https://aciege.org/Dct/Fra/Fra_332_55.html
332;332_65;POLITIQUE ECONOMIQUE;terme_specifique;332_86;POLITIQUE AGRICOLE;https://aciege.org/Dct/Fra/Fra_332_86.html
332;332_65;POLITIQUE ECONOMIQUE;terme_specifique;332_75;POLITIQUE DES REVENUS;https://aciege.org/Dct/Fra/Fra_332_75.html
332;332_65;POLITIQUE ECONOMIQUE;terme_specifique;332_74;POLITIQUE INDUSTRIELLE;https://aciege.org/Dct/Fra/Fra_332_74.html
332;332_65;POLITIQUE ECONOMIQUE;terme_specifique;332_67;POLITIQUE REGIONALE;https://aciege.org/Dct/Fra/Fra_332_67.html
332;332_74;POLITIQUE INDUSTRIELLE;terme_generique;332_65;POLITIQUE ECONOMIQUE;https://aciege.org/Dct/Fra/Fra_332_65.html
332;332_74;POLITIQUE INDUSTRIELLE;employe_pour;In_3061;Industrialisation;https://aciege.org/Dct/Fra/In_3061.html
332;332_67;POLITIQUE REGIONALE;terme_generique;332_65;POLITIQUE ECONOMIQUE;https://aciege.org/Dct/Fra/Fra_332_65.html
332;332_67;POLITIQUE REGIONALE;terme_specifique;332_58;REGION;https://aciege.org/Dct/Fra/Fra_332_58.html
332;332_96;PRODUCTION AGRICOLE;terme_generique;332_86;POLITIQUE AGRICOLE;https://aciege.org/Dct/Fra/Fra_332_86.html
332;332_96;PRODUCTION AGRICOLE;employe_pour;El_2820;Elevage;https://aciege.org/Dct/Fra/El_2820.html
332;332_83;PRODUCTION INDUSTRIELLE;terme_generique;332_73;ECONOMIE INDUSTRIELLE;https://aciege.org/Dct/Fra/Fra_332_73.html
332;332_19;PRODUIT NATIONAL;terme_generique;332_18;AGREGAT;https://aciege.org/Dct/Fra/Fra_332_18.html
332;332_19;PRODUIT NATIONAL;employe_pour;PI_3283;PIB;https://aciege.org/Dct/Fra/PI_3283.html
332;332_19;PRODUIT NATIONAL;employe_pour;PN_3286;PNB;https://aciege.org/Dct/Fra/PN_3286.html
332;332_19;PRODUIT NATIONAL;employe_pour;Ri_3442;Richesse;https://aciege.org/Dct/Fra/Ri_3442.html
332;332_13;RECETTES PUBLIQUES;terme_generique;332_34;BUDGET DE L'ETAT;https://aciege.org/Dct/Fra/Fra_332_34.html
332;332_91;RECONVERSION INDUSTRIELLE;terme_generique;332_81;INDUSTRIE;https://aciege.org/Dct/Fra/Fra_332_81.html
332;332_42;REGIME ECONOMIQUE;terme_generique;332_55;ECONOMIE POLITIQUE;https://aciege.org/Dct/Fra/Fra_332_55.html
332;332_42;REGIME ECONOMIQUE;terme_specifique;332_32;CAPITALISME;https://aciege.org/Dct/Fra/Fra_332_32.html
332;332_42;REGIME ECONOMIQUE;terme_specifique;332_30;ECONOMIE MIXTE;https://aciege.org/Dct/Fra/Fra_332_30.html
332;332_42;REGIME ECONOMIQUE;terme_specifique;332_21;ECONOMIE PLANIFIEE;https://aciege.org/Dct/Fra/Fra_332_21.html
332;332_42;REGIME ECONOMIQUE;terme_specifique;332_31;SOCIALISME;https://aciege.org/Dct/Fra/Fra_332_31.html
332;332_42;REGIME ECONOMIQUE;employe_pour;Re_3456;Régime de propriété;https://aciege.org/Dct/Fra/Re_3456.html
332;332_58;REGION;terme_generique;332_67;POLITIQUE REGIONALE;https://aciege.org/Dct/Fra/Fra_332_67.html
332;332_58;REGION;terme_specifique;332_59;PLANIFICATION REGIONALE;https://aciege.org/Dct/Fra/Fra_332_59.html
332;332_58;REGION;employe_pour;De_2789;Développement local;https://aciege.org/Dct/Fra/De_2789.html
332;332_58;REGION;employe_pour;De_2790;Développement régional;https://aciege.org/Dct/Fra/De_2790.html
332;332_58;REGION;employe_pour;Ec_2814;Economie régionale;https://aciege.org/Dct/Fra/Ec_2814.html
332;332_36;REVENU;terme_generique;332_55;ECONOMIE POLITIQUE;https://aciege.org/Dct/Fra/Fra_332_55.html
332;332_36;REVENU;terme_specifique;332_17;REVENU NATIONAL;https://aciege.org/Dct/Fra/Fra_332_17.html
332;332_17;REVENU NATIONAL;terme_generique;332_36;REVENU;https://aciege.org/Dct/Fra/Fra_332_36.html
332;332_72;SERVICE PUBLIC;terme_generique;332_63;ECONOMIE PUBLIQUE;https://aciege.org/Dct/Fra/Fra_332_63.html
332;332_72;SERVICE PUBLIC;terme_specifique;332_71;TARIF PUBLIC;https://aciege.org/Dct/Fra/Fra_332_71.html
332;332_31;SOCIALISME;terme_generique;332_42;REGIME ECONOMIQUE;https://aciege.org/Dct/Fra/Fra_332_42.html
332;332_38;STATISTIQUES ECONOMIQUES;terme_generique;332_55;ECONOMIE POLITIQUE;https://aciege.org/Dct/Fra/Fra_332_55.html
332;332_94;STRUCTURE INDUSTRIELLE;terme_generique;332_73;ECONOMIE INDUSTRIELLE;https://aciege.org/Dct/Fra/Fra_332_73.html
332;332_14;SUBVENTION;terme_generique;332_24;DEPENSE PUBLIQUE;https://aciege.org/Dct/Fra/Fra_332_24.html
332;332_71;TARIF PUBLIC;terme_generique;332_72;SERVICE PUBLIC;https://aciege.org/Dct/Fra/Fra_332_72.html
332;332_68;ZONE D'ACTIVITE;terme_generique;332_79;AMENAGEMENT DU TERRITOIRE;https://aciege.org/Dct/Fra/Fra_332_79.html
332;332_68;ZONE D'ACTIVITE;employe_pour;Te_3550;Technopôle;https://aciege.org/Dct/Fra/Te_3550.html
332;332_68;ZONE D'ACTIVITE;employe_pour;Zo_3656;Zone artisanale;https://aciege.org/Dct/Fra/Zo_3656.html
332;332_68;ZONE D'ACTIVITE;employe_pour;Zo_3663;Zone industrielle;https://aciege.org/Dct/Fra/Zo_3663.html
332;332_99;ZONE RURALE;terme_generique;332_89;AMENAGEMENT RURAL;https://aciege.org/Dct/Fra/Fra_332_89.html
332;332_99;ZONE RURALE;employe_pour;Ca_2564;Campagne;https://aciege.org/Dct/Fra/Ca_2564.html
332;332_69;ZONE URBAINE;terme_generique;332_79;AMENAGEMENT DU TERRITOIRE;https://aciege.org/Dct/Fra/Fra_332_79.html
332;332_69;ZONE URBAINE;employe_pour;Vi_3645;Ville;https://aciege.org/Dct/Fra/Vi_3645.html
333;333_60;AVANTAGE COMPARATIF;terme_generique;333_42;COMMERCE EXTERIEUR;https://aciege.org/Dct/Fra/Fra_333_42.html
333;333_60;AVANTAGE COMPARATIF;employe_pour;Co_2704;Coût comparatif;https://aciege.org/Dct/Fra/Co_2704.html
333;333_61;BALANCE COMMERCIALE;terme_generique;333_42;COMMERCE EXTERIEUR;https://aciege.org/Dct/Fra/Fra_333_42.html
333;333_72;BALANCE DES PAIEMENTS;terme_generique;333_42;COMMERCE EXTERIEUR;https://aciege.org/Dct/Fra/Fra_333_42.html
333;333_72;BALANCE DES PAIEMENTS;terme_specifique;333_71;DETTE EXTERIEURE;https://aciege.org/Dct/Fra/Fra_333_71.html
333;333_72;BALANCE DES PAIEMENTS;employe_pour;Ba_2505;Balance des comptes;https://aciege.org/Dct/Fra/Ba_2505.html
333;333_21;COMMERCE EQUITABLE;terme_generique;333_42;COMMERCE EXTERIEUR;https://aciege.org/Dct/Fra/Fra_333_42.html
333;333_30;COMMERCE EST OUEST;terme_generique;333_42;COMMERCE EXTERIEUR;https://aciege.org/Dct/Fra/Fra_333_42.html
333;333_42;COMMERCE EXTERIEUR;terme_generique;333_45;RELATIONS ECONOMIQUES INTERNATIONALES;https://aciege.org/Dct/Fra/Fra_333_45.html
333;333_42;COMMERCE EXTERIEUR;terme_specifique;333_60;AVANTAGE COMPARATIF;https://aciege.org/Dct/Fra/Fra_333_60.html
333;333_42;COMMERCE EXTERIEUR;terme_specifique;333_61;BALANCE COMMERCIALE;https://aciege.org/Dct/Fra/Fra_333_61.html
333;333_42;COMMERCE EXTERIEUR;terme_specifique;333_72;BALANCE DES PAIEMENTS;https://aciege.org/Dct/Fra/Fra_333_72.html
333;333_42;COMMERCE EXTERIEUR;terme_specifique;333_21;COMMERCE EQUITABLE;https://aciege.org/Dct/Fra/Fra_333_21.html
333;333_42;COMMERCE EXTERIEUR;terme_specifique;333_30;COMMERCE EST OUEST;https://aciege.org/Dct/Fra/Fra_333_30.html
333;333_42;COMMERCE EXTERIEUR;terme_specifique;333_31;COMMERCE NORD SUD;https://aciege.org/Dct/Fra/Fra_333_31.html
333;333_42;COMMERCE EXTERIEUR;terme_specifique;333_22;DOUANE;https://aciege.org/Dct/Fra/Fra_333_22.html
333;333_42;COMMERCE EXTERIEUR;terme_specifique;333_50;TERME DES ECHANGES;https://aciege.org/Dct/Fra/Fra_333_50.html
333;333_42;COMMERCE EXTERIEUR;employe_pour;En_2823;Encouragement au commerce extérieur;https://aciege.org/Dct/Fra/En_2823.html
333;333_42;COMMERCE EXTERIEUR;employe_pour;Tr_3579;Transit;https://aciege.org/Dct/Fra/Tr_3579.html
333;333_31;COMMERCE NORD SUD;terme_generique;333_42;COMMERCE EXTERIEUR;https://aciege.org/Dct/Fra/Fra_333_42.html
333;333_57;CONJONCTURE INTERNATIONALE;terme_generique;333_55;ECONOMIE INTERNATIONALE;https://aciege.org/Dct/Fra/Fra_333_55.html
333;333_84;COOPERATION INTERNATIONALE;terme_generique;333_55;ECONOMIE INTERNATIONALE;https://aciege.org/Dct/Fra/Fra_333_55.html
333;333_84;COOPERATION INTERNATIONALE;employe_pour;Co_2694;Coopération professionnelle internationale;https://aciege.org/Dct/Fra/Co_2694.html
333;333_84;COOPERATION INTERNATIONALE;employe_pour;Fr_2916;Francophonie;https://aciege.org/Dct/Fra/Fr_2916.html
333;333_71;DETTE EXTERIEURE;terme_generique;333_72;BALANCE DES PAIEMENTS;https://aciege.org/Dct/Fra/Fra_333_72.html
333;333_15;DIVISION INTERNATIONALE DU TRAVAIL;terme_generique;333_45;RELATIONS ECONOMIQUES INTERNATIONALES;https://aciege.org/Dct/Fra/Fra_333_45.html
333;333_22;DOUANE;terme_generique;333_42;COMMERCE EXTERIEUR;https://aciege.org/Dct/Fra/Fra_333_42.html
333;333_22;DOUANE;employe_pour;Ta_3542;Tarif douanier;https://aciege.org/Dct/Fra/Ta_3542.html
333;333_22;DOUANE;employe_pour;Zo_3662;Zone franche;https://aciege.org/Dct/Fra/Zo_3662.html
333;333_34;ECHANGES INTERNATIONAUX;terme_generique;333_45;RELATIONS ECONOMIQUES INTERNATIONALES;https://aciege.org/Dct/Fra/Fra_333_45.html
333;333_34;ECHANGES INTERNATIONAUX;terme_specifique;333_33;RISQUE PAYS;https://aciege.org/Dct/Fra/Fra_333_33.html
333;333_23;ECONOMIE CRIMINELLE;terme_generique;333_55;ECONOMIE INTERNATIONALE;https://aciege.org/Dct/Fra/Fra_333_55.html
333;333_48;ECONOMIE DE PENURIE;terme_generique;333_55;ECONOMIE INTERNATIONALE;https://aciege.org/Dct/Fra/Fra_333_55.html
333;333_55;ECONOMIE INTERNATIONALE;terme_specifique;333_57;CONJONCTURE INTERNATIONALE;https://aciege.org/Dct/Fra/Fra_333_57.html
333;333_55;ECONOMIE INTERNATIONALE;terme_specifique;333_84;COOPERATION INTERNATIONALE;https://aciege.org/Dct/Fra/Fra_333_84.html
333;333_55;ECONOMIE INTERNATIONALE;terme_specifique;333_23;ECONOMIE CRIMINELLE;https://aciege.org/Dct/Fra/Fra_333_23.html
333;333_55;ECONOMIE INTERNATIONALE;terme_specifique;333_48;ECONOMIE DE PENURIE;https://aciege.org/Dct/Fra/Fra_333_48.html
333;333_55;ECONOMIE INTERNATIONALE;terme_specifique;333_69;EXPLOITATION DES OCEANS;https://aciege.org/Dct/Fra/Fra_333_69.html
333;333_55;ECONOMIE INTERNATIONALE;terme_specifique;333_63;FINANCE INTERNATIONALE;https://aciege.org/Dct/Fra/Fra_333_63.html
333;333_55;ECONOMIE INTERNATIONALE;terme_specifique;333_75;INVESTISSEMENT DIRECT A L'ETRANGER;https://aciege.org/Dct/Fra/Fra_333_75.html
333;333_55;ECONOMIE INTERNATIONALE;terme_specifique;333_54;MONDIALISATION;https://aciege.org/Dct/Fra/Fra_333_54.html
333;333_55;ECONOMIE INTERNATIONALE;terme_specifique;333_86;PAYS EN DEVELOPPEMENT;https://aciege.org/Dct/Fra/Fra_333_86.html
333;333_55;ECONOMIE INTERNATIONALE;terme_specifique;333_88;PAYS INDUSTRIALISE;https://aciege.org/Dct/Fra/Fra_333_88.html
333;333_55;ECONOMIE INTERNATIONALE;terme_specifique;333_45;RELATIONS ECONOMIQUES INTERNATIONALES;https://aciege.org/Dct/Fra/Fra_333_45.html
333;333_69;EXPLOITATION DES OCEANS;terme_generique;333_55;ECONOMIE INTERNATIONALE;https://aciege.org/Dct/Fra/Fra_333_55.html
333;333_63;FINANCE INTERNATIONALE;terme_generique;333_55;ECONOMIE INTERNATIONALE;https://aciege.org/Dct/Fra/Fra_333_55.html
333;333_63;FINANCE INTERNATIONALE;terme_specifique;333_73;MOUVEMENT DES CAPITAUX;https://aciege.org/Dct/Fra/Fra_333_73.html
333;333_63;FINANCE INTERNATIONALE;employe_pour;Fi_2888;Finances extérieures;https://aciege.org/Dct/Fra/Fi_2888.html
333;333_75;INVESTISSEMENT DIRECT A L'ETRANGER;terme_generique;333_55;ECONOMIE INTERNATIONALE;https://aciege.org/Dct/Fra/Fra_333_55.html
333;333_75;INVESTISSEMENT DIRECT A L'ETRANGER;employe_pour;ID_2972;IDE;https://aciege.org/Dct/Fra/ID_2972.html
333;333_75;INVESTISSEMENT DIRECT A L'ETRANGER;employe_pour;In_3091;Investissement à l'étranger;https://aciege.org/Dct/Fra/In_3091.html
333;333_75;INVESTISSEMENT DIRECT A L'ETRANGER;employe_pour;In_3092;Investissement étranger;https://aciege.org/Dct/Fra/In_3092.html
333;333_16;LIBRE ECHANGE;terme_generique;333_45;RELATIONS ECONOMIQUES INTERNATIONALES;https://aciege.org/Dct/Fra/Fra_333_45.html
333;333_16;LIBRE ECHANGE;employe_pour;Li_3114;Libéralisation des échanges;https://aciege.org/Dct/Fra/Li_3114.html
333;333_17;MARCHE UNIQUE EUROPEEN;terme_generique;333_27;UNION ECONOMIQUE;https://aciege.org/Dct/Fra/Fra_333_27.html
333;333_54;MONDIALISATION;terme_generique;333_55;ECONOMIE INTERNATIONALE;https://aciege.org/Dct/Fra/Fra_333_55.html
333;333_54;MONDIALISATION;employe_pour;Al_2429;Altermondialisation;https://aciege.org/Dct/Fra/Al_2429.html
333;333_73;MOUVEMENT DES CAPITAUX;terme_generique;333_63;FINANCE INTERNATIONALE;https://aciege.org/Dct/Fra/Fra_333_63.html
333;333_86;PAYS EN DEVELOPPEMENT;terme_generique;333_55;ECONOMIE INTERNATIONALE;https://aciege.org/Dct/Fra/Fra_333_55.html
333;333_86;PAYS EN DEVELOPPEMENT;employe_pour;Ma_3163;Marché émergent;https://aciege.org/Dct/Fra/Ma_3163.html
333;333_86;PAYS EN DEVELOPPEMENT;employe_pour;NP_3220;NPI;https://aciege.org/Dct/Fra/NP_3220.html
333;333_86;PAYS EN DEVELOPPEMENT;employe_pour;No_3235;Nouveau pays industrialisé;https://aciege.org/Dct/Fra/No_3235.html
333;333_86;PAYS EN DEVELOPPEMENT;employe_pour;PM_3284;PMA;https://aciege.org/Dct/Fra/PM_3284.html
333;333_86;PAYS EN DEVELOPPEMENT;employe_pour;PV_3288;PVD;https://aciege.org/Dct/Fra/PV_3288.html
333;333_86;PAYS EN DEVELOPPEMENT;employe_pour;Pa_3303;Pays en transition;https://aciege.org/Dct/Fra/Pa_3303.html
333;333_86;PAYS EN DEVELOPPEMENT;employe_pour;Pa_3304;Pays en voie de développement;https://aciege.org/Dct/Fra/Pa_3304.html
333;333_86;PAYS EN DEVELOPPEMENT;employe_pour;Pa_3305;Pays les moins avancés;https://aciege.org/Dct/Fra/Pa_3305.html
333;333_86;PAYS EN DEVELOPPEMENT;employe_pour;Pa_3306;Pays non alignés;https://aciege.org/Dct/Fra/Pa_3306.html
333;333_86;PAYS EN DEVELOPPEMENT;employe_pour;Pa_3307;Pays émergent;https://aciege.org/Dct/Fra/Pa_3307.html
333;333_88;PAYS INDUSTRIALISE;terme_generique;333_55;ECONOMIE INTERNATIONALE;https://aciege.org/Dct/Fra/Fra_333_55.html
333;333_88;PAYS INDUSTRIALISE;employe_pour;Pa_3302;Pays développé;https://aciege.org/Dct/Fra/Pa_3302.html
333;333_14;PROTECTIONNISME;terme_generique;333_45;RELATIONS ECONOMIQUES INTERNATIONALES;https://aciege.org/Dct/Fra/Fra_333_45.html
333;333_14;PROTECTIONNISME;employe_pour;En_2834;Entrave au commerce extérieur;https://aciege.org/Dct/Fra/En_2834.html
333;333_14;PROTECTIONNISME;employe_pour;Re_3434;Restriction quantitative;https://aciege.org/Dct/Fra/Re_3434.html
333;333_45;RELATIONS ECONOMIQUES INTERNATIONALES;terme_generique;333_55;ECONOMIE INTERNATIONALE;https://aciege.org/Dct/Fra/Fra_333_55.html
333;333_45;RELATIONS ECONOMIQUES INTERNATIONALES;terme_specifique;333_42;COMMERCE EXTERIEUR;https://aciege.org/Dct/Fra/Fra_333_42.html
333;333_45;RELATIONS ECONOMIQUES INTERNATIONALES;terme_specifique;333_15;DIVISION INTERNATIONALE DU TRAVAIL;https://aciege.org/Dct/Fra/Fra_333_15.html
333;333_45;RELATIONS ECONOMIQUES INTERNATIONALES;terme_specifique;333_34;ECHANGES INTERNATIONAUX;https://aciege.org/Dct/Fra/Fra_333_34.html
333;333_45;RELATIONS ECONOMIQUES INTERNATIONALES;terme_specifique;333_16;LIBRE ECHANGE;https://aciege.org/Dct/Fra/Fra_333_16.html
333;333_45;RELATIONS ECONOMIQUES INTERNATIONALES;terme_specifique;333_14;PROTECTIONNISME;https://aciege.org/Dct/Fra/Fra_333_14.html
333;333_45;RELATIONS ECONOMIQUES INTERNATIONALES;terme_specifique;333_27;UNION ECONOMIQUE;https://aciege.org/Dct/Fra/Fra_333_27.html
333;333_33;RISQUE PAYS;terme_generique;333_34;ECHANGES INTERNATIONAUX;https://aciege.org/Dct/Fra/Fra_333_34.html
333;333_50;TERME DES ECHANGES;terme_generique;333_42;COMMERCE EXTERIEUR;https://aciege.org/Dct/Fra/Fra_333_42.html
333;333_27;UNION ECONOMIQUE;terme_generique;333_45;RELATIONS ECONOMIQUES INTERNATIONALES;https://aciege.org/Dct/Fra/Fra_333_45.html
333;333_27;UNION ECONOMIQUE;terme_specifique;333_17;MARCHE UNIQUE EUROPEEN;https://aciege.org/Dct/Fra/Fra_333_17.html
333;333_27;UNION ECONOMIQUE;employe_pour;In_3087;Intégration régionale;https://aciege.org/Dct/Fra/In_3087.html
333;333_27;UNION ECONOMIQUE;employe_pour;In_3088;Intégration économique;https://aciege.org/Dct/Fra/In_3088.html
333;333_27;UNION ECONOMIQUE;employe_pour;Re_3457;Régionalisme;https://aciege.org/Dct/Fra/Re_3457.html
333;333_27;UNION ECONOMIQUE;employe_pour;Un_3611;Union douanière;https://aciege.org/Dct/Fra/Un_3611.html
334;334_22;CONVENTION FISCALE;terme_generique;334_33;FISCALITE INTERNATIONALE;https://aciege.org/Dct/Fra/Fra_334_33.html
334;334_22;CONVENTION FISCALE;terme_specifique;334_02;DOUBLE IMPOSITION;https://aciege.org/Dct/Fra/Fra_334_02.html
334;334_02;DOUBLE IMPOSITION;terme_generique;334_22;CONVENTION FISCALE;https://aciege.org/Dct/Fra/Fra_334_22.html
334;334_70;DROIT D'ENREGISTREMENT;terme_generique;334_81;IMPOT SUR LE CAPITAL;https://aciege.org/Dct/Fra/Fra_334_81.html
334;334_90;DROIT DE MUTATION;terme_generique;334_81;IMPOT SUR LE CAPITAL;https://aciege.org/Dct/Fra/Fra_334_81.html
334;334_90;DROIT DE MUTATION;employe_pour;Im_3055;Impôt sur la mutation;https://aciege.org/Dct/Fra/Im_3055.html
334;334_53;FISCALITE;terme_specifique;334_61;FISCALITE DIRECTE;https://aciege.org/Dct/Fra/Fra_334_61.html
334;334_53;FISCALITE;terme_specifique;334_73;FISCALITE INDIRECTE;https://aciege.org/Dct/Fra/Fra_334_73.html
334;334_53;FISCALITE;terme_specifique;334_33;FISCALITE INTERNATIONALE;https://aciege.org/Dct/Fra/Fra_334_33.html
334;334_53;FISCALITE;terme_specifique;334_52;FISCALITE LOCALE;https://aciege.org/Dct/Fra/Fra_334_52.html
334;334_53;FISCALITE;terme_specifique;334_01;PARADIS FISCAL;https://aciege.org/Dct/Fra/Fra_334_01.html
334;334_53;FISCALITE;terme_specifique;334_00;PARAFISCALITE;https://aciege.org/Dct/Fra/Fra_334_00.html
334;334_53;FISCALITE;employe_pour;Im_3054;Impôt;https://aciege.org/Dct/Fra/Im_3054.html
334;334_53;FISCALITE;employe_pour;Pl_3318;Planification fiscale;https://aciege.org/Dct/Fra/Pl_3318.html
334;334_53;FISCALITE;employe_pour;Ta_3544;Taxation;https://aciege.org/Dct/Fra/Ta_3544.html
334;334_61;FISCALITE DIRECTE;terme_generique;334_53;FISCALITE;https://aciege.org/Dct/Fra/Fra_334_53.html
334;334_61;FISCALITE DIRECTE;terme_specifique;334_81;IMPOT SUR LE CAPITAL;https://aciege.org/Dct/Fra/Fra_334_81.html
334;334_61;FISCALITE DIRECTE;terme_specifique;334_50;IMPOT SUR LE REVENU;https://aciege.org/Dct/Fra/Fra_334_50.html
334;334_61;FISCALITE DIRECTE;terme_specifique;334_41;IMPOT SUR LES SOCIETES;https://aciege.org/Dct/Fra/Fra_334_41.html
334;334_92;FISCALITE IMMOBILIERE;terme_generique;334_81;IMPOT SUR LE CAPITAL;https://aciege.org/Dct/Fra/Fra_334_81.html
334;334_73;FISCALITE INDIRECTE;terme_generique;334_53;FISCALITE;https://aciege.org/Dct/Fra/Fra_334_53.html
334;334_73;FISCALITE INDIRECTE;terme_specifique;334_83;IMPOT SUR LA CONSOMMATION;https://aciege.org/Dct/Fra/Fra_334_83.html
334;334_33;FISCALITE INTERNATIONALE;terme_generique;334_53;FISCALITE;https://aciege.org/Dct/Fra/Fra_334_53.html
334;334_33;FISCALITE INTERNATIONALE;terme_specifique;334_22;CONVENTION FISCALE;https://aciege.org/Dct/Fra/Fra_334_22.html
334;334_33;FISCALITE INTERNATIONALE;terme_specifique;334_03;HARMONISATION DE LA FISCALITE;https://aciege.org/Dct/Fra/Fra_334_03.html
334;334_52;FISCALITE LOCALE;terme_generique;334_53;FISCALITE;https://aciege.org/Dct/Fra/Fra_334_53.html
334;334_82;FISCALITE MOBILIERE;terme_generique;334_81;IMPOT SUR LE CAPITAL;https://aciege.org/Dct/Fra/Fra_334_81.html
334;334_03;HARMONISATION DE LA FISCALITE;terme_generique;334_33;FISCALITE INTERNATIONALE;https://aciege.org/Dct/Fra/Fra_334_33.html
334;334_83;IMPOT SUR LA CONSOMMATION;terme_generique;334_73;FISCALITE INDIRECTE;https://aciege.org/Dct/Fra/Fra_334_73.html
334;334_83;IMPOT SUR LA CONSOMMATION;terme_specifique;334_93;TVA;https://aciege.org/Dct/Fra/Fra_334_93.html
334;334_83;IMPOT SUR LA CONSOMMATION;employe_pour;Ta_3546;Taxe de luxe;https://aciege.org/Dct/Fra/Ta_3546.html
334;334_81;IMPOT SUR LE CAPITAL;terme_generique;334_61;FISCALITE DIRECTE;https://aciege.org/Dct/Fra/Fra_334_61.html
334;334_81;IMPOT SUR LE CAPITAL;terme_specifique;334_90;DROIT DE MUTATION;https://aciege.org/Dct/Fra/Fra_334_90.html
334;334_81;IMPOT SUR LE CAPITAL;terme_specifique;334_70;DROIT D'ENREGISTREMENT;https://aciege.org/Dct/Fra/Fra_334_70.html
334;334_81;IMPOT SUR LE CAPITAL;terme_specifique;334_92;FISCALITE IMMOBILIERE;https://aciege.org/Dct/Fra/Fra_334_92.html
334;334_81;IMPOT SUR LE CAPITAL;terme_specifique;334_82;FISCALITE MOBILIERE;https://aciege.org/Dct/Fra/Fra_334_82.html
334;334_81;IMPOT SUR LE CAPITAL;terme_specifique;334_80;IMPOT SUR LES PLUS-VALUES;https://aciege.org/Dct/Fra/Fra_334_80.html
334;334_50;IMPOT SUR LE REVENU;terme_generique;334_61;FISCALITE DIRECTE;https://aciege.org/Dct/Fra/Fra_334_61.html
334;334_20;IMPOT SUR LES BENEFICES;terme_generique;334_41;IMPOT SUR LES SOCIETES;https://aciege.org/Dct/Fra/Fra_334_41.html
334;334_80;IMPOT SUR LES PLUS-VALUES;terme_generique;334_81;IMPOT SUR LE CAPITAL;https://aciege.org/Dct/Fra/Fra_334_81.html
334;334_41;IMPOT SUR LES SOCIETES;terme_generique;334_61;FISCALITE DIRECTE;https://aciege.org/Dct/Fra/Fra_334_61.html
334;334_41;IMPOT SUR LES SOCIETES;terme_specifique;334_20;IMPOT SUR LES BENEFICES;https://aciege.org/Dct/Fra/Fra_334_20.html
334;334_41;IMPOT SUR LES SOCIETES;terme_specifique;334_30;TAXE D'APPRENTISSAGE;https://aciege.org/Dct/Fra/Fra_334_30.html
334;334_41;IMPOT SUR LES SOCIETES;terme_specifique;334_31;TAXE PROFESSIONNELLE;https://aciege.org/Dct/Fra/Fra_334_31.html
334;334_01;PARADIS FISCAL;terme_generique;334_53;FISCALITE;https://aciege.org/Dct/Fra/Fra_334_53.html
334;334_00;PARAFISCALITE;terme_generique;334_53;FISCALITE;https://aciege.org/Dct/Fra/Fra_334_53.html
334;334_30;TAXE D'APPRENTISSAGE;terme_generique;334_41;IMPOT SUR LES SOCIETES;https://aciege.org/Dct/Fra/Fra_334_41.html
334;334_31;TAXE PROFESSIONNELLE;terme_generique;334_41;IMPOT SUR LES SOCIETES;https://aciege.org/Dct/Fra/Fra_334_41.html
334;334_93;TVA;terme_generique;334_83;IMPOT SUR LA CONSOMMATION;https://aciege.org/Dct/Fra/Fra_334_83.html
334;334_93;TVA;employe_pour;Ta_3547;Taxe à la valeur ajoutée;https://aciege.org/Dct/Fra/Ta_3547.html
335;335_08;AFFACTURAGE;terme_generique;335_47;OPERATION DE BANQUE;https://aciege.org/Dct/Fra/Fra_335_47.html
335;335_67;BANQUE;terme_generique;335_55;ETABLISSEMENT FINANCIER;https://aciege.org/Dct/Fra/Fra_335_55.html
335;335_67;BANQUE;terme_specifique;335_98;BANQUE CENTRALE;https://aciege.org/Dct/Fra/Fra_335_98.html
335;335_67;BANQUE;terme_specifique;335_68;BANQUE D'AFFAIRES;https://aciege.org/Dct/Fra/Fra_335_68.html
335;335_67;BANQUE;terme_specifique;335_79;BANQUE DE DEPOT;https://aciege.org/Dct/Fra/Fra_335_79.html
335;335_67;BANQUE;terme_specifique;335_95;BANQUE INTERNATIONALE;https://aciege.org/Dct/Fra/Fra_335_95.html
335;335_67;BANQUE;terme_specifique;335_89;BANQUE SPECIALISEE;https://aciege.org/Dct/Fra/Fra_335_89.html
335;335_67;BANQUE;terme_specifique;335_99;CAISSE DES DEPOTS ET CONSIGNATIONS;https://aciege.org/Dct/Fra/Fra_335_99.html
335;335_67;BANQUE;terme_specifique;335_47;OPERATION DE BANQUE;https://aciege.org/Dct/Fra/Fra_335_47.html
335;335_67;BANQUE;employe_pour;Et_2858;Etablissement de crédit;https://aciege.org/Dct/Fra/Et_2858.html
335;335_98;BANQUE CENTRALE;terme_generique;335_67;BANQUE;https://aciege.org/Dct/Fra/Fra_335_67.html
335;335_98;BANQUE CENTRALE;employe_pour;Ba_2513;Banque d'Etat;https://aciege.org/Dct/Fra/Ba_2513.html
335;335_68;BANQUE D'AFFAIRES;terme_generique;335_67;BANQUE;https://aciege.org/Dct/Fra/Fra_335_67.html
335;335_79;BANQUE DE DEPOT;terme_generique;335_67;BANQUE;https://aciege.org/Dct/Fra/Fra_335_67.html
335;335_95;BANQUE INTERNATIONALE;terme_generique;335_67;BANQUE;https://aciege.org/Dct/Fra/Fra_335_67.html
335;335_89;BANQUE SPECIALISEE;terme_generique;335_67;BANQUE;https://aciege.org/Dct/Fra/Fra_335_67.html
335;335_06;BON DU TRESOR;terme_generique;335_55;ETABLISSEMENT FINANCIER;https://aciege.org/Dct/Fra/Fra_335_55.html
335;335_99;CAISSE DES DEPOTS ET CONSIGNATIONS;terme_generique;335_67;BANQUE;https://aciege.org/Dct/Fra/Fra_335_67.html
335;335_31;CHANGEMENT DE PARITE;terme_generique;335_41;POLITIQUE MONETAIRE;https://aciege.org/Dct/Fra/Fra_335_41.html
335;335_31;CHANGEMENT DE PARITE;terme_specifique;335_21;FLOTTEMENT DES COURS;https://aciege.org/Dct/Fra/Fra_335_21.html
335;335_31;CHANGEMENT DE PARITE;employe_pour;De_2788;Dévaluation;https://aciege.org/Dct/Fra/De_2788.html
335;335_31;CHANGEMENT DE PARITE;employe_pour;Re_3473;Réévaluation;https://aciege.org/Dct/Fra/Re_3473.html
335;335_18;CHEQUE;terme_generique;335_27;MOYEN DE PAIEMENT;https://aciege.org/Dct/Fra/Fra_335_27.html
335;335_14;CONTROLE DES CHANGES;terme_generique;335_33;MARCHE DES CHANGES;https://aciege.org/Dct/Fra/Fra_335_33.html
335;335_49;CREDIT A LA CONSOMMATION;terme_generique;335_48;OPERATION DE CREDIT;https://aciege.org/Dct/Fra/Fra_335_48.html
335;335_07;CRYPTOMONNAIE;terme_generique;335_17;MONNAIE ELECTRONIQUE;https://aciege.org/Dct/Fra/Fra_335_17.html
335;335_07;CRYPTOMONNAIE;employe_pour;Bi_2528;Bitcoin;https://aciege.org/Dct/Fra/Bi_2528.html
335;335_66;DEPOT;terme_generique;335_65;EPARGNE;https://aciege.org/Dct/Fra/Fra_335_65.html
335;335_64;DEVISE;terme_generique;335_53;MONNAIE;https://aciege.org/Dct/Fra/Fra_335_53.html
335;335_64;DEVISE;terme_specifique;335_93;DOLLAR;https://aciege.org/Dct/Fra/Fra_335_93.html
335;335_64;DEVISE;terme_specifique;335_83;EURO;https://aciege.org/Dct/Fra/Fra_335_83.html
335;335_64;DEVISE;terme_specifique;335_73;FRANC;https://aciege.org/Dct/Fra/Fra_335_73.html
335;335_64;DEVISE;terme_specifique;335_63;LIVRE STERLING;https://aciege.org/Dct/Fra/Fra_335_63.html
335;335_64;DEVISE;terme_specifique;335_94;MARK;https://aciege.org/Dct/Fra/Fra_335_94.html
335;335_64;DEVISE;terme_specifique;335_74;ROUBLE;https://aciege.org/Dct/Fra/Fra_335_74.html
335;335_64;DEVISE;terme_specifique;335_84;YEN;https://aciege.org/Dct/Fra/Fra_335_84.html
335;335_64;DEVISE;terme_specifique;335_85;YUAN;https://aciege.org/Dct/Fra/Fra_335_85.html
335;335_93;DOLLAR;terme_generique;335_64;DEVISE;https://aciege.org/Dct/Fra/Fra_335_64.html
335;335_71;DROITS DE TIRAGE SPECIAUX;terme_generique;335_81;SMI;https://aciege.org/Dct/Fra/Fra_335_81.html
335;335_71;DROITS DE TIRAGE SPECIAUX;employe_pour;DT_2728;DTS;https://aciege.org/Dct/Fra/DT_2728.html
335;335_26;EMISSION DE MONNAIE;terme_generique;335_47;OPERATION DE BANQUE;https://aciege.org/Dct/Fra/Fra_335_47.html
335;335_65;EPARGNE;terme_generique;335_55;ETABLISSEMENT FINANCIER;https://aciege.org/Dct/Fra/Fra_335_55.html
335;335_65;EPARGNE;terme_specifique;335_66;DEPOT;https://aciege.org/Dct/Fra/Fra_335_66.html
335;335_55;ETABLISSEMENT FINANCIER;terme_specifique;335_67;BANQUE;https://aciege.org/Dct/Fra/Fra_335_67.html
335;335_55;ETABLISSEMENT FINANCIER;terme_specifique;335_06;BON DU TRESOR;https://aciege.org/Dct/Fra/Fra_335_06.html
335;335_55;ETABLISSEMENT FINANCIER;terme_specifique;335_65;EPARGNE;https://aciege.org/Dct/Fra/Fra_335_65.html
335;335_55;ETABLISSEMENT FINANCIER;terme_specifique;335_53;MONNAIE;https://aciege.org/Dct/Fra/Fra_335_53.html
335;335_55;ETABLISSEMENT FINANCIER;terme_specifique;335_46;TAUX D'INTERET;https://aciege.org/Dct/Fra/Fra_335_46.html
335;335_55;ETABLISSEMENT FINANCIER;terme_specifique;335_45;TECHNOLOGIE FINANCIERE;https://aciege.org/Dct/Fra/Fra_335_45.html
335;335_83;EURO;terme_generique;335_64;DEVISE;https://aciege.org/Dct/Fra/Fra_335_64.html
335;335_83;EURO;employe_pour;EC_2796;ECU;https://aciege.org/Dct/Fra/EC_2796.html
335;335_83;EURO;employe_pour;Mo_3199;Monnaie unique européenne;https://aciege.org/Dct/Fra/Mo_3199.html
335;335_91;EURODEVISE;terme_generique;335_81;SMI;https://aciege.org/Dct/Fra/Fra_335_81.html
335;335_91;EURODEVISE;employe_pour;Eu_2863;Eurodollar;https://aciege.org/Dct/Fra/Eu_2863.html
335;335_91;EURODEVISE;employe_pour;Eu_2864;Euroobligation;https://aciege.org/Dct/Fra/Eu_2864.html
335;335_21;FLOTTEMENT DES COURS;terme_generique;335_31;CHANGEMENT DE PARITE;https://aciege.org/Dct/Fra/Fra_335_31.html
335;335_73;FRANC;terme_generique;335_64;DEVISE;https://aciege.org/Dct/Fra/Fra_335_64.html
335;335_30;INTEGRATION MONETAIRE;terme_generique;335_41;POLITIQUE MONETAIRE;https://aciege.org/Dct/Fra/Fra_335_41.html
335;335_63;LIVRE STERLING;terme_generique;335_64;DEVISE;https://aciege.org/Dct/Fra/Fra_335_64.html
335;335_33;MARCHE DES CHANGES;terme_generique;335_43;MARCHE MONETAIRE;https://aciege.org/Dct/Fra/Fra_335_43.html
335;335_33;MARCHE DES CHANGES;terme_specifique;335_14;CONTROLE DES CHANGES;https://aciege.org/Dct/Fra/Fra_335_14.html
335;335_33;MARCHE DES CHANGES;terme_specifique;335_34;OPERATION DE CHANGE;https://aciege.org/Dct/Fra/Fra_335_34.html
335;335_33;MARCHE DES CHANGES;terme_specifique;335_03;TAUX DE CHANGE;https://aciege.org/Dct/Fra/Fra_335_03.html
335;335_39;MARCHE HYPOTHECAIRE;terme_generique;335_48;OPERATION DE CREDIT;https://aciege.org/Dct/Fra/Fra_335_48.html
335;335_43;MARCHE MONETAIRE;terme_generique;335_53;MONNAIE;https://aciege.org/Dct/Fra/Fra_335_53.html
335;335_43;MARCHE MONETAIRE;terme_specifique;335_33;MARCHE DES CHANGES;https://aciege.org/Dct/Fra/Fra_335_33.html
335;335_94;MARK;terme_generique;335_64;DEVISE;https://aciege.org/Dct/Fra/Fra_335_64.html
335;335_53;MONNAIE;terme_generique;335_55;ETABLISSEMENT FINANCIER;https://aciege.org/Dct/Fra/Fra_335_55.html
335;335_53;MONNAIE;terme_specifique;335_64;DEVISE;https://aciege.org/Dct/Fra/Fra_335_64.html
335;335_53;MONNAIE;terme_specifique;335_43;MARCHE MONETAIRE;https://aciege.org/Dct/Fra/Fra_335_43.html
335;335_53;MONNAIE;terme_specifique;335_41;POLITIQUE MONETAIRE;https://aciege.org/Dct/Fra/Fra_335_41.html
335;335_53;MONNAIE;terme_specifique;335_81;SMI;https://aciege.org/Dct/Fra/Fra_335_81.html
335;335_53;MONNAIE;terme_specifique;335_50;STATISTIQUES MONETAIRES;https://aciege.org/Dct/Fra/Fra_335_50.html
335;335_53;MONNAIE;terme_specifique;335_42;THEORIE MONETAIRE;https://aciege.org/Dct/Fra/Fra_335_42.html
335;335_17;MONNAIE ELECTRONIQUE;terme_generique;335_27;MOYEN DE PAIEMENT;https://aciege.org/Dct/Fra/Fra_335_27.html
335;335_17;MONNAIE ELECTRONIQUE;terme_specifique;335_07;CRYPTOMONNAIE;https://aciege.org/Dct/Fra/Fra_335_07.html
335;335_17;MONNAIE ELECTRONIQUE;employe_pour;Ca_2572;Carte de crédit;https://aciege.org/Dct/Fra/Ca_2572.html
335;335_17;MONNAIE ELECTRONIQUE;employe_pour;Ca_2573;Carte de paiement;https://aciege.org/Dct/Fra/Ca_2573.html
335;335_27;MOYEN DE PAIEMENT;terme_generique;335_47;OPERATION DE BANQUE;https://aciege.org/Dct/Fra/Fra_335_47.html
335;335_27;MOYEN DE PAIEMENT;terme_specifique;335_18;CHEQUE;https://aciege.org/Dct/Fra/Fra_335_18.html
335;335_27;MOYEN DE PAIEMENT;terme_specifique;335_17;MONNAIE ELECTRONIQUE;https://aciege.org/Dct/Fra/Fra_335_17.html
335;335_27;MOYEN DE PAIEMENT;employe_pour;Pa_3289;Paiement en ligne;https://aciege.org/Dct/Fra/Pa_3289.html
335;335_47;OPERATION DE BANQUE;terme_generique;335_67;BANQUE;https://aciege.org/Dct/Fra/Fra_335_67.html
335;335_47;OPERATION DE BANQUE;terme_specifique;335_08;AFFACTURAGE;https://aciege.org/Dct/Fra/Fra_335_08.html
335;335_47;OPERATION DE BANQUE;terme_specifique;335_26;EMISSION DE MONNAIE;https://aciege.org/Dct/Fra/Fra_335_26.html
335;335_47;OPERATION DE BANQUE;terme_specifique;335_27;MOYEN DE PAIEMENT;https://aciege.org/Dct/Fra/Fra_335_27.html
335;335_47;OPERATION DE BANQUE;terme_specifique;335_48;OPERATION DE CREDIT;https://aciege.org/Dct/Fra/Fra_335_48.html
335;335_47;OPERATION DE BANQUE;terme_specifique;335_19;PRET;https://aciege.org/Dct/Fra/Fra_335_19.html
335;335_47;OPERATION DE BANQUE;employe_pour;Co_2651;Compensation bancaire;https://aciege.org/Dct/Fra/Co_2651.html
335;335_47;OPERATION DE BANQUE;employe_pour;Co_2662;Compte courant;https://aciege.org/Dct/Fra/Co_2662.html
335;335_47;OPERATION DE BANQUE;employe_pour;Re_3428;Report bancaire;https://aciege.org/Dct/Fra/Re_3428.html
335;335_47;OPERATION DE BANQUE;employe_pour;Tr_3577;Transfert de fonds;https://aciege.org/Dct/Fra/Tr_3577.html
335;335_34;OPERATION DE CHANGE;terme_generique;335_33;MARCHE DES CHANGES;https://aciege.org/Dct/Fra/Fra_335_33.html
335;335_34;OPERATION DE CHANGE;terme_specifique;335_24;RISQUE DE CHANGE;https://aciege.org/Dct/Fra/Fra_335_24.html
335;335_34;OPERATION DE CHANGE;employe_pour;Ch_2608;Change;https://aciege.org/Dct/Fra/Ch_2608.html
335;335_48;OPERATION DE CREDIT;terme_generique;335_47;OPERATION DE BANQUE;https://aciege.org/Dct/Fra/Fra_335_47.html
335;335_48;OPERATION DE CREDIT;terme_specifique;335_49;CREDIT A LA CONSOMMATION;https://aciege.org/Dct/Fra/Fra_335_49.html
335;335_48;OPERATION DE CREDIT;terme_specifique;335_39;MARCHE HYPOTHECAIRE;https://aciege.org/Dct/Fra/Fra_335_39.html
335;335_48;OPERATION DE CREDIT;employe_pour;Es_2854;Escompte;https://aciege.org/Dct/Fra/Es_2854.html
335;335_70;OR;terme_generique;335_81;SMI;https://aciege.org/Dct/Fra/Fra_335_81.html
335;335_80;PETRODOLLAR;terme_generique;335_81;SMI;https://aciege.org/Dct/Fra/Fra_335_81.html
335;335_41;POLITIQUE MONETAIRE;terme_generique;335_53;MONNAIE;https://aciege.org/Dct/Fra/Fra_335_53.html
335;335_41;POLITIQUE MONETAIRE;terme_specifique;335_31;CHANGEMENT DE PARITE;https://aciege.org/Dct/Fra/Fra_335_31.html
335;335_41;POLITIQUE MONETAIRE;terme_specifique;335_30;INTEGRATION MONETAIRE;https://aciege.org/Dct/Fra/Fra_335_30.html
335;335_19;PRET;terme_generique;335_47;OPERATION DE BANQUE;https://aciege.org/Dct/Fra/Fra_335_47.html
335;335_24;RISQUE DE CHANGE;terme_generique;335_34;OPERATION DE CHANGE;https://aciege.org/Dct/Fra/Fra_335_34.html
335;335_74;ROUBLE;terme_generique;335_64;DEVISE;https://aciege.org/Dct/Fra/Fra_335_64.html
335;335_82;SME;terme_generique;335_81;SMI;https://aciege.org/Dct/Fra/Fra_335_81.html
335;335_82;SME;employe_pour;Sy_3528;Système monétaire européen;https://aciege.org/Dct/Fra/Sy_3528.html
335;335_81;SMI;terme_generique;335_53;MONNAIE;https://aciege.org/Dct/Fra/Fra_335_53.html
335;335_81;SMI;terme_specifique;335_71;DROITS DE TIRAGE SPECIAUX;https://aciege.org/Dct/Fra/Fra_335_71.html
335;335_81;SMI;terme_specifique;335_91;EURODEVISE;https://aciege.org/Dct/Fra/Fra_335_91.html
335;335_81;SMI;terme_specifique;335_70;OR;https://aciege.org/Dct/Fra/Fra_335_70.html
335;335_81;SMI;terme_specifique;335_80;PETRODOLLAR;https://aciege.org/Dct/Fra/Fra_335_80.html
335;335_81;SMI;terme_specifique;335_82;SME;https://aciege.org/Dct/Fra/Fra_335_82.html
335;335_81;SMI;terme_specifique;335_72;ZONE MONETAIRE;https://aciege.org/Dct/Fra/Fra_335_72.html
335;335_81;SMI;employe_pour;Sy_3529;Système monétaire international;https://aciege.org/Dct/Fra/Sy_3529.html
335;335_50;STATISTIQUES MONETAIRES;terme_generique;335_53;MONNAIE;https://aciege.org/Dct/Fra/Fra_335_53.html
335;335_46;TAUX D'INTERET;terme_generique;335_55;ETABLISSEMENT FINANCIER;https://aciege.org/Dct/Fra/Fra_335_55.html
335;335_46;TAUX D'INTERET;employe_pour;In_3090;Intérêt;https://aciege.org/Dct/Fra/In_3090.html
335;335_03;TAUX DE CHANGE;terme_generique;335_33;MARCHE DES CHANGES;https://aciege.org/Dct/Fra/Fra_335_33.html
335;335_03;TAUX DE CHANGE;employe_pour;Co_2702;Cours du change;https://aciege.org/Dct/Fra/Co_2702.html
335;335_45;TECHNOLOGIE FINANCIERE;terme_generique;335_55;ETABLISSEMENT FINANCIER;https://aciege.org/Dct/Fra/Fra_335_55.html
335;335_45;TECHNOLOGIE FINANCIERE;employe_pour;Fi_2889;Fintech;https://aciege.org/Dct/Fra/Fi_2889.html
335;335_42;THEORIE MONETAIRE;terme_generique;335_53;MONNAIE;https://aciege.org/Dct/Fra/Fra_335_53.html
335;335_84;YEN;terme_generique;335_64;DEVISE;https://aciege.org/Dct/Fra/Fra_335_64.html
335;335_85;YUAN;terme_generique;335_64;DEVISE;https://aciege.org/Dct/Fra/Fra_335_64.html
335;335_72;ZONE MONETAIRE;terme_generique;335_81;SMI;https://aciege.org/Dct/Fra/Fra_335_81.html
335;335_72;ZONE MONETAIRE;employe_pour;Zo_3659;Zone dollar;https://aciege.org/Dct/Fra/Zo_3659.html
335;335_72;ZONE MONETAIRE;employe_pour;Zo_3660;Zone euro;https://aciege.org/Dct/Fra/Zo_3660.html
335;335_72;ZONE MONETAIRE;employe_pour;Zo_3661;Zone franc;https://aciege.org/Dct/Fra/Zo_3661.html
341;341_22;BIOCARBURANT;terme_generique;341_32;BIOMASSE;https://aciege.org/Dct/Fra/Fra_341_32.html
341;341_22;BIOCARBURANT;employe_pour;Ag_2416;Agrocarburant;https://aciege.org/Dct/Fra/Ag_2416.html
341;341_32;BIOMASSE;terme_generique;341_62;ENERGIE RENOUVELABLE;https://aciege.org/Dct/Fra/Fra_341_62.html
341;341_32;BIOMASSE;terme_specifique;341_22;BIOCARBURANT;https://aciege.org/Dct/Fra/Fra_341_22.html
341;341_95;CENTRALE ELECTRIQUE;terme_generique;341_65;ELECTRICITE;https://aciege.org/Dct/Fra/Fra_341_65.html
341;341_95;CENTRALE ELECTRIQUE;employe_pour;Ce_2583;Centrale hydro électrique;https://aciege.org/Dct/Fra/Ce_2583.html
341;341_95;CENTRALE ELECTRIQUE;employe_pour;Ce_2584;Centrale nucléaire;https://aciege.org/Dct/Fra/Ce_2584.html
341;341_95;CENTRALE ELECTRIQUE;employe_pour;Ce_2585;Centrale thermique;https://aciege.org/Dct/Fra/Ce_2585.html
341;341_24;CHARBON;terme_generique;341_33;COMBUSTIBLE;https://aciege.org/Dct/Fra/Fra_341_33.html
341;341_33;COMBUSTIBLE;terme_generique;341_53;ENERGIE FOSSILE;https://aciege.org/Dct/Fra/Fra_341_53.html
341;341_33;COMBUSTIBLE;terme_specifique;341_24;CHARBON;https://aciege.org/Dct/Fra/Fra_341_24.html
341;341_33;COMBUSTIBLE;terme_specifique;341_23;HYDROCARBURE;https://aciege.org/Dct/Fra/Fra_341_23.html
341;341_68;CONSOMMATION D'ENERGIE;terme_generique;341_57;POLITIQUE ENERGETIQUE;https://aciege.org/Dct/Fra/Fra_341_57.html
341;341_68;CONSOMMATION D'ENERGIE;terme_specifique;341_79;ECONOMIE D'ENERGIE;https://aciege.org/Dct/Fra/Fra_341_79.html
341;341_87;CONVERSION DE L'ENERGIE;terme_generique;341_55;ENERGIE;https://aciege.org/Dct/Fra/Fra_341_55.html
341;341_58;CRISE DE L'ENERGIE;terme_generique;341_57;POLITIQUE ENERGETIQUE;https://aciege.org/Dct/Fra/Fra_341_57.html
341;341_79;ECONOMIE D'ENERGIE;terme_generique;341_68;CONSOMMATION D'ENERGIE;https://aciege.org/Dct/Fra/Fra_341_68.html
341;341_65;ELECTRICITE;terme_generique;341_55;ENERGIE;https://aciege.org/Dct/Fra/Fra_341_55.html
341;341_65;ELECTRICITE;terme_specifique;341_95;CENTRALE ELECTRIQUE;https://aciege.org/Dct/Fra/Fra_341_95.html
341;341_65;ELECTRICITE;employe_pour;En_2825;Energie électrique;https://aciege.org/Dct/Fra/En_2825.html
341;341_55;ENERGIE;terme_specifique;341_87;CONVERSION DE L'ENERGIE;https://aciege.org/Dct/Fra/Fra_341_87.html
341;341_55;ENERGIE;terme_specifique;341_65;ELECTRICITE;https://aciege.org/Dct/Fra/Fra_341_65.html
341;341_55;ENERGIE;terme_specifique;341_37;EXPLOITATION DE L'ENERGIE;https://aciege.org/Dct/Fra/Fra_341_37.html
341;341_55;ENERGIE;terme_specifique;341_57;POLITIQUE ENERGETIQUE;https://aciege.org/Dct/Fra/Fra_341_57.html
341;341_55;ENERGIE;terme_specifique;341_63;SOURCE D'ENERGIE;https://aciege.org/Dct/Fra/Fra_341_63.html
341;341_55;ENERGIE;terme_specifique;341_88;TRANSPORT DE L'ENERGIE;https://aciege.org/Dct/Fra/Fra_341_88.html
341;341_55;ENERGIE;employe_pour;Ec_2811;Economie de l'énergie;https://aciege.org/Dct/Fra/Ec_2811.html
341;341_55;ENERGIE;employe_pour;Ma_3157;Marché de l'énergie;https://aciege.org/Dct/Fra/Ma_3157.html
341;341_92;ENERGIE CHIMIQUE;terme_generique;341_63;SOURCE D'ENERGIE;https://aciege.org/Dct/Fra/Fra_341_63.html
341;341_50;ENERGIE EOLIENNE;terme_generique;341_62;ENERGIE RENOUVELABLE;https://aciege.org/Dct/Fra/Fra_341_62.html
341;341_53;ENERGIE FOSSILE;terme_generique;341_63;SOURCE D'ENERGIE;https://aciege.org/Dct/Fra/Fra_341_63.html
341;341_53;ENERGIE FOSSILE;terme_specifique;341_33;COMBUSTIBLE;https://aciege.org/Dct/Fra/Fra_341_33.html
341;341_70;ENERGIE GEOTHERMIQUE;terme_generique;341_62;ENERGIE RENOUVELABLE;https://aciege.org/Dct/Fra/Fra_341_62.html
341;341_41;ENERGIE HYDRAULIQUE;terme_generique;341_62;ENERGIE RENOUVELABLE;https://aciege.org/Dct/Fra/Fra_341_62.html
341;341_84;ENERGIE NUCLEAIRE;terme_generique;341_63;SOURCE D'ENERGIE;https://aciege.org/Dct/Fra/Fra_341_63.html
341;341_84;ENERGIE NUCLEAIRE;employe_pour;Ur_3614;Uranium;https://aciege.org/Dct/Fra/Ur_3614.html
341;341_62;ENERGIE RENOUVELABLE;terme_generique;341_63;SOURCE D'ENERGIE;https://aciege.org/Dct/Fra/Fra_341_63.html
341;341_62;ENERGIE RENOUVELABLE;terme_specifique;341_32;BIOMASSE;https://aciege.org/Dct/Fra/Fra_341_32.html
341;341_62;ENERGIE RENOUVELABLE;terme_specifique;341_50;ENERGIE EOLIENNE;https://aciege.org/Dct/Fra/Fra_341_50.html
341;341_62;ENERGIE RENOUVELABLE;terme_specifique;341_70;ENERGIE GEOTHERMIQUE;https://aciege.org/Dct/Fra/Fra_341_70.html
341;341_62;ENERGIE RENOUVELABLE;terme_specifique;341_41;ENERGIE HYDRAULIQUE;https://aciege.org/Dct/Fra/Fra_341_41.html
341;341_62;ENERGIE RENOUVELABLE;terme_specifique;341_81;ENERGIE SOLAIRE;https://aciege.org/Dct/Fra/Fra_341_81.html
341;341_81;ENERGIE SOLAIRE;terme_generique;341_62;ENERGIE RENOUVELABLE;https://aciege.org/Dct/Fra/Fra_341_62.html
341;341_37;EXPLOITATION DE L'ENERGIE;terme_generique;341_55;ENERGIE;https://aciege.org/Dct/Fra/Fra_341_55.html
341;341_37;EXPLOITATION DE L'ENERGIE;terme_specifique;341_18;RAFFINAGE;https://aciege.org/Dct/Fra/Fra_341_18.html
341;341_37;EXPLOITATION DE L'ENERGIE;employe_pour;Mi_3192;Mine;https://aciege.org/Dct/Fra/Mi_3192.html
341;341_37;EXPLOITATION DE L'ENERGIE;employe_pour;Of_3250;Offshore;https://aciege.org/Dct/Fra/Of_3250.html
341;341_37;EXPLOITATION DE L'ENERGIE;employe_pour;On_3252;Onshore;https://aciege.org/Dct/Fra/On_3252.html
341;341_13;GAZ;terme_generique;341_23;HYDROCARBURE;https://aciege.org/Dct/Fra/Fra_341_23.html
341;341_13;GAZ;terme_specifique;341_02;GAZ INDUSTRIEL;https://aciege.org/Dct/Fra/Fra_341_02.html
341;341_13;GAZ;terme_specifique;341_03;GAZ NATUREL;https://aciege.org/Dct/Fra/Fra_341_03.html
341;341_02;GAZ INDUSTRIEL;terme_generique;341_13;GAZ;https://aciege.org/Dct/Fra/Fra_341_13.html
341;341_03;GAZ NATUREL;terme_generique;341_13;GAZ;https://aciege.org/Dct/Fra/Fra_341_13.html
341;341_23;HYDROCARBURE;terme_generique;341_33;COMBUSTIBLE;https://aciege.org/Dct/Fra/Fra_341_33.html
341;341_23;HYDROCARBURE;terme_specifique;341_13;GAZ;https://aciege.org/Dct/Fra/Fra_341_13.html
341;341_23;HYDROCARBURE;terme_specifique;341_14;PETROLE;https://aciege.org/Dct/Fra/Fra_341_14.html
341;341_91;LASER;terme_generique;341_63;SOURCE D'ENERGIE;https://aciege.org/Dct/Fra/Fra_341_63.html
341;341_14;PETROLE;terme_generique;341_23;HYDROCARBURE;https://aciege.org/Dct/Fra/Fra_341_23.html
341;341_14;PETROLE;employe_pour;Re_3412;Recherche pétrolière;https://aciege.org/Dct/Fra/Re_3412.html
341;341_57;POLITIQUE ENERGETIQUE;terme_generique;341_55;ENERGIE;https://aciege.org/Dct/Fra/Fra_341_55.html
341;341_57;POLITIQUE ENERGETIQUE;terme_specifique;341_68;CONSOMMATION D'ENERGIE;https://aciege.org/Dct/Fra/Fra_341_68.html
341;341_57;POLITIQUE ENERGETIQUE;terme_specifique;341_58;CRISE DE L'ENERGIE;https://aciege.org/Dct/Fra/Fra_341_58.html
341;341_57;POLITIQUE ENERGETIQUE;employe_pour;Ta_3545;Taxe carbone;https://aciege.org/Dct/Fra/Ta_3545.html
341;341_18;RAFFINAGE;terme_generique;341_37;EXPLOITATION DE L'ENERGIE;https://aciege.org/Dct/Fra/Fra_341_37.html
341;341_63;SOURCE D'ENERGIE;terme_generique;341_55;ENERGIE;https://aciege.org/Dct/Fra/Fra_341_55.html
341;341_63;SOURCE D'ENERGIE;terme_specifique;341_92;ENERGIE CHIMIQUE;https://aciege.org/Dct/Fra/Fra_341_92.html
341;341_63;SOURCE D'ENERGIE;terme_specifique;341_53;ENERGIE FOSSILE;https://aciege.org/Dct/Fra/Fra_341_53.html
341;341_63;SOURCE D'ENERGIE;terme_specifique;341_84;ENERGIE NUCLEAIRE;https://aciege.org/Dct/Fra/Fra_341_84.html
341;341_63;SOURCE D'ENERGIE;terme_specifique;341_62;ENERGIE RENOUVELABLE;https://aciege.org/Dct/Fra/Fra_341_62.html
341;341_63;SOURCE D'ENERGIE;terme_specifique;341_91;LASER;https://aciege.org/Dct/Fra/Fra_341_91.html
341;341_63;SOURCE D'ENERGIE;terme_specifique;341_52;TRANSITION ENERGETIQUE;https://aciege.org/Dct/Fra/Fra_341_52.html
341;341_63;SOURCE D'ENERGIE;employe_pour;Lu_3131;Lumière;https://aciege.org/Dct/Fra/Lu_3131.html
341;341_63;SOURCE D'ENERGIE;employe_pour;Ve_3628;Vent;https://aciege.org/Dct/Fra/Ve_3628.html
341;341_52;TRANSITION ENERGETIQUE;terme_generique;341_63;SOURCE D'ENERGIE;https://aciege.org/Dct/Fra/Fra_341_63.html
341;341_88;TRANSPORT DE L'ENERGIE;terme_generique;341_55;ENERGIE;https://aciege.org/Dct/Fra/Fra_341_55.html
342;342_58;ALIMENTATION EN EAU;terme_generique;342_68;EAU;https://aciege.org/Dct/Fra/Fra_342_68.html
342;342_58;ALIMENTATION EN EAU;employe_pour;Ir_3094;Irrigation;https://aciege.org/Dct/Fra/Ir_3094.html
342;342_94;AMENAGEMENT DE L'ESPACE;terme_generique;342_73;CADRE DE VIE;https://aciege.org/Dct/Fra/Fra_342_73.html
342;342_94;AMENAGEMENT DE L'ESPACE;employe_pour;Pr_3365;Protection des sites;https://aciege.org/Dct/Fra/Pr_3365.html
342;342_81;BRUIT;terme_generique;342_72;QUALITE DE LA VIE;https://aciege.org/Dct/Fra/Fra_342_72.html
342;342_81;BRUIT;employe_pour;Lu_3132;Lutte antibruit;https://aciege.org/Dct/Fra/Lu_3132.html
342;342_73;CADRE DE VIE;terme_generique;342_55;PROTECTION DE L'ENVIRONNEMENT;https://aciege.org/Dct/Fra/Fra_342_55.html
342;342_73;CADRE DE VIE;terme_specifique;342_94;AMENAGEMENT DE L'ESPACE;https://aciege.org/Dct/Fra/Fra_342_94.html
342;342_99;CATASTROPHE NATURELLE;terme_generique;342_77;PATRIMOINE NATUREL;https://aciege.org/Dct/Fra/Fra_342_77.html
342;342_99;CATASTROPHE NATURELLE;employe_pour;Av_2498;Avalanche;https://aciege.org/Dct/Fra/Av_2498.html
342;342_99;CATASTROPHE NATURELLE;employe_pour;Er_2853;Eruption volcanique;https://aciege.org/Dct/Fra/Er_2853.html
342;342_99;CATASTROPHE NATURELLE;employe_pour;Gl_2939;Glissement de terrain;https://aciege.org/Dct/Fra/Gl_2939.html
342;342_99;CATASTROPHE NATURELLE;employe_pour;In_3056;Incendie de forêt;https://aciege.org/Dct/Fra/In_3056.html
342;342_99;CATASTROPHE NATURELLE;employe_pour;In_3065;Inondation;https://aciege.org/Dct/Fra/In_3065.html
342;342_99;CATASTROPHE NATURELLE;employe_pour;Ra_3409;Raz de marée;https://aciege.org/Dct/Fra/Ra_3409.html
342;342_99;CATASTROPHE NATURELLE;employe_pour;Se_3531;Séisme;https://aciege.org/Dct/Fra/Se_3531.html
342;342_67;CLIMAT;terme_generique;342_55;PROTECTION DE L'ENVIRONNEMENT;https://aciege.org/Dct/Fra/Fra_342_55.html
342;342_22;DECHET;terme_generique;342_55;PROTECTION DE L'ENVIRONNEMENT;https://aciege.org/Dct/Fra/Fra_342_55.html
342;342_22;DECHET;terme_specifique;342_11;DECHET INDUSTRIEL;https://aciege.org/Dct/Fra/Fra_342_11.html
342;342_22;DECHET;terme_specifique;342_13;ORDURE MENAGERE;https://aciege.org/Dct/Fra/Fra_342_13.html
342;342_22;DECHET;terme_specifique;342_24;TRAITEMENT DES DECHETS;https://aciege.org/Dct/Fra/Fra_342_24.html
342;342_22;DECHET;employe_pour;De_2773;Déjection;https://aciege.org/Dct/Fra/De_2773.html
342;342_22;DECHET;employe_pour;Re_3468;Résidu;https://aciege.org/Dct/Fra/Re_3468.html
342;342_11;DECHET INDUSTRIEL;terme_generique;342_22;DECHET;https://aciege.org/Dct/Fra/Fra_342_22.html
342;342_51;DEVELOPPEMENT DURABLE;terme_generique;342_55;PROTECTION DE L'ENVIRONNEMENT;https://aciege.org/Dct/Fra/Fra_342_55.html
342;342_68;EAU;terme_generique;342_77;PATRIMOINE NATUREL;https://aciege.org/Dct/Fra/Fra_342_77.html
342;342_68;EAU;terme_specifique;342_58;ALIMENTATION EN EAU;https://aciege.org/Dct/Fra/Fra_342_58.html
342;342_68;EAU;employe_pour;Me_3186;Mer;https://aciege.org/Dct/Fra/Me_3186.html
342;342_75;ECOLOGIE;terme_generique;342_55;PROTECTION DE L'ENVIRONNEMENT;https://aciege.org/Dct/Fra/Fra_342_55.html
342;342_86;FAUNE;terme_generique;342_77;PATRIMOINE NATUREL;https://aciege.org/Dct/Fra/Fra_342_77.html
342;342_97;FLORE;terme_generique;342_77;PATRIMOINE NATUREL;https://aciege.org/Dct/Fra/Fra_342_77.html
342;342_36;LUTTE ANTIPOLLUTION;terme_generique;342_38;POLLUTION;https://aciege.org/Dct/Fra/Fra_342_38.html
342;342_36;LUTTE ANTIPOLLUTION;employe_pour;Pe_3310;Permis de pollution négociable;https://aciege.org/Dct/Fra/Pe_3310.html
342;342_13;ORDURE MENAGERE;terme_generique;342_22;DECHET;https://aciege.org/Dct/Fra/Fra_342_22.html
342;342_77;PATRIMOINE NATUREL;terme_generique;342_55;PROTECTION DE L'ENVIRONNEMENT;https://aciege.org/Dct/Fra/Fra_342_55.html
342;342_77;PATRIMOINE NATUREL;terme_specifique;342_99;CATASTROPHE NATURELLE;https://aciege.org/Dct/Fra/Fra_342_99.html
342;342_77;PATRIMOINE NATUREL;terme_specifique;342_68;EAU;https://aciege.org/Dct/Fra/Fra_342_68.html
342;342_77;PATRIMOINE NATUREL;terme_specifique;342_86;FAUNE;https://aciege.org/Dct/Fra/Fra_342_86.html
342;342_77;PATRIMOINE NATUREL;terme_specifique;342_97;FLORE;https://aciege.org/Dct/Fra/Fra_342_97.html
342;342_77;PATRIMOINE NATUREL;employe_pour;Re_3432;Ressource naturelle;https://aciege.org/Dct/Fra/Re_3432.html
342;342_62;POLITIQUE DE L'ENVIRONNEMENT;terme_generique;342_55;PROTECTION DE L'ENVIRONNEMENT;https://aciege.org/Dct/Fra/Fra_342_55.html
342;342_62;POLITIQUE DE L'ENVIRONNEMENT;employe_pour;Ec_2810;Economie de l'environnement;https://aciege.org/Dct/Fra/Ec_2810.html
342;342_62;POLITIQUE DE L'ENVIRONNEMENT;employe_pour;Ec_2815;Economie verte;https://aciege.org/Dct/Fra/Ec_2815.html
342;342_38;POLLUTION;terme_generique;342_55;PROTECTION DE L'ENVIRONNEMENT;https://aciege.org/Dct/Fra/Fra_342_55.html
342;342_38;POLLUTION;terme_specifique;342_36;LUTTE ANTIPOLLUTION;https://aciege.org/Dct/Fra/Fra_342_36.html
342;342_38;POLLUTION;terme_specifique;342_08;POLLUTION ATMOSPHERIQUE;https://aciege.org/Dct/Fra/Fra_342_08.html
342;342_38;POLLUTION;terme_specifique;342_48;POLLUTION DE L'EAU;https://aciege.org/Dct/Fra/Fra_342_48.html
342;342_38;POLLUTION;terme_specifique;342_17;POLLUTION DU SOL;https://aciege.org/Dct/Fra/Fra_342_17.html
342;342_38;POLLUTION;terme_specifique;342_27;POLLUTION THERMIQUE;https://aciege.org/Dct/Fra/Fra_342_27.html
342;342_38;POLLUTION;employe_pour;An_2434;Analyse de la pollution;https://aciege.org/Dct/Fra/An_2434.html
342;342_38;POLLUTION;employe_pour;Nu_3239;Nuisance;https://aciege.org/Dct/Fra/Nu_3239.html
342;342_08;POLLUTION ATMOSPHERIQUE;terme_generique;342_38;POLLUTION;https://aciege.org/Dct/Fra/Fra_342_38.html
342;342_48;POLLUTION DE L'EAU;terme_generique;342_38;POLLUTION;https://aciege.org/Dct/Fra/Fra_342_38.html
342;342_17;POLLUTION DU SOL;terme_generique;342_38;POLLUTION;https://aciege.org/Dct/Fra/Fra_342_38.html
342;342_27;POLLUTION THERMIQUE;terme_generique;342_38;POLLUTION;https://aciege.org/Dct/Fra/Fra_342_38.html
342;342_27;POLLUTION THERMIQUE;employe_pour;Re_3422;Rejet thermique;https://aciege.org/Dct/Fra/Re_3422.html
342;342_55;PROTECTION DE L'ENVIRONNEMENT;terme_specifique;342_73;CADRE DE VIE;https://aciege.org/Dct/Fra/Fra_342_73.html
342;342_55;PROTECTION DE L'ENVIRONNEMENT;terme_specifique;342_67;CLIMAT;https://aciege.org/Dct/Fra/Fra_342_67.html
342;342_55;PROTECTION DE L'ENVIRONNEMENT;terme_specifique;342_22;DECHET;https://aciege.org/Dct/Fra/Fra_342_22.html
342;342_55;PROTECTION DE L'ENVIRONNEMENT;terme_specifique;342_51;DEVELOPPEMENT DURABLE;https://aciege.org/Dct/Fra/Fra_342_51.html
342;342_55;PROTECTION DE L'ENVIRONNEMENT;terme_specifique;342_75;ECOLOGIE;https://aciege.org/Dct/Fra/Fra_342_75.html
342;342_55;PROTECTION DE L'ENVIRONNEMENT;terme_specifique;342_77;PATRIMOINE NATUREL;https://aciege.org/Dct/Fra/Fra_342_77.html
342;342_55;PROTECTION DE L'ENVIRONNEMENT;terme_specifique;342_62;POLITIQUE DE L'ENVIRONNEMENT;https://aciege.org/Dct/Fra/Fra_342_62.html
342;342_55;PROTECTION DE L'ENVIRONNEMENT;terme_specifique;342_38;POLLUTION;https://aciege.org/Dct/Fra/Fra_342_38.html
342;342_55;PROTECTION DE L'ENVIRONNEMENT;terme_specifique;342_72;QUALITE DE LA VIE;https://aciege.org/Dct/Fra/Fra_342_72.html
342;342_55;PROTECTION DE L'ENVIRONNEMENT;terme_specifique;342_42;RISQUE TECHNOLOGIQUE;https://aciege.org/Dct/Fra/Fra_342_42.html
342;342_72;QUALITE DE LA VIE;terme_generique;342_55;PROTECTION DE L'ENVIRONNEMENT;https://aciege.org/Dct/Fra/Fra_342_55.html
342;342_72;QUALITE DE LA VIE;terme_specifique;342_81;BRUIT;https://aciege.org/Dct/Fra/Fra_342_81.html
342;342_14;RECYCLAGE;terme_generique;342_24;TRAITEMENT DES DECHETS;https://aciege.org/Dct/Fra/Fra_342_24.html
342;342_42;RISQUE TECHNOLOGIQUE;terme_generique;342_55;PROTECTION DE L'ENVIRONNEMENT;https://aciege.org/Dct/Fra/Fra_342_55.html
342;342_24;TRAITEMENT DES DECHETS;terme_generique;342_22;DECHET;https://aciege.org/Dct/Fra/Fra_342_22.html
342;342_24;TRAITEMENT DES DECHETS;terme_specifique;342_14;RECYCLAGE;https://aciege.org/Dct/Fra/Fra_342_14.html
351;351_12;ALCOOLISME;terme_generique;351_53;SANTE;https://aciege.org/Dct/Fra/Fra_351_53.html
351;351_24;ALIMENTATION;terme_generique;351_53;SANTE;https://aciege.org/Dct/Fra/Fra_351_53.html
351;351_24;ALIMENTATION;employe_pour;Nu_3240;Nutrition;https://aciege.org/Dct/Fra/Nu_3240.html
351;351_31;ASSURANCE;terme_generique;351_62;PROTECTION SOCIALE;https://aciege.org/Dct/Fra/Fra_351_62.html
351;351_31;ASSURANCE;terme_specifique;351_30;ASSURANCE VIE;https://aciege.org/Dct/Fra/Fra_351_30.html
351;351_31;ASSURANCE;terme_specifique;351_10;MUTUALITE;https://aciege.org/Dct/Fra/Fra_351_10.html
351;351_31;ASSURANCE;employe_pour;Re_3450;Réassurance;https://aciege.org/Dct/Fra/Re_3450.html
351;351_70;ASSURANCE ACCIDENT;terme_generique;351_62;PROTECTION SOCIALE;https://aciege.org/Dct/Fra/Fra_351_62.html
351;351_40;ASSURANCE DEPENDANCE;terme_generique;351_62;PROTECTION SOCIALE;https://aciege.org/Dct/Fra/Fra_351_62.html
351;351_50;ASSURANCE INVALIDITE;terme_generique;351_62;PROTECTION SOCIALE;https://aciege.org/Dct/Fra/Fra_351_62.html
351;351_30;ASSURANCE VIE;terme_generique;351_31;ASSURANCE;https://aciege.org/Dct/Fra/Fra_351_31.html
351;351_30;ASSURANCE VIE;employe_pour;As_2486;Assurance décès;https://aciege.org/Dct/Fra/As_2486.html
351;351_74;CHOMAGE;terme_generique;351_55;ENVIRONNEMENT SOCIAL;https://aciege.org/Dct/Fra/Fra_351_55.html
351;351_87;CRIMINALITE;terme_generique;351_55;ENVIRONNEMENT SOCIAL;https://aciege.org/Dct/Fra/Fra_351_55.html
351;351_86;DELINQUANCE;terme_generique;351_55;ENVIRONNEMENT SOCIAL;https://aciege.org/Dct/Fra/Fra_351_55.html
351;351_67;DEVELOPPEMENT HUMAIN;terme_generique;351_55;ENVIRONNEMENT SOCIAL;https://aciege.org/Dct/Fra/Fra_351_55.html
351;351_14;DROGUE;terme_generique;351_53;SANTE;https://aciege.org/Dct/Fra/Fra_351_53.html
351;351_14;DROGUE;employe_pour;Lu_3133;Lutte contre les drogues;https://aciege.org/Dct/Fra/Lu_3133.html
351;351_96;ECONOMIE SOUTERRAINE;terme_generique;351_95;POLITIQUE DE L'EMPLOI;https://aciege.org/Dct/Fra/Fra_351_95.html
351;351_96;ECONOMIE SOUTERRAINE;employe_pour;Tr_3585;Travail au noir;https://aciege.org/Dct/Fra/Tr_3585.html
351;351_85;EMPLOI;terme_generique;351_55;ENVIRONNEMENT SOCIAL;https://aciege.org/Dct/Fra/Fra_351_55.html
351;351_85;EMPLOI;terme_specifique;351_95;POLITIQUE DE L'EMPLOI;https://aciege.org/Dct/Fra/Fra_351_95.html
351;351_85;EMPLOI;employe_pour;Cl_2622;Classification des emplois;https://aciege.org/Dct/Fra/Cl_2622.html
351;351_55;ENVIRONNEMENT SOCIAL;terme_specifique;351_74;CHOMAGE;https://aciege.org/Dct/Fra/Fra_351_74.html
351;351_55;ENVIRONNEMENT SOCIAL;terme_specifique;351_87;CRIMINALITE;https://aciege.org/Dct/Fra/Fra_351_87.html
351;351_55;ENVIRONNEMENT SOCIAL;terme_specifique;351_86;DELINQUANCE;https://aciege.org/Dct/Fra/Fra_351_86.html
351;351_55;ENVIRONNEMENT SOCIAL;terme_specifique;351_67;DEVELOPPEMENT HUMAIN;https://aciege.org/Dct/Fra/Fra_351_67.html
351;351_55;ENVIRONNEMENT SOCIAL;terme_specifique;351_85;EMPLOI;https://aciege.org/Dct/Fra/Fra_351_85.html
351;351_55;ENVIRONNEMENT SOCIAL;terme_specifique;351_47;HABITAT;https://aciege.org/Dct/Fra/Fra_351_47.html
351;351_55;ENVIRONNEMENT SOCIAL;terme_specifique;351_54;INFRASTRUCTURE SANITAIRE ET SOCIALE;https://aciege.org/Dct/Fra/Fra_351_54.html
351;351_55;ENVIRONNEMENT SOCIAL;terme_specifique;351_62;PROTECTION SOCIALE;https://aciege.org/Dct/Fra/Fra_351_62.html
351;351_55;ENVIRONNEMENT SOCIAL;terme_specifique;351_53;SANTE;https://aciege.org/Dct/Fra/Fra_351_53.html
351;351_55;ENVIRONNEMENT SOCIAL;terme_specifique;351_78;SITUATION SOCIALE;https://aciege.org/Dct/Fra/Fra_351_78.html
351;351_44;ETABLISSEMENT DE SOINS;terme_generique;351_54;INFRASTRUCTURE SANITAIRE ET SOCIALE;https://aciege.org/Dct/Fra/Fra_351_54.html
351;351_44;ETABLISSEMENT DE SOINS;terme_specifique;351_06;GESTION HOSPITALIERE;https://aciege.org/Dct/Fra/Fra_351_06.html
351;351_44;ETABLISSEMENT DE SOINS;employe_pour;Cl_2623;Clinique;https://aciege.org/Dct/Fra/Cl_2623.html
351;351_44;ETABLISSEMENT DE SOINS;employe_pour;Ho_2971;Hôpital;https://aciege.org/Dct/Fra/Ho_2971.html
351;351_06;GESTION HOSPITALIERE;terme_generique;351_44;ETABLISSEMENT DE SOINS;https://aciege.org/Dct/Fra/Fra_351_44.html
351;351_47;HABITAT;terme_generique;351_55;ENVIRONNEMENT SOCIAL;https://aciege.org/Dct/Fra/Fra_351_55.html
351;351_47;HABITAT;terme_specifique;351_48;IMMOBILIER;https://aciege.org/Dct/Fra/Fra_351_48.html
351;351_47;HABITAT;terme_specifique;351_58;LOGEMENT;https://aciege.org/Dct/Fra/Fra_351_58.html
351;351_47;HABITAT;terme_specifique;351_17;POLITIQUE DE L'HABITAT;https://aciege.org/Dct/Fra/Fra_351_17.html
351;351_47;HABITAT;terme_specifique;351_29;URBANISME;https://aciege.org/Dct/Fra/Fra_351_29.html
351;351_04;HANDICAP;terme_generique;351_53;SANTE;https://aciege.org/Dct/Fra/Fra_351_53.html
351;351_48;IMMOBILIER;terme_generique;351_47;HABITAT;https://aciege.org/Dct/Fra/Fra_351_47.html
351;351_99;INEGALITE SOCIALE;terme_generique;351_78;SITUATION SOCIALE;https://aciege.org/Dct/Fra/Fra_351_78.html
351;351_54;INFRASTRUCTURE SANITAIRE ET SOCIALE;terme_generique;351_55;ENVIRONNEMENT SOCIAL;https://aciege.org/Dct/Fra/Fra_351_55.html
351;351_54;INFRASTRUCTURE SANITAIRE ET SOCIALE;terme_specifique;351_44;ETABLISSEMENT DE SOINS;https://aciege.org/Dct/Fra/Fra_351_44.html
351;351_54;INFRASTRUCTURE SANITAIRE ET SOCIALE;employe_pour;Cr_2710;Crèche;https://aciege.org/Dct/Fra/Cr_2710.html
351;351_54;INFRASTRUCTURE SANITAIRE ET SOCIALE;employe_pour;Eq_2850;Equipement social;https://aciege.org/Dct/Fra/Eq_2850.html
351;351_54;INFRASTRUCTURE SANITAIRE ET SOCIALE;employe_pour;La_3103;Laboratoire d'analyses médicales;https://aciege.org/Dct/Fra/La_3103.html
351;351_58;LOGEMENT;terme_generique;351_47;HABITAT;https://aciege.org/Dct/Fra/Fra_351_47.html
351;351_22;MALADIE PROFESSIONNELLE;terme_generique;351_53;SANTE;https://aciege.org/Dct/Fra/Fra_351_53.html
351;351_03;MEDECINE DU TRAVAIL;terme_generique;351_53;SANTE;https://aciege.org/Dct/Fra/Fra_351_53.html
351;351_10;MUTUALITE;terme_generique;351_31;ASSURANCE;https://aciege.org/Dct/Fra/Fra_351_31.html
351;351_69;NIVEAU DE VIE;terme_generique;351_79;POUVOIR D'ACHAT;https://aciege.org/Dct/Fra/Fra_351_79.html
351;351_89;PAUVRETE;terme_generique;351_79;POUVOIR D'ACHAT;https://aciege.org/Dct/Fra/Fra_351_79.html
351;351_95;POLITIQUE DE L'EMPLOI;terme_generique;351_85;EMPLOI;https://aciege.org/Dct/Fra/Fra_351_85.html
351;351_95;POLITIQUE DE L'EMPLOI;terme_specifique;351_96;ECONOMIE SOUTERRAINE;https://aciege.org/Dct/Fra/Fra_351_96.html
351;351_17;POLITIQUE DE L'HABITAT;terme_generique;351_47;HABITAT;https://aciege.org/Dct/Fra/Fra_351_47.html
351;351_97;POLITIQUE SOCIALE;terme_generique;351_78;SITUATION SOCIALE;https://aciege.org/Dct/Fra/Fra_351_78.html
351;351_79;POUVOIR D'ACHAT;terme_generique;351_78;SITUATION SOCIALE;https://aciege.org/Dct/Fra/Fra_351_78.html
351;351_79;POUVOIR D'ACHAT;terme_specifique;351_69;NIVEAU DE VIE;https://aciege.org/Dct/Fra/Fra_351_69.html
351;351_79;POUVOIR D'ACHAT;terme_specifique;351_89;PAUVRETE;https://aciege.org/Dct/Fra/Fra_351_89.html
351;351_82;PRESTATION DE RETRAITE;terme_generique;351_62;PROTECTION SOCIALE;https://aciege.org/Dct/Fra/Fra_351_62.html
351;351_90;PRESTATION SOCIALE;terme_generique;351_62;PROTECTION SOCIALE;https://aciege.org/Dct/Fra/Fra_351_62.html
351;351_90;PRESTATION SOCIALE;employe_pour;Al_2427;Allocation familiale;https://aciege.org/Dct/Fra/Al_2427.html
351;351_90;PRESTATION SOCIALE;employe_pour;Re_3438;Revenu minimum d'insertion;https://aciege.org/Dct/Fra/Re_3438.html
351;351_62;PROTECTION SOCIALE;terme_generique;351_55;ENVIRONNEMENT SOCIAL;https://aciege.org/Dct/Fra/Fra_351_55.html
351;351_62;PROTECTION SOCIALE;terme_specifique;351_31;ASSURANCE;https://aciege.org/Dct/Fra/Fra_351_31.html
351;351_62;PROTECTION SOCIALE;terme_specifique;351_70;ASSURANCE ACCIDENT;https://aciege.org/Dct/Fra/Fra_351_70.html
351;351_62;PROTECTION SOCIALE;terme_specifique;351_40;ASSURANCE DEPENDANCE;https://aciege.org/Dct/Fra/Fra_351_40.html
351;351_62;PROTECTION SOCIALE;terme_specifique;351_50;ASSURANCE INVALIDITE;https://aciege.org/Dct/Fra/Fra_351_50.html
351;351_62;PROTECTION SOCIALE;terme_specifique;351_82;PRESTATION DE RETRAITE;https://aciege.org/Dct/Fra/Fra_351_82.html
351;351_62;PROTECTION SOCIALE;terme_specifique;351_90;PRESTATION SOCIALE;https://aciege.org/Dct/Fra/Fra_351_90.html
351;351_62;PROTECTION SOCIALE;terme_specifique;351_61;SECURITE SOCIALE;https://aciege.org/Dct/Fra/Fra_351_61.html
351;351_53;SANTE;terme_generique;351_55;ENVIRONNEMENT SOCIAL;https://aciege.org/Dct/Fra/Fra_351_55.html
351;351_53;SANTE;terme_specifique;351_12;ALCOOLISME;https://aciege.org/Dct/Fra/Fra_351_12.html
351;351_53;SANTE;terme_specifique;351_24;ALIMENTATION;https://aciege.org/Dct/Fra/Fra_351_24.html
351;351_53;SANTE;terme_specifique;351_14;DROGUE;https://aciege.org/Dct/Fra/Fra_351_14.html
351;351_53;SANTE;terme_specifique;351_04;HANDICAP;https://aciege.org/Dct/Fra/Fra_351_04.html
351;351_53;SANTE;terme_specifique;351_22;MALADIE PROFESSIONNELLE;https://aciege.org/Dct/Fra/Fra_351_22.html
351;351_53;SANTE;terme_specifique;351_03;MEDECINE DU TRAVAIL;https://aciege.org/Dct/Fra/Fra_351_03.html
351;351_53;SANTE;employe_pour;Sa_3486;Santé publique;https://aciege.org/Dct/Fra/Sa_3486.html
351;351_61;SECURITE SOCIALE;terme_generique;351_62;PROTECTION SOCIALE;https://aciege.org/Dct/Fra/Fra_351_62.html
351;351_78;SITUATION SOCIALE;terme_generique;351_55;ENVIRONNEMENT SOCIAL;https://aciege.org/Dct/Fra/Fra_351_55.html
351;351_78;SITUATION SOCIALE;terme_specifique;351_99;INEGALITE SOCIALE;https://aciege.org/Dct/Fra/Fra_351_99.html
351;351_78;SITUATION SOCIALE;terme_specifique;351_97;POLITIQUE SOCIALE;https://aciege.org/Dct/Fra/Fra_351_97.html
351;351_78;SITUATION SOCIALE;terme_specifique;351_79;POUVOIR D'ACHAT;https://aciege.org/Dct/Fra/Fra_351_79.html
351;351_78;SITUATION SOCIALE;terme_specifique;351_98;STATISTIQUES SOCIALES;https://aciege.org/Dct/Fra/Fra_351_98.html
351;351_98;STATISTIQUES SOCIALES;terme_generique;351_78;SITUATION SOCIALE;https://aciege.org/Dct/Fra/Fra_351_78.html
351;351_29;URBANISME;terme_generique;351_47;HABITAT;https://aciege.org/Dct/Fra/Fra_351_47.html
352;352_15;ADOLESCENT;terme_generique;352_35;CLASSE D'AGE;https://aciege.org/Dct/Fra/Fra_352_35.html
352;352_23;ADULTE;terme_generique;352_35;CLASSE D'AGE;https://aciege.org/Dct/Fra/Fra_352_35.html
352;352_67;CATEGORIE SOCIOPROFESSIONNELLE;terme_generique;352_56;POPULATION;https://aciege.org/Dct/Fra/Fra_352_56.html
352;352_67;CATEGORIE SOCIOPROFESSIONNELLE;employe_pour;CS_2553;CSP;https://aciege.org/Dct/Fra/CS_2553.html
352;352_67;CATEGORIE SOCIOPROFESSIONNELLE;employe_pour;PC_3280;PCS;https://aciege.org/Dct/Fra/PC_3280.html
352;352_67;CATEGORIE SOCIOPROFESSIONNELLE;employe_pour;Pr_3351;Professions et catégories socio-professionnelles;https://aciege.org/Dct/Fra/Pr_3351.html
352;352_35;CLASSE D'AGE;terme_generique;352_47;STRUCTURE DE LA POPULATION;https://aciege.org/Dct/Fra/Fra_352_47.html
352;352_35;CLASSE D'AGE;terme_specifique;352_15;ADOLESCENT;https://aciege.org/Dct/Fra/Fra_352_15.html
352;352_35;CLASSE D'AGE;terme_specifique;352_23;ADULTE;https://aciege.org/Dct/Fra/Fra_352_23.html
352;352_35;CLASSE D'AGE;terme_specifique;352_27;ENFANT;https://aciege.org/Dct/Fra/Fra_352_27.html
352;352_35;CLASSE D'AGE;terme_specifique;352_16;JEUNE;https://aciege.org/Dct/Fra/Fra_352_16.html
352;352_35;CLASSE D'AGE;terme_specifique;352_14;PERSONNE AGEE;https://aciege.org/Dct/Fra/Fra_352_14.html
352;352_35;CLASSE D'AGE;terme_specifique;352_13;SENIOR;https://aciege.org/Dct/Fra/Fra_352_13.html
352;352_55;DEMOGRAPHIE;terme_specifique;352_53;MOUVEMENT DEMOGRAPHIQUE;https://aciege.org/Dct/Fra/Fra_352_53.html
352;352_55;DEMOGRAPHIE;terme_specifique;352_56;POPULATION;https://aciege.org/Dct/Fra/Fra_352_56.html
352;352_55;DEMOGRAPHIE;terme_specifique;352_33;RECENSEMENT;https://aciege.org/Dct/Fra/Fra_352_33.html
352;352_71;EMIGRATION;terme_generique;352_73;MIGRATION;https://aciege.org/Dct/Fra/Fra_352_73.html
352;352_71;EMIGRATION;terme_specifique;352_70;MOBILITE INTERNATIONALE;https://aciege.org/Dct/Fra/Fra_352_70.html
352;352_27;ENFANT;terme_generique;352_35;CLASSE D'AGE;https://aciege.org/Dct/Fra/Fra_352_35.html
352;352_08;FAMILLE;terme_generique;352_28;MENAGE;https://aciege.org/Dct/Fra/Fra_352_28.html
352;352_21;FECONDITE;terme_generique;352_53;MOUVEMENT DEMOGRAPHIQUE;https://aciege.org/Dct/Fra/Fra_352_53.html
352;352_21;FECONDITE;employe_pour;Co_2690;Contrôle des naissances;https://aciege.org/Dct/Fra/Co_2690.html
352;352_21;FECONDITE;employe_pour;Ge_2925;Gestation pour autrui;https://aciege.org/Dct/Fra/Ge_2925.html
352;352_21;FECONDITE;employe_pour;Pl_3321;Planning familial;https://aciege.org/Dct/Fra/Pl_3321.html
352;352_21;FECONDITE;employe_pour;Pr_3350;Procréation médicalement assistée;https://aciege.org/Dct/Fra/Pr_3350.html
352;352_29;FEMME;terme_generique;352_47;STRUCTURE DE LA POPULATION;https://aciege.org/Dct/Fra/Fra_352_47.html
352;352_39;HOMME;terme_generique;352_47;STRUCTURE DE LA POPULATION;https://aciege.org/Dct/Fra/Fra_352_47.html
352;352_91;IMMIGRATION;terme_generique;352_73;MIGRATION;https://aciege.org/Dct/Fra/Fra_352_73.html
352;352_91;IMMIGRATION;terme_specifique;352_80;TRAVAILLEUR ETRANGER;https://aciege.org/Dct/Fra/Fra_352_80.html
352;352_16;JEUNE;terme_generique;352_35;CLASSE D'AGE;https://aciege.org/Dct/Fra/Fra_352_35.html
352;352_16;JEUNE;employe_pour;Ge_2957;Génération Y;https://aciege.org/Dct/Fra/Ge_2957.html
352;352_28;MENAGE;terme_generique;352_47;STRUCTURE DE LA POPULATION;https://aciege.org/Dct/Fra/Fra_352_47.html
352;352_28;MENAGE;terme_specifique;352_08;FAMILLE;https://aciege.org/Dct/Fra/Fra_352_08.html
352;352_73;MIGRATION;terme_generique;352_53;MOUVEMENT DEMOGRAPHIQUE;https://aciege.org/Dct/Fra/Fra_352_53.html
352;352_73;MIGRATION;terme_specifique;352_71;EMIGRATION;https://aciege.org/Dct/Fra/Fra_352_71.html
352;352_73;MIGRATION;terme_specifique;352_91;IMMIGRATION;https://aciege.org/Dct/Fra/Fra_352_91.html
352;352_73;MIGRATION;terme_specifique;352_93;MIGRATION INTERIEURE;https://aciege.org/Dct/Fra/Fra_352_93.html
352;352_73;MIGRATION;terme_specifique;352_60;MOBILITE PROFESSIONNELLE;https://aciege.org/Dct/Fra/Fra_352_60.html
352;352_93;MIGRATION INTERIEURE;terme_generique;352_73;MIGRATION;https://aciege.org/Dct/Fra/Fra_352_73.html
352;352_46;MINORITE;terme_generique;352_56;POPULATION;https://aciege.org/Dct/Fra/Fra_352_56.html
352;352_70;MOBILITE INTERNATIONALE;terme_generique;352_71;EMIGRATION;https://aciege.org/Dct/Fra/Fra_352_71.html
352;352_70;MOBILITE INTERNATIONALE;employe_pour;Em_2822;Emploi à l'étranger;https://aciege.org/Dct/Fra/Em_2822.html
352;352_70;MOBILITE INTERNATIONALE;employe_pour;Ex_2867;Expatriation;https://aciege.org/Dct/Fra/Ex_2867.html
352;352_60;MOBILITE PROFESSIONNELLE;terme_generique;352_73;MIGRATION;https://aciege.org/Dct/Fra/Fra_352_73.html
352;352_60;MOBILITE PROFESSIONNELLE;employe_pour;Mo_3196;Mobilité de la main d'oeuvre;https://aciege.org/Dct/Fra/Mo_3196.html
352;352_62;MOBILITE SOCIALE;terme_generique;352_53;MOUVEMENT DEMOGRAPHIQUE;https://aciege.org/Dct/Fra/Fra_352_53.html
352;352_51;MORTALITE;terme_generique;352_53;MOUVEMENT DEMOGRAPHIQUE;https://aciege.org/Dct/Fra/Fra_352_53.html
352;352_51;MORTALITE;employe_pour;Es_2856;Espérance de vie;https://aciege.org/Dct/Fra/Es_2856.html
352;352_53;MOUVEMENT DEMOGRAPHIQUE;terme_generique;352_55;DEMOGRAPHIE;https://aciege.org/Dct/Fra/Fra_352_55.html
352;352_53;MOUVEMENT DEMOGRAPHIQUE;terme_specifique;352_21;FECONDITE;https://aciege.org/Dct/Fra/Fra_352_21.html
352;352_53;MOUVEMENT DEMOGRAPHIQUE;terme_specifique;352_73;MIGRATION;https://aciege.org/Dct/Fra/Fra_352_73.html
352;352_53;MOUVEMENT DEMOGRAPHIQUE;terme_specifique;352_62;MOBILITE SOCIALE;https://aciege.org/Dct/Fra/Fra_352_62.html
352;352_53;MOUVEMENT DEMOGRAPHIQUE;terme_specifique;352_51;MORTALITE;https://aciege.org/Dct/Fra/Fra_352_51.html
352;352_53;MOUVEMENT DEMOGRAPHIQUE;terme_specifique;352_41;NATALITE;https://aciege.org/Dct/Fra/Fra_352_41.html
352;352_53;MOUVEMENT DEMOGRAPHIQUE;terme_specifique;352_31;NUPTIALITE;https://aciege.org/Dct/Fra/Fra_352_31.html
352;352_41;NATALITE;terme_generique;352_53;MOUVEMENT DEMOGRAPHIQUE;https://aciege.org/Dct/Fra/Fra_352_53.html
352;352_31;NUPTIALITE;terme_generique;352_53;MOUVEMENT DEMOGRAPHIQUE;https://aciege.org/Dct/Fra/Fra_352_53.html
352;352_14;PERSONNE AGEE;terme_generique;352_35;CLASSE D'AGE;https://aciege.org/Dct/Fra/Fra_352_35.html
352;352_14;PERSONNE AGEE;employe_pour;Tr_3592;Troisième âge;https://aciege.org/Dct/Fra/Tr_3592.html
352;352_56;POPULATION;terme_generique;352_55;DEMOGRAPHIE;https://aciege.org/Dct/Fra/Fra_352_55.html
352;352_56;POPULATION;terme_specifique;352_67;CATEGORIE SOCIOPROFESSIONNELLE;https://aciege.org/Dct/Fra/Fra_352_67.html
352;352_56;POPULATION;terme_specifique;352_46;MINORITE;https://aciege.org/Dct/Fra/Fra_352_46.html
352;352_56;POPULATION;terme_specifique;352_95;POPULATION RURALE;https://aciege.org/Dct/Fra/Fra_352_95.html
352;352_56;POPULATION;terme_specifique;352_75;POPULATION URBAINE;https://aciege.org/Dct/Fra/Fra_352_75.html
352;352_56;POPULATION;terme_specifique;352_47;STRUCTURE DE LA POPULATION;https://aciege.org/Dct/Fra/Fra_352_47.html
352;352_58;POPULATION ACTIVE;terme_generique;352_47;STRUCTURE DE LA POPULATION;https://aciege.org/Dct/Fra/Fra_352_47.html
352;352_59;POPULATION INACTIVE;terme_generique;352_47;STRUCTURE DE LA POPULATION;https://aciege.org/Dct/Fra/Fra_352_47.html
352;352_59;POPULATION INACTIVE;employe_pour;Re_3437;Retraité;https://aciege.org/Dct/Fra/Re_3437.html
352;352_95;POPULATION RURALE;terme_generique;352_56;POPULATION;https://aciege.org/Dct/Fra/Fra_352_56.html
352;352_75;POPULATION URBAINE;terme_generique;352_56;POPULATION;https://aciege.org/Dct/Fra/Fra_352_56.html
352;352_33;RECENSEMENT;terme_generique;352_55;DEMOGRAPHIE;https://aciege.org/Dct/Fra/Fra_352_55.html
352;352_13;SENIOR;terme_generique;352_35;CLASSE D'AGE;https://aciege.org/Dct/Fra/Fra_352_35.html
352;352_47;STRUCTURE DE LA POPULATION;terme_generique;352_56;POPULATION;https://aciege.org/Dct/Fra/Fra_352_56.html
352;352_47;STRUCTURE DE LA POPULATION;terme_specifique;352_35;CLASSE D'AGE;https://aciege.org/Dct/Fra/Fra_352_35.html
352;352_47;STRUCTURE DE LA POPULATION;terme_specifique;352_29;FEMME;https://aciege.org/Dct/Fra/Fra_352_29.html
352;352_47;STRUCTURE DE LA POPULATION;terme_specifique;352_39;HOMME;https://aciege.org/Dct/Fra/Fra_352_39.html
352;352_47;STRUCTURE DE LA POPULATION;terme_specifique;352_28;MENAGE;https://aciege.org/Dct/Fra/Fra_352_28.html
352;352_47;STRUCTURE DE LA POPULATION;terme_specifique;352_58;POPULATION ACTIVE;https://aciege.org/Dct/Fra/Fra_352_58.html
352;352_47;STRUCTURE DE LA POPULATION;terme_specifique;352_59;POPULATION INACTIVE;https://aciege.org/Dct/Fra/Fra_352_59.html
352;352_80;TRAVAILLEUR ETRANGER;terme_generique;352_91;IMMIGRATION;https://aciege.org/Dct/Fra/Fra_352_91.html
361;361_83;ARCHITECTURE;terme_generique;361_63;ART;https://aciege.org/Dct/Fra/Fra_361_63.html
361;361_63;ART;terme_generique;361_55;ENVIRONNEMENT CULTUREL ET ARTISTIQUE;https://aciege.org/Dct/Fra/Fra_361_55.html
361;361_63;ART;terme_specifique;361_83;ARCHITECTURE;https://aciege.org/Dct/Fra/Fra_361_83.html
361;361_63;ART;terme_specifique;361_93;ARTS GRAPHIQUES;https://aciege.org/Dct/Fra/Fra_361_93.html
361;361_63;ART;terme_specifique;361_92;ARTS PLASTIQUES;https://aciege.org/Dct/Fra/Fra_361_92.html
361;361_63;ART;terme_specifique;361_81;CINEMA;https://aciege.org/Dct/Fra/Fra_361_81.html
361;361_63;ART;terme_specifique;361_61;LITTERATURE;https://aciege.org/Dct/Fra/Fra_361_61.html
361;361_63;ART;terme_specifique;361_84;MUSIQUE;https://aciege.org/Dct/Fra/Fra_361_84.html
361;361_63;ART;terme_specifique;361_91;PHOTOGRAPHIE;https://aciege.org/Dct/Fra/Fra_361_91.html
361;361_63;ART;terme_specifique;361_74;SPECTACLE;https://aciege.org/Dct/Fra/Fra_361_74.html
361;361_93;ARTS GRAPHIQUES;terme_generique;361_63;ART;https://aciege.org/Dct/Fra/Fra_361_63.html
361;361_92;ARTS PLASTIQUES;terme_generique;361_63;ART;https://aciege.org/Dct/Fra/Fra_361_63.html
361;361_80;BANDE DESSINEE;terme_generique;361_61;LITTERATURE;https://aciege.org/Dct/Fra/Fra_361_61.html
361;361_50;BIOGRAPHIE;terme_generique;361_61;LITTERATURE;https://aciege.org/Dct/Fra/Fra_361_61.html
361;361_81;CINEMA;terme_generique;361_63;ART;https://aciege.org/Dct/Fra/Fra_361_63.html
361;361_20;CONTE;terme_generique;361_61;LITTERATURE;https://aciege.org/Dct/Fra/Fra_361_61.html
361;361_66;CULTURE;terme_generique;361_55;ENVIRONNEMENT CULTUREL ET ARTISTIQUE;https://aciege.org/Dct/Fra/Fra_361_55.html
361;361_66;CULTURE;terme_specifique;361_87;ETABLISSEMENT CULTUREL;https://aciege.org/Dct/Fra/Fra_361_87.html
361;361_66;CULTURE;terme_specifique;361_78;PATRIMOINE CULTUREL;https://aciege.org/Dct/Fra/Fra_361_78.html
361;361_66;CULTURE;terme_specifique;361_68;POLITIQUE CULTURELLE;https://aciege.org/Dct/Fra/Fra_361_68.html
361;361_66;CULTURE;terme_specifique;361_57;RELIGION;https://aciege.org/Dct/Fra/Fra_361_57.html
361;361_66;CULTURE;employe_pour;Ci_2620;Civilisation;https://aciege.org/Dct/Fra/Ci_2620.html
361;361_66;CULTURE;employe_pour;My_3207;Mythologie;https://aciege.org/Dct/Fra/My_3207.html
361;361_55;ENVIRONNEMENT CULTUREL ET ARTISTIQUE;terme_specifique;361_63;ART;https://aciege.org/Dct/Fra/Fra_361_63.html
361;361_55;ENVIRONNEMENT CULTUREL ET ARTISTIQUE;terme_specifique;361_66;CULTURE;https://aciege.org/Dct/Fra/Fra_361_66.html
361;361_55;ENVIRONNEMENT CULTUREL ET ARTISTIQUE;terme_specifique;361_38;LOISIR;https://aciege.org/Dct/Fra/Fra_361_38.html
361;361_55;ENVIRONNEMENT CULTUREL ET ARTISTIQUE;terme_specifique;361_42;SPORT;https://aciege.org/Dct/Fra/Fra_361_42.html
361;361_55;ENVIRONNEMENT CULTUREL ET ARTISTIQUE;terme_specifique;361_45;TOURISME;https://aciege.org/Dct/Fra/Fra_361_45.html
361;361_60;ESSAI LITTERAIRE;terme_generique;361_61;LITTERATURE;https://aciege.org/Dct/Fra/Fra_361_61.html
361;361_87;ETABLISSEMENT CULTUREL;terme_generique;361_66;CULTURE;https://aciege.org/Dct/Fra/Fra_361_66.html
361;361_87;ETABLISSEMENT CULTUREL;terme_specifique;361_88;MUSEE;https://aciege.org/Dct/Fra/Fra_361_88.html
361;361_18;JEU;terme_generique;361_38;LOISIR;https://aciege.org/Dct/Fra/Fra_361_38.html
361;361_61;LITTERATURE;terme_generique;361_63;ART;https://aciege.org/Dct/Fra/Fra_361_63.html
361;361_61;LITTERATURE;terme_specifique;361_80;BANDE DESSINEE;https://aciege.org/Dct/Fra/Fra_361_80.html
361;361_61;LITTERATURE;terme_specifique;361_50;BIOGRAPHIE;https://aciege.org/Dct/Fra/Fra_361_50.html
361;361_61;LITTERATURE;terme_specifique;361_20;CONTE;https://aciege.org/Dct/Fra/Fra_361_20.html
361;361_61;LITTERATURE;terme_specifique;361_60;ESSAI LITTERAIRE;https://aciege.org/Dct/Fra/Fra_361_60.html
361;361_61;LITTERATURE;terme_specifique;361_40;NOUVELLE;https://aciege.org/Dct/Fra/Fra_361_40.html
361;361_61;LITTERATURE;terme_specifique;361_30;PIECE DE THEATRE;https://aciege.org/Dct/Fra/Fra_361_30.html
361;361_61;LITTERATURE;terme_specifique;361_10;POEME;https://aciege.org/Dct/Fra/Fra_361_10.html
361;361_61;LITTERATURE;terme_specifique;361_70;ROMAN;https://aciege.org/Dct/Fra/Fra_361_70.html
361;361_38;LOISIR;terme_generique;361_55;ENVIRONNEMENT CULTUREL ET ARTISTIQUE;https://aciege.org/Dct/Fra/Fra_361_55.html
361;361_38;LOISIR;terme_specifique;361_18;JEU;https://aciege.org/Dct/Fra/Fra_361_18.html
361;361_88;MUSEE;terme_generique;361_87;ETABLISSEMENT CULTUREL;https://aciege.org/Dct/Fra/Fra_361_87.html
361;361_84;MUSIQUE;terme_generique;361_63;ART;https://aciege.org/Dct/Fra/Fra_361_63.html
361;361_40;NOUVELLE;terme_generique;361_61;LITTERATURE;https://aciege.org/Dct/Fra/Fra_361_61.html
361;361_78;PATRIMOINE CULTUREL;terme_generique;361_66;CULTURE;https://aciege.org/Dct/Fra/Fra_361_66.html
361;361_91;PHOTOGRAPHIE;terme_generique;361_63;ART;https://aciege.org/Dct/Fra/Fra_361_63.html
361;361_30;PIECE DE THEATRE;terme_generique;361_61;LITTERATURE;https://aciege.org/Dct/Fra/Fra_361_61.html
361;361_10;POEME;terme_generique;361_61;LITTERATURE;https://aciege.org/Dct/Fra/Fra_361_61.html
361;361_68;POLITIQUE CULTURELLE;terme_generique;361_66;CULTURE;https://aciege.org/Dct/Fra/Fra_361_66.html
361;361_57;RELIGION;terme_generique;361_66;CULTURE;https://aciege.org/Dct/Fra/Fra_361_66.html
361;361_57;RELIGION;employe_pour;Eg_2818;Eglise;https://aciege.org/Dct/Fra/Eg_2818.html
361;361_70;ROMAN;terme_generique;361_61;LITTERATURE;https://aciege.org/Dct/Fra/Fra_361_61.html
361;361_74;SPECTACLE;terme_generique;361_63;ART;https://aciege.org/Dct/Fra/Fra_361_63.html
361;361_74;SPECTACLE;employe_pour;Th_3567;Théâtre;https://aciege.org/Dct/Fra/Th_3567.html
361;361_42;SPORT;terme_generique;361_55;ENVIRONNEMENT CULTUREL ET ARTISTIQUE;https://aciege.org/Dct/Fra/Fra_361_55.html
361;361_42;SPORT;employe_pour;Je_3097;Jeux olympiques;https://aciege.org/Dct/Fra/Je_3097.html
361;361_42;SPORT;employe_pour;Sp_3512;Sports d'hiver;https://aciege.org/Dct/Fra/Sp_3512.html
361;361_45;TOURISME;terme_generique;361_55;ENVIRONNEMENT CULTUREL ET ARTISTIQUE;https://aciege.org/Dct/Fra/Fra_361_55.html
361;361_45;TOURISME;terme_specifique;361_25;VOYAGE;https://aciege.org/Dct/Fra/Fra_361_25.html
361;361_25;VOYAGE;terme_generique;361_45;TOURISME;https://aciege.org/Dct/Fra/Fra_361_45.html
361;361_25;VOYAGE;terme_specifique;361_16;VOYAGE D'AFFAIRES;https://aciege.org/Dct/Fra/Fra_361_16.html
361;361_25;VOYAGE;terme_specifique;361_15;VOYAGE TOURISTIQUE;https://aciege.org/Dct/Fra/Fra_361_15.html
361;361_16;VOYAGE D'AFFAIRES;terme_generique;361_25;VOYAGE;https://aciege.org/Dct/Fra/Fra_361_25.html
361;361_15;VOYAGE TOURISTIQUE;terme_generique;361_25;VOYAGE;https://aciege.org/Dct/Fra/Fra_361_25.html
362;362_52;BIODIVERSITE;terme_generique;362_62;BIOLOGIE;https://aciege.org/Dct/Fra/Fra_362_62.html
362;362_08;BIOETHIQUE;terme_generique;362_18;ETHIQUE;https://aciege.org/Dct/Fra/Fra_362_18.html
362;362_62;BIOLOGIE;terme_generique;362_55;ENVIRONNEMENT SCIENTIFIQUE;https://aciege.org/Dct/Fra/Fra_362_55.html
362;362_62;BIOLOGIE;terme_specifique;362_52;BIODIVERSITE;https://aciege.org/Dct/Fra/Fra_362_52.html
362;362_62;BIOLOGIE;terme_specifique;362_71;PHYSIOLOGIE;https://aciege.org/Dct/Fra/Fra_362_71.html
362;362_73;CHIMIE;terme_generique;362_55;ENVIRONNEMENT SCIENTIFIQUE;https://aciege.org/Dct/Fra/Fra_362_55.html
362;362_80;CORPS HUMAIN;terme_generique;362_71;PHYSIOLOGIE;https://aciege.org/Dct/Fra/Fra_362_71.html
362;362_19;DOCTRINE;terme_generique;362_28;PHILOSOPHIE;https://aciege.org/Dct/Fra/Fra_362_28.html
362;362_55;ENVIRONNEMENT SCIENTIFIQUE;terme_specifique;362_62;BIOLOGIE;https://aciege.org/Dct/Fra/Fra_362_62.html
362;362_55;ENVIRONNEMENT SCIENTIFIQUE;terme_specifique;362_73;CHIMIE;https://aciege.org/Dct/Fra/Fra_362_73.html
362;362_55;ENVIRONNEMENT SCIENTIFIQUE;terme_specifique;362_44;EPISTEMOLOGIE;https://aciege.org/Dct/Fra/Fra_362_44.html
362;362_55;ENVIRONNEMENT SCIENTIFIQUE;terme_specifique;362_68;GEOGRAPHIE;https://aciege.org/Dct/Fra/Fra_362_68.html
362;362_55;ENVIRONNEMENT SCIENTIFIQUE;terme_specifique;362_77;GEOLOGIE;https://aciege.org/Dct/Fra/Fra_362_77.html
362;362_55;ENVIRONNEMENT SCIENTIFIQUE;terme_specifique;362_63;MEDECINE;https://aciege.org/Dct/Fra/Fra_362_63.html
362;362_55;ENVIRONNEMENT SCIENTIFIQUE;terme_specifique;362_64;NEUROSCIENCES;https://aciege.org/Dct/Fra/Fra_362_64.html
362;362_55;ENVIRONNEMENT SCIENTIFIQUE;terme_specifique;362_75;PHYSIQUE;https://aciege.org/Dct/Fra/Fra_362_75.html
362;362_55;ENVIRONNEMENT SCIENTIFIQUE;terme_specifique;362_47;POLITIQUE SCIENTIFIQUE;https://aciege.org/Dct/Fra/Fra_362_47.html
362;362_55;ENVIRONNEMENT SCIENTIFIQUE;terme_specifique;362_43;SCIENCE COGNITIVE;https://aciege.org/Dct/Fra/Fra_362_43.html
362;362_55;ENVIRONNEMENT SCIENTIFIQUE;terme_specifique;362_35;SCIENCES HUMAINES ET SOCIALES;https://aciege.org/Dct/Fra/Fra_362_35.html
362;362_55;ENVIRONNEMENT SCIENTIFIQUE;employe_pour;Sc_3491;Sciences;https://aciege.org/Dct/Fra/Sc_3491.html
362;362_44;EPISTEMOLOGIE;terme_generique;362_55;ENVIRONNEMENT SCIENTIFIQUE;https://aciege.org/Dct/Fra/Fra_362_55.html
362;362_18;ETHIQUE;terme_generique;362_28;PHILOSOPHIE;https://aciege.org/Dct/Fra/Fra_362_28.html
362;362_18;ETHIQUE;terme_specifique;362_08;BIOETHIQUE;https://aciege.org/Dct/Fra/Fra_362_08.html
362;362_18;ETHIQUE;employe_pour;Mo_3202;Morale;https://aciege.org/Dct/Fra/Mo_3202.html
362;362_68;GEOGRAPHIE;terme_generique;362_55;ENVIRONNEMENT SCIENTIFIQUE;https://aciege.org/Dct/Fra/Fra_362_55.html
362;362_77;GEOLOGIE;terme_generique;362_55;ENVIRONNEMENT SCIENTIFIQUE;https://aciege.org/Dct/Fra/Fra_362_55.html
362;362_22;HISTOIRE;terme_generique;362_35;SCIENCES HUMAINES ET SOCIALES;https://aciege.org/Dct/Fra/Fra_362_35.html
362;362_33;INTELLIGENCE COLLECTIVE;terme_generique;362_43;SCIENCE COGNITIVE;https://aciege.org/Dct/Fra/Fra_362_43.html
362;362_25;LINGUISTIQUE;terme_generique;362_35;SCIENCES HUMAINES ET SOCIALES;https://aciege.org/Dct/Fra/Fra_362_35.html
362;362_25;LINGUISTIQUE;terme_specifique;362_15;SEMIOLOGIE;https://aciege.org/Dct/Fra/Fra_362_15.html
362;362_25;LINGUISTIQUE;employe_pour;La_3106;Langage;https://aciege.org/Dct/Fra/La_3106.html
362;362_63;MEDECINE;terme_generique;362_55;ENVIRONNEMENT SCIENTIFIQUE;https://aciege.org/Dct/Fra/Fra_362_55.html
362;362_64;NEUROSCIENCES;terme_generique;362_55;ENVIRONNEMENT SCIENTIFIQUE;https://aciege.org/Dct/Fra/Fra_362_55.html
362;362_28;PHILOSOPHIE;terme_generique;362_35;SCIENCES HUMAINES ET SOCIALES;https://aciege.org/Dct/Fra/Fra_362_35.html
362;362_28;PHILOSOPHIE;terme_specifique;362_19;DOCTRINE;https://aciege.org/Dct/Fra/Fra_362_19.html
362;362_28;PHILOSOPHIE;terme_specifique;362_18;ETHIQUE;https://aciege.org/Dct/Fra/Fra_362_18.html
362;362_28;PHILOSOPHIE;employe_pour;De_2787;Déterminisme;https://aciege.org/Dct/Fra/De_2787.html
362;362_28;PHILOSOPHIE;employe_pour;Pr_3336;Praxéologie;https://aciege.org/Dct/Fra/Pr_3336.html
362;362_71;PHYSIOLOGIE;terme_generique;362_62;BIOLOGIE;https://aciege.org/Dct/Fra/Fra_362_62.html
362;362_71;PHYSIOLOGIE;terme_specifique;362_80;CORPS HUMAIN;https://aciege.org/Dct/Fra/Fra_362_80.html
362;362_75;PHYSIQUE;terme_generique;362_55;ENVIRONNEMENT SCIENTIFIQUE;https://aciege.org/Dct/Fra/Fra_362_55.html
362;362_47;POLITIQUE SCIENTIFIQUE;terme_generique;362_55;ENVIRONNEMENT SCIENTIFIQUE;https://aciege.org/Dct/Fra/Fra_362_55.html
362;362_43;SCIENCE COGNITIVE;terme_generique;362_55;ENVIRONNEMENT SCIENTIFIQUE;https://aciege.org/Dct/Fra/Fra_362_55.html
362;362_43;SCIENCE COGNITIVE;terme_specifique;362_33;INTELLIGENCE COLLECTIVE;https://aciege.org/Dct/Fra/Fra_362_33.html
362;362_43;SCIENCE COGNITIVE;employe_pour;Co_2678;Connaissance;https://aciege.org/Dct/Fra/Co_2678.html
362;362_43;SCIENCE COGNITIVE;employe_pour;Th_3560;Théorie de l'apprentissage;https://aciege.org/Dct/Fra/Th_3560.html
362;362_35;SCIENCES HUMAINES ET SOCIALES;terme_generique;362_55;ENVIRONNEMENT SCIENTIFIQUE;https://aciege.org/Dct/Fra/Fra_362_55.html
362;362_35;SCIENCES HUMAINES ET SOCIALES;terme_specifique;362_22;HISTOIRE;https://aciege.org/Dct/Fra/Fra_362_22.html
362;362_35;SCIENCES HUMAINES ET SOCIALES;terme_specifique;362_25;LINGUISTIQUE;https://aciege.org/Dct/Fra/Fra_362_25.html
362;362_35;SCIENCES HUMAINES ET SOCIALES;terme_specifique;362_28;PHILOSOPHIE;https://aciege.org/Dct/Fra/Fra_362_28.html
362;362_15;SEMIOLOGIE;terme_generique;362_25;LINGUISTIQUE;https://aciege.org/Dct/Fra/Fra_362_25.html
362;362_15;SEMIOLOGIE;employe_pour;Se_3532;Sémiotique;https://aciege.org/Dct/Fra/Se_3532.html
410;410_01;ALLEMAND;terme_generique;410_00;LANGUE VIVANTE;https://aciege.org/Dct/Fra/Fra_410_00.html
410;410_02;ANGLAIS;terme_generique;410_00;LANGUE VIVANTE;https://aciege.org/Dct/Fra/Fra_410_00.html
410;410_03;ARABE;terme_generique;410_00;LANGUE VIVANTE;https://aciege.org/Dct/Fra/Fra_410_00.html
410;410_04;BULGARE;terme_generique;410_00;LANGUE VIVANTE;https://aciege.org/Dct/Fra/Fra_410_00.html
410;410_05;CHINOIS;terme_generique;410_00;LANGUE VIVANTE;https://aciege.org/Dct/Fra/Fra_410_00.html
410;410_05;CHINOIS;employe_pour;Ma_3153;Mandarin;https://aciege.org/Dct/Fra/Ma_3153.html
410;410_06;COREEN;terme_generique;410_00;LANGUE VIVANTE;https://aciege.org/Dct/Fra/Fra_410_00.html
410;410_07;CROATE;terme_generique;410_00;LANGUE VIVANTE;https://aciege.org/Dct/Fra/Fra_410_00.html
410;410_08;DANOIS;terme_generique;410_00;LANGUE VIVANTE;https://aciege.org/Dct/Fra/Fra_410_00.html
410;410_09;ESPAGNOL;terme_generique;410_00;LANGUE VIVANTE;https://aciege.org/Dct/Fra/Fra_410_00.html
410;410_09;ESPAGNOL;employe_pour;Ca_2577;Castillan;https://aciege.org/Dct/Fra/Ca_2577.html
410;410_09;ESPAGNOL;employe_pour;Ca_2578;Catalan;https://aciege.org/Dct/Fra/Ca_2578.html
410;410_10;ESTONIEN;terme_generique;410_00;LANGUE VIVANTE;https://aciege.org/Dct/Fra/Fra_410_00.html
410;410_11;FINNOIS;terme_generique;410_00;LANGUE VIVANTE;https://aciege.org/Dct/Fra/Fra_410_00.html
410;410_12;FRANCAIS;terme_generique;410_00;LANGUE VIVANTE;https://aciege.org/Dct/Fra/Fra_410_00.html
410;410_13;GREC;terme_generique;410_00;LANGUE VIVANTE;https://aciege.org/Dct/Fra/Fra_410_00.html
410;410_14;HEBREU;terme_generique;410_00;LANGUE VIVANTE;https://aciege.org/Dct/Fra/Fra_410_00.html
410;410_15;HINDI;terme_generique;410_00;LANGUE VIVANTE;https://aciege.org/Dct/Fra/Fra_410_00.html
410;410_16;HONGROIS;terme_generique;410_00;LANGUE VIVANTE;https://aciege.org/Dct/Fra/Fra_410_00.html
410;410_16;HONGROIS;employe_pour;Ma_3142;Magyar;https://aciege.org/Dct/Fra/Ma_3142.html
410;410_17;INDONESIEN;terme_generique;410_00;LANGUE VIVANTE;https://aciege.org/Dct/Fra/Fra_410_00.html
410;410_18;ISLANDAIS;terme_generique;410_00;LANGUE VIVANTE;https://aciege.org/Dct/Fra/Fra_410_00.html
410;410_19;ITALIEN;terme_generique;410_00;LANGUE VIVANTE;https://aciege.org/Dct/Fra/Fra_410_00.html
410;410_20;JAPONAIS;terme_generique;410_00;LANGUE VIVANTE;https://aciege.org/Dct/Fra/Fra_410_00.html
410;410_00;LANGUE VIVANTE;terme_specifique;410_01;ALLEMAND;https://aciege.org/Dct/Fra/Fra_410_01.html
410;410_00;LANGUE VIVANTE;terme_specifique;410_02;ANGLAIS;https://aciege.org/Dct/Fra/Fra_410_02.html
410;410_00;LANGUE VIVANTE;terme_specifique;410_03;ARABE;https://aciege.org/Dct/Fra/Fra_410_03.html
410;410_00;LANGUE VIVANTE;terme_specifique;410_04;BULGARE;https://aciege.org/Dct/Fra/Fra_410_04.html
410;410_00;LANGUE VIVANTE;terme_specifique;410_05;CHINOIS;https://aciege.org/Dct/Fra/Fra_410_05.html
410;410_00;LANGUE VIVANTE;terme_specifique;410_06;COREEN;https://aciege.org/Dct/Fra/Fra_410_06.html
410;410_00;LANGUE VIVANTE;terme_specifique;410_07;CROATE;https://aciege.org/Dct/Fra/Fra_410_07.html
410;410_00;LANGUE VIVANTE;terme_specifique;410_08;DANOIS;https://aciege.org/Dct/Fra/Fra_410_08.html
410;410_00;LANGUE VIVANTE;terme_specifique;410_09;ESPAGNOL;https://aciege.org/Dct/Fra/Fra_410_09.html
410;410_00;LANGUE VIVANTE;terme_specifique;410_10;ESTONIEN;https://aciege.org/Dct/Fra/Fra_410_10.html
410;410_00;LANGUE VIVANTE;terme_specifique;410_11;FINNOIS;https://aciege.org/Dct/Fra/Fra_410_11.html
410;410_00;LANGUE VIVANTE;terme_specifique;410_12;FRANCAIS;https://aciege.org/Dct/Fra/Fra_410_12.html
410;410_00;LANGUE VIVANTE;terme_specifique;410_13;GREC;https://aciege.org/Dct/Fra/Fra_410_13.html
410;410_00;LANGUE VIVANTE;terme_specifique;410_14;HEBREU;https://aciege.org/Dct/Fra/Fra_410_14.html
410;410_00;LANGUE VIVANTE;terme_specifique;410_15;HINDI;https://aciege.org/Dct/Fra/Fra_410_15.html
410;410_00;LANGUE VIVANTE;terme_specifique;410_16;HONGROIS;https://aciege.org/Dct/Fra/Fra_410_16.html
410;410_00;LANGUE VIVANTE;terme_specifique;410_17;INDONESIEN;https://aciege.org/Dct/Fra/Fra_410_17.html
410;410_00;LANGUE VIVANTE;terme_specifique;410_18;ISLANDAIS;https://aciege.org/Dct/Fra/Fra_410_18.html
410;410_00;LANGUE VIVANTE;terme_specifique;410_19;ITALIEN;https://aciege.org/Dct/Fra/Fra_410_19.html
410;410_00;LANGUE VIVANTE;terme_specifique;410_20;JAPONAIS;https://aciege.org/Dct/Fra/Fra_410_20.html
410;410_00;LANGUE VIVANTE;terme_specifique;410_21;LETTON;https://aciege.org/Dct/Fra/Fra_410_21.html
410;410_00;LANGUE VIVANTE;terme_specifique;410_22;LITUANIEN;https://aciege.org/Dct/Fra/Fra_410_22.html
410;410_00;LANGUE VIVANTE;terme_specifique;410_23;NEERLANDAIS;https://aciege.org/Dct/Fra/Fra_410_23.html
410;410_00;LANGUE VIVANTE;terme_specifique;410_24;NORVEGIEN;https://aciege.org/Dct/Fra/Fra_410_24.html
410;410_00;LANGUE VIVANTE;terme_specifique;410_25;POLONAIS;https://aciege.org/Dct/Fra/Fra_410_25.html
410;410_00;LANGUE VIVANTE;terme_specifique;410_26;PORTUGAIS;https://aciege.org/Dct/Fra/Fra_410_26.html
410;410_00;LANGUE VIVANTE;terme_specifique;410_27;ROUMAIN;https://aciege.org/Dct/Fra/Fra_410_27.html
410;410_00;LANGUE VIVANTE;terme_specifique;410_28;RUSSE;https://aciege.org/Dct/Fra/Fra_410_28.html
410;410_00;LANGUE VIVANTE;terme_specifique;410_29;SLOVAQUE;https://aciege.org/Dct/Fra/Fra_410_29.html
410;410_00;LANGUE VIVANTE;terme_specifique;410_30;SLOVENE;https://aciege.org/Dct/Fra/Fra_410_30.html
410;410_00;LANGUE VIVANTE;terme_specifique;410_31;SUEDOIS;https://aciege.org/Dct/Fra/Fra_410_31.html
410;410_00;LANGUE VIVANTE;terme_specifique;410_32;TCHEQUE;https://aciege.org/Dct/Fra/Fra_410_32.html
410;410_00;LANGUE VIVANTE;terme_specifique;410_33;TURC;https://aciege.org/Dct/Fra/Fra_410_33.html
410;410_00;LANGUE VIVANTE;terme_specifique;410_34;VIETNAMIEN;https://aciege.org/Dct/Fra/Fra_410_34.html
410;410_00;LANGUE VIVANTE;employe_pour;Ar_2464;Argot;https://aciege.org/Dct/Fra/Ar_2464.html
410;410_00;LANGUE VIVANTE;employe_pour;La_3108;Langue des signes;https://aciege.org/Dct/Fra/La_3108.html
410;410_00;LANGUE VIVANTE;employe_pour;La_3109;Langue régionale;https://aciege.org/Dct/Fra/La_3109.html
410;410_21;LETTON;terme_generique;410_00;LANGUE VIVANTE;https://aciege.org/Dct/Fra/Fra_410_00.html
410;410_22;LITUANIEN;terme_generique;410_00;LANGUE VIVANTE;https://aciege.org/Dct/Fra/Fra_410_00.html
410;410_23;NEERLANDAIS;terme_generique;410_00;LANGUE VIVANTE;https://aciege.org/Dct/Fra/Fra_410_00.html
410;410_23;NEERLANDAIS;employe_pour;Fl_2890;Flamand;https://aciege.org/Dct/Fra/Fl_2890.html
410;410_24;NORVEGIEN;terme_generique;410_00;LANGUE VIVANTE;https://aciege.org/Dct/Fra/Fra_410_00.html
410;410_25;POLONAIS;terme_generique;410_00;LANGUE VIVANTE;https://aciege.org/Dct/Fra/Fra_410_00.html
410;410_26;PORTUGAIS;terme_generique;410_00;LANGUE VIVANTE;https://aciege.org/Dct/Fra/Fra_410_00.html
410;410_27;ROUMAIN;terme_generique;410_00;LANGUE VIVANTE;https://aciege.org/Dct/Fra/Fra_410_00.html
410;410_28;RUSSE;terme_generique;410_00;LANGUE VIVANTE;https://aciege.org/Dct/Fra/Fra_410_00.html
410;410_29;SLOVAQUE;terme_generique;410_00;LANGUE VIVANTE;https://aciege.org/Dct/Fra/Fra_410_00.html
410;410_30;SLOVENE;terme_generique;410_00;LANGUE VIVANTE;https://aciege.org/Dct/Fra/Fra_410_00.html
410;410_31;SUEDOIS;terme_generique;410_00;LANGUE VIVANTE;https://aciege.org/Dct/Fra/Fra_410_00.html
410;410_32;TCHEQUE;terme_generique;410_00;LANGUE VIVANTE;https://aciege.org/Dct/Fra/Fra_410_00.html
410;410_33;TURC;terme_generique;410_00;LANGUE VIVANTE;https://aciege.org/Dct/Fra/Fra_410_00.html
410;410_34;VIETNAMIEN;terme_generique;410_00;LANGUE VIVANTE;https://aciege.org/Dct/Fra/Fra_410_00.html
411;411_28;ACCESSIBILITE;terme_generique;411_00;MOT OUTIL;https://aciege.org/Dct/Fra/Fra_411_00.html
411;411_02;ANALYSE;terme_generique;411_00;MOT OUTIL;https://aciege.org/Dct/Fra/Fra_411_00.html
411;411_29;BEAUTE;terme_generique;411_00;MOT OUTIL;https://aciege.org/Dct/Fra/Fra_411_00.html
411;411_31;BONHEUR;terme_generique;411_00;MOT OUTIL;https://aciege.org/Dct/Fra/Fra_411_00.html
411;411_03;CAS;terme_generique;411_00;MOT OUTIL;https://aciege.org/Dct/Fra/Fra_411_00.html
411;411_08;CHANGEMENT;terme_generique;411_00;MOT OUTIL;https://aciege.org/Dct/Fra/Fra_411_00.html
411;411_10;COMPARAISON;terme_generique;411_00;MOT OUTIL;https://aciege.org/Dct/Fra/Fra_411_00.html
411;411_09;COMPLEXITE;terme_generique;411_00;MOT OUTIL;https://aciege.org/Dct/Fra/Fra_411_00.html
411;411_12;CONCEPT;terme_generique;411_00;MOT OUTIL;https://aciege.org/Dct/Fra/Fra_411_00.html
411;411_14;CONFLIT;terme_generique;411_00;MOT OUTIL;https://aciege.org/Dct/Fra/Fra_411_00.html
411;411_15;CONSEQUENCE;terme_generique;411_00;MOT OUTIL;https://aciege.org/Dct/Fra/Fra_411_00.html
411;411_16;CONTROLE;terme_generique;411_00;MOT OUTIL;https://aciege.org/Dct/Fra/Fra_411_00.html
411;411_17;COURT TERME;terme_generique;411_00;MOT OUTIL;https://aciege.org/Dct/Fra/Fra_411_00.html
411;411_19;CROISSANCE;terme_generique;411_00;MOT OUTIL;https://aciege.org/Dct/Fra/Fra_411_00.html
411;411_61;DEMATERIALISATION;terme_generique;411_00;MOT OUTIL;https://aciege.org/Dct/Fra/Fra_411_00.html
411;411_21;EFFICACITE;terme_generique;411_00;MOT OUTIL;https://aciege.org/Dct/Fra/Fra_411_00.html
411;411_13;EGALITE;terme_generique;411_00;MOT OUTIL;https://aciege.org/Dct/Fra/Fra_411_00.html
411;411_22;ENVIRONNEMENT;terme_generique;411_00;MOT OUTIL;https://aciege.org/Dct/Fra/Fra_411_00.html
411;411_23;EVALUATION;terme_generique;411_00;MOT OUTIL;https://aciege.org/Dct/Fra/Fra_411_00.html
411;411_24;EVOLUTION;terme_generique;411_00;MOT OUTIL;https://aciege.org/Dct/Fra/Fra_411_00.html
411;411_25;EXPERTISE;terme_generique;411_00;MOT OUTIL;https://aciege.org/Dct/Fra/Fra_411_00.html
411;411_87;FLEXIBILITE;terme_generique;411_00;MOT OUTIL;https://aciege.org/Dct/Fra/Fra_411_00.html
411;411_06;FLUX;terme_generique;411_00;MOT OUTIL;https://aciege.org/Dct/Fra/Fra_411_00.html
411;411_26;FONCTIONNEMENT;terme_generique;411_00;MOT OUTIL;https://aciege.org/Dct/Fra/Fra_411_00.html
411;411_27;FRAIS;terme_generique;411_00;MOT OUTIL;https://aciege.org/Dct/Fra/Fra_411_00.html
411;411_18;GRATUITE;terme_generique;411_00;MOT OUTIL;https://aciege.org/Dct/Fra/Fra_411_00.html
411;411_30;GUERRE;terme_generique;411_00;MOT OUTIL;https://aciege.org/Dct/Fra/Fra_411_00.html
411;411_32;IMAGE;terme_generique;411_00;MOT OUTIL;https://aciege.org/Dct/Fra/Fra_411_00.html
411;411_33;IMPLANTATION;terme_generique;411_00;MOT OUTIL;https://aciege.org/Dct/Fra/Fra_411_00.html
411;411_34;INDICATEUR;terme_generique;411_00;MOT OUTIL;https://aciege.org/Dct/Fra/Fra_411_00.html
411;411_75;INFLUENCEUR;terme_generique;411_00;MOT OUTIL;https://aciege.org/Dct/Fra/Fra_411_00.html
411;411_36;INTERNATIONAL;terme_generique;411_00;MOT OUTIL;https://aciege.org/Dct/Fra/Fra_411_00.html
411;411_37;LIBERTE;terme_generique;411_00;MOT OUTIL;https://aciege.org/Dct/Fra/Fra_411_00.html
411;411_38;LONG TERME;terme_generique;411_00;MOT OUTIL;https://aciege.org/Dct/Fra/Fra_411_00.html
411;411_98;MESURE;terme_generique;411_00;MOT OUTIL;https://aciege.org/Dct/Fra/Fra_411_00.html
411;411_39;METHODE;terme_generique;411_00;MOT OUTIL;https://aciege.org/Dct/Fra/Fra_411_00.html
411;411_40;METHODOLOGIE;terme_generique;411_00;MOT OUTIL;https://aciege.org/Dct/Fra/Fra_411_00.html
411;411_42;MODELE;terme_generique;411_00;MOT OUTIL;https://aciege.org/Dct/Fra/Fra_411_00.html
411;411_94;MODERNISATION;terme_generique;411_00;MOT OUTIL;https://aciege.org/Dct/Fra/Fra_411_00.html
411;411_00;MOT OUTIL;terme_specifique;411_28;ACCESSIBILITE;https://aciege.org/Dct/Fra/Fra_411_28.html
411;411_00;MOT OUTIL;terme_specifique;411_02;ANALYSE;https://aciege.org/Dct/Fra/Fra_411_02.html
411;411_00;MOT OUTIL;terme_specifique;411_29;BEAUTE;https://aciege.org/Dct/Fra/Fra_411_29.html
411;411_00;MOT OUTIL;terme_specifique;411_31;BONHEUR;https://aciege.org/Dct/Fra/Fra_411_31.html
411;411_00;MOT OUTIL;terme_specifique;411_03;CAS;https://aciege.org/Dct/Fra/Fra_411_03.html
411;411_00;MOT OUTIL;terme_specifique;411_08;CHANGEMENT;https://aciege.org/Dct/Fra/Fra_411_08.html
411;411_00;MOT OUTIL;terme_specifique;411_10;COMPARAISON;https://aciege.org/Dct/Fra/Fra_411_10.html
411;411_00;MOT OUTIL;terme_specifique;411_09;COMPLEXITE;https://aciege.org/Dct/Fra/Fra_411_09.html
411;411_00;MOT OUTIL;terme_specifique;411_12;CONCEPT;https://aciege.org/Dct/Fra/Fra_411_12.html
411;411_00;MOT OUTIL;terme_specifique;411_14;CONFLIT;https://aciege.org/Dct/Fra/Fra_411_14.html
411;411_00;MOT OUTIL;terme_specifique;411_15;CONSEQUENCE;https://aciege.org/Dct/Fra/Fra_411_15.html
411;411_00;MOT OUTIL;terme_specifique;411_16;CONTROLE;https://aciege.org/Dct/Fra/Fra_411_16.html
411;411_00;MOT OUTIL;terme_specifique;411_17;COURT TERME;https://aciege.org/Dct/Fra/Fra_411_17.html
411;411_00;MOT OUTIL;terme_specifique;411_19;CROISSANCE;https://aciege.org/Dct/Fra/Fra_411_19.html
411;411_00;MOT OUTIL;terme_specifique;411_61;DEMATERIALISATION;https://aciege.org/Dct/Fra/Fra_411_61.html
411;411_00;MOT OUTIL;terme_specifique;411_21;EFFICACITE;https://aciege.org/Dct/Fra/Fra_411_21.html
411;411_00;MOT OUTIL;terme_specifique;411_13;EGALITE;https://aciege.org/Dct/Fra/Fra_411_13.html
411;411_00;MOT OUTIL;terme_specifique;411_22;ENVIRONNEMENT;https://aciege.org/Dct/Fra/Fra_411_22.html
411;411_00;MOT OUTIL;terme_specifique;411_23;EVALUATION;https://aciege.org/Dct/Fra/Fra_411_23.html
411;411_00;MOT OUTIL;terme_specifique;411_24;EVOLUTION;https://aciege.org/Dct/Fra/Fra_411_24.html
411;411_00;MOT OUTIL;terme_specifique;411_25;EXPERTISE;https://aciege.org/Dct/Fra/Fra_411_25.html
411;411_00;MOT OUTIL;terme_specifique;411_87;FLEXIBILITE;https://aciege.org/Dct/Fra/Fra_411_87.html
411;411_00;MOT OUTIL;terme_specifique;411_06;FLUX;https://aciege.org/Dct/Fra/Fra_411_06.html
411;411_00;MOT OUTIL;terme_specifique;411_26;FONCTIONNEMENT;https://aciege.org/Dct/Fra/Fra_411_26.html
411;411_00;MOT OUTIL;terme_specifique;411_27;FRAIS;https://aciege.org/Dct/Fra/Fra_411_27.html
411;411_00;MOT OUTIL;terme_specifique;411_18;GRATUITE;https://aciege.org/Dct/Fra/Fra_411_18.html
411;411_00;MOT OUTIL;terme_specifique;411_30;GUERRE;https://aciege.org/Dct/Fra/Fra_411_30.html
411;411_00;MOT OUTIL;terme_specifique;411_32;IMAGE;https://aciege.org/Dct/Fra/Fra_411_32.html
411;411_00;MOT OUTIL;terme_specifique;411_33;IMPLANTATION;https://aciege.org/Dct/Fra/Fra_411_33.html
411;411_00;MOT OUTIL;terme_specifique;411_34;INDICATEUR;https://aciege.org/Dct/Fra/Fra_411_34.html
411;411_00;MOT OUTIL;terme_specifique;411_75;INFLUENCEUR;https://aciege.org/Dct/Fra/Fra_411_75.html
411;411_00;MOT OUTIL;terme_specifique;411_36;INTERNATIONAL;https://aciege.org/Dct/Fra/Fra_411_36.html
411;411_00;MOT OUTIL;terme_specifique;411_37;LIBERTE;https://aciege.org/Dct/Fra/Fra_411_37.html
411;411_00;MOT OUTIL;terme_specifique;411_38;LONG TERME;https://aciege.org/Dct/Fra/Fra_411_38.html
411;411_00;MOT OUTIL;terme_specifique;411_98;MESURE;https://aciege.org/Dct/Fra/Fra_411_98.html
411;411_00;MOT OUTIL;terme_specifique;411_39;METHODE;https://aciege.org/Dct/Fra/Fra_411_39.html
411;411_00;MOT OUTIL;terme_specifique;411_40;METHODOLOGIE;https://aciege.org/Dct/Fra/Fra_411_40.html
411;411_00;MOT OUTIL;terme_specifique;411_42;MODELE;https://aciege.org/Dct/Fra/Fra_411_42.html
411;411_00;MOT OUTIL;terme_specifique;411_94;MODERNISATION;https://aciege.org/Dct/Fra/Fra_411_94.html
411;411_00;MOT OUTIL;terme_specifique;411_44;MOYEN TERME;https://aciege.org/Dct/Fra/Fra_411_44.html
411;411_00;MOT OUTIL;terme_specifique;411_46;OBJECTIF;https://aciege.org/Dct/Fra/Fra_411_46.html
411;411_00;MOT OUTIL;terme_specifique;411_50;ORGANISME;https://aciege.org/Dct/Fra/Fra_411_50.html
411;411_00;MOT OUTIL;terme_specifique;411_52;PAIX;https://aciege.org/Dct/Fra/Fra_411_52.html
411;411_00;MOT OUTIL;terme_specifique;411_54;PERFORMANCE;https://aciege.org/Dct/Fra/Fra_411_54.html
411;411_00;MOT OUTIL;terme_specifique;411_56;PERSPECTIVE;https://aciege.org/Dct/Fra/Fra_411_56.html
411;411_00;MOT OUTIL;terme_specifique;411_57;PLAN;https://aciege.org/Dct/Fra/Fra_411_57.html
411;411_00;MOT OUTIL;terme_specifique;411_88;PLANNING;https://aciege.org/Dct/Fra/Fra_411_88.html
411;411_00;MOT OUTIL;terme_specifique;411_58;PRECISION;https://aciege.org/Dct/Fra/Fra_411_58.html
411;411_00;MOT OUTIL;terme_specifique;411_43;PREVENTION;https://aciege.org/Dct/Fra/Fra_411_43.html
411;411_00;MOT OUTIL;terme_specifique;411_60;PROBLEME;https://aciege.org/Dct/Fra/Fra_411_60.html
411;411_00;MOT OUTIL;terme_specifique;411_11;PROCESSUS;https://aciege.org/Dct/Fra/Fra_411_11.html
411;411_00;MOT OUTIL;terme_specifique;411_62;PROGRAMME;https://aciege.org/Dct/Fra/Fra_411_62.html
411;411_00;MOT OUTIL;terme_specifique;411_63;PROJET;https://aciege.org/Dct/Fra/Fra_411_63.html
411;411_00;MOT OUTIL;terme_specifique;411_04;REFORME;https://aciege.org/Dct/Fra/Fra_411_04.html
411;411_00;MOT OUTIL;terme_specifique;411_20;REGULATION;https://aciege.org/Dct/Fra/Fra_411_20.html
411;411_00;MOT OUTIL;terme_specifique;411_01;RELATION;https://aciege.org/Dct/Fra/Fra_411_01.html
411;411_00;MOT OUTIL;terme_specifique;411_96;RESEAU;https://aciege.org/Dct/Fra/Fra_411_96.html
411;411_00;MOT OUTIL;terme_specifique;411_69;RESSOURCE;https://aciege.org/Dct/Fra/Fra_411_69.html
411;411_00;MOT OUTIL;terme_specifique;411_70;RESULTAT;https://aciege.org/Dct/Fra/Fra_411_70.html
411;411_00;MOT OUTIL;terme_specifique;411_71;RISQUE;https://aciege.org/Dct/Fra/Fra_411_71.html
411;411_00;MOT OUTIL;terme_specifique;411_07;SATISFACTION;https://aciege.org/Dct/Fra/Fra_411_07.html
411;411_00;MOT OUTIL;terme_specifique;411_99;SAVOIR-ETRE;https://aciege.org/Dct/Fra/Fra_411_99.html
411;411_00;MOT OUTIL;terme_specifique;411_95;SAVOIR FAIRE;https://aciege.org/Dct/Fra/Fra_411_95.html
411;411_00;MOT OUTIL;terme_specifique;411_86;SECTEUR D'ACTIVITE;https://aciege.org/Dct/Fra/Fra_411_86.html
411;411_00;MOT OUTIL;terme_specifique;411_72;SERVICE;https://aciege.org/Dct/Fra/Fra_411_72.html
411;411_00;MOT OUTIL;terme_specifique;411_05;SIGLE;https://aciege.org/Dct/Fra/Fra_411_05.html
411;411_00;MOT OUTIL;terme_specifique;411_73;SIMULATION;https://aciege.org/Dct/Fra/Fra_411_73.html
411;411_00;MOT OUTIL;terme_specifique;411_76;SYMBOLE;https://aciege.org/Dct/Fra/Fra_411_76.html
411;411_00;MOT OUTIL;terme_specifique;411_97;TAUX;https://aciege.org/Dct/Fra/Fra_411_97.html
411;411_00;MOT OUTIL;terme_specifique;411_78;TECHNIQUE;https://aciege.org/Dct/Fra/Fra_411_78.html
411;411_00;MOT OUTIL;terme_specifique;411_79;TEMPORAIRE;https://aciege.org/Dct/Fra/Fra_411_79.html
411;411_00;MOT OUTIL;terme_specifique;411_80;TEMPS;https://aciege.org/Dct/Fra/Fra_411_80.html
411;411_00;MOT OUTIL;terme_specifique;411_77;TENDANCE;https://aciege.org/Dct/Fra/Fra_411_77.html
411;411_00;MOT OUTIL;terme_specifique;411_82;THEORIE;https://aciege.org/Dct/Fra/Fra_411_82.html
411;411_00;MOT OUTIL;terme_specifique;411_83;TYPOLOGIE;https://aciege.org/Dct/Fra/Fra_411_83.html
411;411_00;MOT OUTIL;terme_specifique;411_84;USAGER;https://aciege.org/Dct/Fra/Fra_411_84.html
411;411_44;MOYEN TERME;terme_generique;411_00;MOT OUTIL;https://aciege.org/Dct/Fra/Fra_411_00.html
411;411_46;OBJECTIF;terme_generique;411_00;MOT OUTIL;https://aciege.org/Dct/Fra/Fra_411_00.html
411;411_50;ORGANISME;terme_generique;411_00;MOT OUTIL;https://aciege.org/Dct/Fra/Fra_411_00.html
411;411_52;PAIX;terme_generique;411_00;MOT OUTIL;https://aciege.org/Dct/Fra/Fra_411_00.html
411;411_54;PERFORMANCE;terme_generique;411_00;MOT OUTIL;https://aciege.org/Dct/Fra/Fra_411_00.html
411;411_56;PERSPECTIVE;terme_generique;411_00;MOT OUTIL;https://aciege.org/Dct/Fra/Fra_411_00.html
411;411_57;PLAN;terme_generique;411_00;MOT OUTIL;https://aciege.org/Dct/Fra/Fra_411_00.html
411;411_88;PLANNING;terme_generique;411_00;MOT OUTIL;https://aciege.org/Dct/Fra/Fra_411_00.html
411;411_58;PRECISION;terme_generique;411_00;MOT OUTIL;https://aciege.org/Dct/Fra/Fra_411_00.html
411;411_43;PREVENTION;terme_generique;411_00;MOT OUTIL;https://aciege.org/Dct/Fra/Fra_411_00.html
411;411_60;PROBLEME;terme_generique;411_00;MOT OUTIL;https://aciege.org/Dct/Fra/Fra_411_00.html
411;411_11;PROCESSUS;terme_generique;411_00;MOT OUTIL;https://aciege.org/Dct/Fra/Fra_411_00.html
411;411_62;PROGRAMME;terme_generique;411_00;MOT OUTIL;https://aciege.org/Dct/Fra/Fra_411_00.html
411;411_63;PROJET;terme_generique;411_00;MOT OUTIL;https://aciege.org/Dct/Fra/Fra_411_00.html
411;411_04;REFORME;terme_generique;411_00;MOT OUTIL;https://aciege.org/Dct/Fra/Fra_411_00.html
411;411_20;REGULATION;terme_generique;411_00;MOT OUTIL;https://aciege.org/Dct/Fra/Fra_411_00.html
411;411_01;RELATION;terme_generique;411_00;MOT OUTIL;https://aciege.org/Dct/Fra/Fra_411_00.html
411;411_96;RESEAU;terme_generique;411_00;MOT OUTIL;https://aciege.org/Dct/Fra/Fra_411_00.html
411;411_69;RESSOURCE;terme_generique;411_00;MOT OUTIL;https://aciege.org/Dct/Fra/Fra_411_00.html
411;411_70;RESULTAT;terme_generique;411_00;MOT OUTIL;https://aciege.org/Dct/Fra/Fra_411_00.html
411;411_71;RISQUE;terme_generique;411_00;MOT OUTIL;https://aciege.org/Dct/Fra/Fra_411_00.html
411;411_07;SATISFACTION;terme_generique;411_00;MOT OUTIL;https://aciege.org/Dct/Fra/Fra_411_00.html
411;411_95;SAVOIR FAIRE;terme_generique;411_00;MOT OUTIL;https://aciege.org/Dct/Fra/Fra_411_00.html
411;411_99;SAVOIR-ETRE;terme_generique;411_00;MOT OUTIL;https://aciege.org/Dct/Fra/Fra_411_00.html
411;411_86;SECTEUR D'ACTIVITE;terme_generique;411_00;MOT OUTIL;https://aciege.org/Dct/Fra/Fra_411_00.html
411;411_72;SERVICE;terme_generique;411_00;MOT OUTIL;https://aciege.org/Dct/Fra/Fra_411_00.html
411;411_05;SIGLE;terme_generique;411_00;MOT OUTIL;https://aciege.org/Dct/Fra/Fra_411_00.html
411;411_73;SIMULATION;terme_generique;411_00;MOT OUTIL;https://aciege.org/Dct/Fra/Fra_411_00.html
411;411_76;SYMBOLE;terme_generique;411_00;MOT OUTIL;https://aciege.org/Dct/Fra/Fra_411_00.html
411;411_97;TAUX;terme_generique;411_00;MOT OUTIL;https://aciege.org/Dct/Fra/Fra_411_00.html
411;411_78;TECHNIQUE;terme_generique;411_00;MOT OUTIL;https://aciege.org/Dct/Fra/Fra_411_00.html
411;411_79;TEMPORAIRE;terme_generique;411_00;MOT OUTIL;https://aciege.org/Dct/Fra/Fra_411_00.html
411;411_80;TEMPS;terme_generique;411_00;MOT OUTIL;https://aciege.org/Dct/Fra/Fra_411_00.html
411;411_77;TENDANCE;terme_generique;411_00;MOT OUTIL;https://aciege.org/Dct/Fra/Fra_411_00.html
411;411_82;THEORIE;terme_generique;411_00;MOT OUTIL;https://aciege.org/Dct/Fra/Fra_411_00.html
411;411_83;TYPOLOGIE;terme_generique;411_00;MOT OUTIL;https://aciege.org/Dct/Fra/Fra_411_00.html
411;411_84;USAGER;terme_generique;411_00;MOT OUTIL;https://aciege.org/Dct/Fra/Fra_411_00.html
411;411_84;USAGER;employe_pour;Ut_3616;Utilisateur de Bibliothèque;https://aciege.org/Dct/Fra/Ut_3616.html
412;412_47;ANNALES;terme_generique;412_00;TYPE DE DOCUMENT;https://aciege.org/Dct/Fra/Fra_412_00.html
412;412_01;ANNUAIRE;terme_generique;412_00;TYPE DE DOCUMENT;https://aciege.org/Dct/Fra/Fra_412_00.html
412;412_02;ARTICLE;terme_generique;412_00;TYPE DE DOCUMENT;https://aciege.org/Dct/Fra/Fra_412_00.html
412;412_03;ATLAS;terme_generique;412_00;TYPE DE DOCUMENT;https://aciege.org/Dct/Fra/Fra_412_00.html
412;412_04;BIBLIOGRAPHIE;terme_generique;412_00;TYPE DE DOCUMENT;https://aciege.org/Dct/Fra/Fra_412_00.html
412;412_06;BROCHURE;terme_generique;412_00;TYPE DE DOCUMENT;https://aciege.org/Dct/Fra/Fra_412_00.html
412;412_44;CAHIER DE RECHERCHE;terme_generique;412_00;TYPE DE DOCUMENT;https://aciege.org/Dct/Fra/Fra_412_00.html
412;412_46;CAHIER DES CHARGES;terme_generique;412_00;TYPE DE DOCUMENT;https://aciege.org/Dct/Fra/Fra_412_00.html
412;412_48;CARTE;terme_generique;412_00;TYPE DE DOCUMENT;https://aciege.org/Dct/Fra/Fra_412_00.html
412;412_11;CHARTE;terme_generique;412_00;TYPE DE DOCUMENT;https://aciege.org/Dct/Fra/Fra_412_00.html
412;412_07;CIRCULAIRE;terme_generique;412_00;TYPE DE DOCUMENT;https://aciege.org/Dct/Fra/Fra_412_00.html
412;412_09;CLASSEMENT;terme_generique;412_00;TYPE DE DOCUMENT;https://aciege.org/Dct/Fra/Fra_412_00.html
412;412_08;CODE;terme_generique;412_00;TYPE DE DOCUMENT;https://aciege.org/Dct/Fra/Fra_412_00.html
412;412_10;COMMUNICATION DE CONGRES;terme_generique;412_00;TYPE DE DOCUMENT;https://aciege.org/Dct/Fra/Fra_412_00.html
412;412_12;COMPTE RENDU;terme_generique;412_00;TYPE DE DOCUMENT;https://aciege.org/Dct/Fra/Fra_412_00.html
412;412_13;CRITIQUE;terme_generique;412_00;TYPE DE DOCUMENT;https://aciege.org/Dct/Fra/Fra_412_00.html
412;412_14;DEFINITION;terme_generique;412_00;TYPE DE DOCUMENT;https://aciege.org/Dct/Fra/Fra_412_00.html
412;412_15;DEPLIANT;terme_generique;412_00;TYPE DE DOCUMENT;https://aciege.org/Dct/Fra/Fra_412_00.html
412;412_16;DESCRIPTION;terme_generique;412_00;TYPE DE DOCUMENT;https://aciege.org/Dct/Fra/Fra_412_00.html
412;412_17;DICTIONNAIRE;terme_generique;412_00;TYPE DE DOCUMENT;https://aciege.org/Dct/Fra/Fra_412_00.html
412;412_56;DONNEES CHIFFREES;terme_generique;412_00;TYPE DE DOCUMENT;https://aciege.org/Dct/Fra/Fra_412_00.html
412;412_18;ENCYCLOPEDIE;terme_generique;412_00;TYPE DE DOCUMENT;https://aciege.org/Dct/Fra/Fra_412_00.html
412;412_19;ETUDE;terme_generique;412_00;TYPE DE DOCUMENT;https://aciege.org/Dct/Fra/Fra_412_00.html
412;412_49;ETUDE DE FAISABILITE;terme_generique;412_00;TYPE DE DOCUMENT;https://aciege.org/Dct/Fra/Fra_412_00.html
412;412_45;GRAMMAIRE;terme_generique;412_00;TYPE DE DOCUMENT;https://aciege.org/Dct/Fra/Fra_412_00.html
412;412_21;GRAPHIQUE;terme_generique;412_00;TYPE DE DOCUMENT;https://aciege.org/Dct/Fra/Fra_412_00.html
412;412_22;GUIDE;terme_generique;412_00;TYPE DE DOCUMENT;https://aciege.org/Dct/Fra/Fra_412_00.html
412;412_23;INDEX;terme_generique;412_00;TYPE DE DOCUMENT;https://aciege.org/Dct/Fra/Fra_412_00.html
412;412_24;LEXIQUE;terme_generique;412_00;TYPE DE DOCUMENT;https://aciege.org/Dct/Fra/Fra_412_00.html
412;412_24;LEXIQUE;employe_pour;Gl_2940;Glossaire;https://aciege.org/Dct/Fra/Gl_2940.html
412;412_25;LIVRE;terme_generique;412_00;TYPE DE DOCUMENT;https://aciege.org/Dct/Fra/Fra_412_00.html
412;412_26;MANUEL;terme_generique;412_00;TYPE DE DOCUMENT;https://aciege.org/Dct/Fra/Fra_412_00.html
412;412_27;MAQUETTE;terme_generique;412_00;TYPE DE DOCUMENT;https://aciege.org/Dct/Fra/Fra_412_00.html
412;412_28;MEMOIRE;terme_generique;412_00;TYPE DE DOCUMENT;https://aciege.org/Dct/Fra/Fra_412_00.html
412;412_29;MONOGRAPHIE;terme_generique;412_00;TYPE DE DOCUMENT;https://aciege.org/Dct/Fra/Fra_412_00.html
412;412_30;NOMENCLATURE;terme_generique;412_00;TYPE DE DOCUMENT;https://aciege.org/Dct/Fra/Fra_412_00.html
412;412_31;NORME;terme_generique;412_00;TYPE DE DOCUMENT;https://aciege.org/Dct/Fra/Fra_412_00.html
412;412_32;NOTE INTERNE;terme_generique;412_00;TYPE DE DOCUMENT;https://aciege.org/Dct/Fra/Fra_412_00.html
412;412_33;NOTE TECHNIQUE;terme_generique;412_00;TYPE DE DOCUMENT;https://aciege.org/Dct/Fra/Fra_412_00.html
412;412_35;OUVRAGE DE REFERENCE;terme_generique;412_00;TYPE DE DOCUMENT;https://aciege.org/Dct/Fra/Fra_412_00.html
412;412_36;RAPPORT;terme_generique;412_00;TYPE DE DOCUMENT;https://aciege.org/Dct/Fra/Fra_412_00.html
412;412_37;REPERTOIRE;terme_generique;412_00;TYPE DE DOCUMENT;https://aciege.org/Dct/Fra/Fra_412_00.html
412;412_38;RESUME;terme_generique;412_00;TYPE DE DOCUMENT;https://aciege.org/Dct/Fra/Fra_412_00.html
412;412_39;SYNTHESE;terme_generique;412_00;TYPE DE DOCUMENT;https://aciege.org/Dct/Fra/Fra_412_00.html
412;412_40;TABLE NUMERIQUE;terme_generique;412_00;TYPE DE DOCUMENT;https://aciege.org/Dct/Fra/Fra_412_00.html
412;412_41;TERMINOLOGIE;terme_generique;412_00;TYPE DE DOCUMENT;https://aciege.org/Dct/Fra/Fra_412_00.html
412;412_42;THESE;terme_generique;412_00;TYPE DE DOCUMENT;https://aciege.org/Dct/Fra/Fra_412_00.html
412;412_43;TRADUCTION;terme_generique;412_00;TYPE DE DOCUMENT;https://aciege.org/Dct/Fra/Fra_412_00.html
412;412_00;TYPE DE DOCUMENT;terme_specifique;412_47;ANNALES;https://aciege.org/Dct/Fra/Fra_412_47.html
412;412_00;TYPE DE DOCUMENT;terme_specifique;412_01;ANNUAIRE;https://aciege.org/Dct/Fra/Fra_412_01.html
412;412_00;TYPE DE DOCUMENT;terme_specifique;412_02;ARTICLE;https://aciege.org/Dct/Fra/Fra_412_02.html
412;412_00;TYPE DE DOCUMENT;terme_specifique;412_03;ATLAS;https://aciege.org/Dct/Fra/Fra_412_03.html
412;412_00;TYPE DE DOCUMENT;terme_specifique;412_04;BIBLIOGRAPHIE;https://aciege.org/Dct/Fra/Fra_412_04.html
412;412_00;TYPE DE DOCUMENT;terme_specifique;412_06;BROCHURE;https://aciege.org/Dct/Fra/Fra_412_06.html
412;412_00;TYPE DE DOCUMENT;terme_specifique;412_44;CAHIER DE RECHERCHE;https://aciege.org/Dct/Fra/Fra_412_44.html
412;412_00;TYPE DE DOCUMENT;terme_specifique;412_46;CAHIER DES CHARGES;https://aciege.org/Dct/Fra/Fra_412_46.html
412;412_00;TYPE DE DOCUMENT;terme_specifique;412_48;CARTE;https://aciege.org/Dct/Fra/Fra_412_48.html
412;412_00;TYPE DE DOCUMENT;terme_specifique;412_11;CHARTE;https://aciege.org/Dct/Fra/Fra_412_11.html
412;412_00;TYPE DE DOCUMENT;terme_specifique;412_07;CIRCULAIRE;https://aciege.org/Dct/Fra/Fra_412_07.html
412;412_00;TYPE DE DOCUMENT;terme_specifique;412_09;CLASSEMENT;https://aciege.org/Dct/Fra/Fra_412_09.html
412;412_00;TYPE DE DOCUMENT;terme_specifique;412_08;CODE;https://aciege.org/Dct/Fra/Fra_412_08.html
412;412_00;TYPE DE DOCUMENT;terme_specifique;412_10;COMMUNICATION DE CONGRES;https://aciege.org/Dct/Fra/Fra_412_10.html
412;412_00;TYPE DE DOCUMENT;terme_specifique;412_12;COMPTE RENDU;https://aciege.org/Dct/Fra/Fra_412_12.html
412;412_00;TYPE DE DOCUMENT;terme_specifique;412_13;CRITIQUE;https://aciege.org/Dct/Fra/Fra_412_13.html
412;412_00;TYPE DE DOCUMENT;terme_specifique;412_14;DEFINITION;https://aciege.org/Dct/Fra/Fra_412_14.html
412;412_00;TYPE DE DOCUMENT;terme_specifique;412_15;DEPLIANT;https://aciege.org/Dct/Fra/Fra_412_15.html
412;412_00;TYPE DE DOCUMENT;terme_specifique;412_16;DESCRIPTION;https://aciege.org/Dct/Fra/Fra_412_16.html
412;412_00;TYPE DE DOCUMENT;terme_specifique;412_17;DICTIONNAIRE;https://aciege.org/Dct/Fra/Fra_412_17.html
412;412_00;TYPE DE DOCUMENT;terme_specifique;412_56;DONNEES CHIFFREES;https://aciege.org/Dct/Fra/Fra_412_56.html
412;412_00;TYPE DE DOCUMENT;terme_specifique;412_18;ENCYCLOPEDIE;https://aciege.org/Dct/Fra/Fra_412_18.html
412;412_00;TYPE DE DOCUMENT;terme_specifique;412_19;ETUDE;https://aciege.org/Dct/Fra/Fra_412_19.html
412;412_00;TYPE DE DOCUMENT;terme_specifique;412_49;ETUDE DE FAISABILITE;https://aciege.org/Dct/Fra/Fra_412_49.html
412;412_00;TYPE DE DOCUMENT;terme_specifique;412_45;GRAMMAIRE;https://aciege.org/Dct/Fra/Fra_412_45.html
412;412_00;TYPE DE DOCUMENT;terme_specifique;412_21;GRAPHIQUE;https://aciege.org/Dct/Fra/Fra_412_21.html
412;412_00;TYPE DE DOCUMENT;terme_specifique;412_22;GUIDE;https://aciege.org/Dct/Fra/Fra_412_22.html
412;412_00;TYPE DE DOCUMENT;terme_specifique;412_23;INDEX;https://aciege.org/Dct/Fra/Fra_412_23.html
412;412_00;TYPE DE DOCUMENT;terme_specifique;412_24;LEXIQUE;https://aciege.org/Dct/Fra/Fra_412_24.html
412;412_00;TYPE DE DOCUMENT;terme_specifique;412_25;LIVRE;https://aciege.org/Dct/Fra/Fra_412_25.html
412;412_00;TYPE DE DOCUMENT;terme_specifique;412_26;MANUEL;https://aciege.org/Dct/Fra/Fra_412_26.html
412;412_00;TYPE DE DOCUMENT;terme_specifique;412_27;MAQUETTE;https://aciege.org/Dct/Fra/Fra_412_27.html
412;412_00;TYPE DE DOCUMENT;terme_specifique;412_28;MEMOIRE;https://aciege.org/Dct/Fra/Fra_412_28.html
412;412_00;TYPE DE DOCUMENT;terme_specifique;412_29;MONOGRAPHIE;https://aciege.org/Dct/Fra/Fra_412_29.html
412;412_00;TYPE DE DOCUMENT;terme_specifique;412_30;NOMENCLATURE;https://aciege.org/Dct/Fra/Fra_412_30.html
412;412_00;TYPE DE DOCUMENT;terme_specifique;412_31;NORME;https://aciege.org/Dct/Fra/Fra_412_31.html
412;412_00;TYPE DE DOCUMENT;terme_specifique;412_32;NOTE INTERNE;https://aciege.org/Dct/Fra/Fra_412_32.html
412;412_00;TYPE DE DOCUMENT;terme_specifique;412_33;NOTE TECHNIQUE;https://aciege.org/Dct/Fra/Fra_412_33.html
412;412_00;TYPE DE DOCUMENT;terme_specifique;412_35;OUVRAGE DE REFERENCE;https://aciege.org/Dct/Fra/Fra_412_35.html
412;412_00;TYPE DE DOCUMENT;terme_specifique;412_36;RAPPORT;https://aciege.org/Dct/Fra/Fra_412_36.html
412;412_00;TYPE DE DOCUMENT;terme_specifique;412_37;REPERTOIRE;https://aciege.org/Dct/Fra/Fra_412_37.html
412;412_00;TYPE DE DOCUMENT;terme_specifique;412_38;RESUME;https://aciege.org/Dct/Fra/Fra_412_38.html
412;412_00;TYPE DE DOCUMENT;terme_specifique;412_39;SYNTHESE;https://aciege.org/Dct/Fra/Fra_412_39.html
412;412_00;TYPE DE DOCUMENT;terme_specifique;412_40;TABLE NUMERIQUE;https://aciege.org/Dct/Fra/Fra_412_40.html
412;412_00;TYPE DE DOCUMENT;terme_specifique;412_41;TERMINOLOGIE;https://aciege.org/Dct/Fra/Fra_412_41.html
412;412_00;TYPE DE DOCUMENT;terme_specifique;412_42;THESE;https://aciege.org/Dct/Fra/Fra_412_42.html
412;412_00;TYPE DE DOCUMENT;terme_specifique;412_43;TRADUCTION;https://aciege.org/Dct/Fra/Fra_412_43.html
413;413_01;AEN;terme_generique;413_00;ORGANISATION INTERNATIONALE;https://aciege.org/Dct/Fra/Fra_413_00.html
413;413_01;AEN;employe_pour;Ag_2410;Agence pour l'Energie Nucléaire;https://aciege.org/Dct/Fra/Ag_2410.html
413;413_02;AIEA;terme_generique;413_00;ORGANISATION INTERNATIONALE;https://aciege.org/Dct/Fra/Fra_413_00.html
413;413_02;AIEA;employe_pour;Ag_2400;Agence Internationale de l'Energie Atomique;https://aciege.org/Dct/Fra/Ag_2400.html
413;413_40;ASE;terme_generique;413_00;ORGANISATION INTERNATIONALE;https://aciege.org/Dct/Fra/Fra_413_00.html
413;413_40;ASE;employe_pour;Ag_2404;Agence Spatiale Européenne;https://aciege.org/Dct/Fra/Ag_2404.html
413;413_20;ASEAN;terme_generique;413_00;ORGANISATION INTERNATIONALE;https://aciege.org/Dct/Fra/Fra_413_00.html
413;413_20;ASEAN;employe_pour;AF_2374;AFTA;https://aciege.org/Dct/Fra/AF_2374.html
413;413_20;ASEAN;employe_pour;As_2469;Asean Free Trade Area;https://aciege.org/Dct/Fra/As_2469.html
413;413_20;ASEAN;employe_pour;As_2481;Association des Nations du Sud Est Asiatique;https://aciege.org/Dct/Fra/As_2481.html
413;413_05;BANQUE DES REGLEMENTS INTERNATIONAUX;terme_generique;413_00;ORGANISATION INTERNATIONALE;https://aciege.org/Dct/Fra/Fra_413_00.html
413;413_04;BANQUE MONDIALE;terme_generique;413_00;ORGANISATION INTERNATIONALE;https://aciege.org/Dct/Fra/Fra_413_00.html
413;413_39;BCE;terme_generique;413_00;ORGANISATION INTERNATIONALE;https://aciege.org/Dct/Fra/Fra_413_00.html
413;413_39;BCE;employe_pour;Ba_2508;Banque Centrale Européenne;https://aciege.org/Dct/Fra/Ba_2508.html
413;413_06;BEI;terme_generique;413_00;ORGANISATION INTERNATIONALE;https://aciege.org/Dct/Fra/Fra_413_00.html
413;413_06;BEI;employe_pour;Ba_2509;Banque Européenne d'Investissement;https://aciege.org/Dct/Fra/Ba_2509.html
413;413_17;BERD;terme_generique;413_00;ORGANISATION INTERNATIONALE;https://aciege.org/Dct/Fra/Fra_413_00.html
413;413_17;BERD;employe_pour;Ba_2510;Banque Européenne pour la Reconstruction et le Développement;https://aciege.org/Dct/Fra/Ba_2510.html
413;413_07;BIRD;terme_generique;413_00;ORGANISATION INTERNATIONALE;https://aciege.org/Dct/Fra/Fra_413_00.html
413;413_07;BIRD;employe_pour;Ba_2512;Banque Internationale pour la Reconstruction et le Développement;https://aciege.org/Dct/Fra/Ba_2512.html
413;413_10;CECA;terme_generique;413_00;ORGANISATION INTERNATIONALE;https://aciege.org/Dct/Fra/Fra_413_00.html
413;413_10;CECA;employe_pour;Co_2644;Communauté Européenne du Charbon et de l'Acier;https://aciege.org/Dct/Fra/Co_2644.html
413;413_42;CEI;terme_generique;413_00;ORGANISATION INTERNATIONALE;https://aciege.org/Dct/Fra/Fra_413_00.html
413;413_42;CEI;employe_pour;Co_2645;Communauté des Etats Indépendants;https://aciege.org/Dct/Fra/Co_2645.html
413;413_12;CERN;terme_generique;413_00;ORGANISATION INTERNATIONALE;https://aciege.org/Dct/Fra/Fra_413_00.html
413;413_12;CERN;employe_pour;Ce_2588;Centre Européen pour la Recherche Nucléaire;https://aciege.org/Dct/Fra/Ce_2588.html
413;413_47;CHAMBRE DE COMMERCE INTERNATIONALE;terme_generique;413_00;ORGANISATION INTERNATIONALE;https://aciege.org/Dct/Fra/Fra_413_00.html
413;413_13;CNUCED;terme_generique;413_00;ORGANISATION INTERNATIONALE;https://aciege.org/Dct/Fra/Fra_413_00.html
413;413_13;CNUCED;employe_pour;Co_2677;Conférence des Nations Unies pour le Commerce et le Développement;https://aciege.org/Dct/Fra/Co_2677.html
413;413_28;COMMISSION EUROPEENNE;terme_generique;413_00;ORGANISATION INTERNATIONALE;https://aciege.org/Dct/Fra/Fra_413_00.html
413;413_15;COMMONWEALTH;terme_generique;413_00;ORGANISATION INTERNATIONALE;https://aciege.org/Dct/Fra/Fra_413_00.html
413;413_14;CONSEIL DE L'EUROPE;terme_generique;413_00;ORGANISATION INTERNATIONALE;https://aciege.org/Dct/Fra/Fra_413_00.html
413;413_46;CONSEIL DE L'UNION EUROPEENNE;terme_generique;413_00;ORGANISATION INTERNATIONALE;https://aciege.org/Dct/Fra/Fra_413_00.html
413;413_46;CONSEIL DE L'UNION EUROPEENNE;employe_pour;Co_2680;Conseil de l'UE;https://aciege.org/Dct/Fra/Co_2680.html
413;413_36;CONSEIL EUROPEEN;terme_generique;413_00;ORGANISATION INTERNATIONALE;https://aciege.org/Dct/Fra/Fra_413_00.html
413;413_16;EURATOM;terme_generique;413_00;ORGANISATION INTERNATIONALE;https://aciege.org/Dct/Fra/Fra_413_00.html
413;413_16;EURATOM;employe_pour;Co_2643;Communauté Européenne de l'Energie Atomique;https://aciege.org/Dct/Fra/Co_2643.html
413;413_18;FAO;terme_generique;413_00;ORGANISATION INTERNATIONALE;https://aciege.org/Dct/Fra/Fra_413_00.html
413;413_18;FAO;employe_pour;Or_3263;Organisation des Nations Unies pour l'Alimentation et l'Agriculture;https://aciege.org/Dct/Fra/Or_3263.html
413;413_19;FMI;terme_generique;413_00;ORGANISATION INTERNATIONALE;https://aciege.org/Dct/Fra/Fra_413_00.html
413;413_19;FMI;employe_pour;Fo_2895;Fonds Monétaire International;https://aciege.org/Dct/Fra/Fo_2895.html
413;413_48;FONDS STRUCTUREL EUROPEEN;terme_generique;413_00;ORGANISATION INTERNATIONALE;https://aciege.org/Dct/Fra/Fra_413_00.html
413;413_48;FONDS STRUCTUREL EUROPEEN;employe_pour;FE_2874;FEDER;https://aciege.org/Dct/Fra/FE_2874.html
413;413_48;FONDS STRUCTUREL EUROPEEN;employe_pour;FE_2875;FEOGA;https://aciege.org/Dct/Fra/FE_2875.html
413;413_48;FONDS STRUCTUREL EUROPEEN;employe_pour;FS_2877;FSE;https://aciege.org/Dct/Fra/FS_2877.html
413;413_48;FONDS STRUCTUREL EUROPEEN;employe_pour;Fo_2900;Fonds européen d'orientation et de garantie agricole;https://aciege.org/Dct/Fra/Fo_2900.html
413;413_48;FONDS STRUCTUREL EUROPEEN;employe_pour;Fo_2901;Fonds européen de développement;https://aciege.org/Dct/Fra/Fo_2901.html
413;413_48;FONDS STRUCTUREL EUROPEEN;employe_pour;Fo_2902;Fonds européen de développement régional;https://aciege.org/Dct/Fra/Fo_2902.html
413;413_48;FONDS STRUCTUREL EUROPEEN;employe_pour;Fo_2903;Fonds social européen;https://aciege.org/Dct/Fra/Fo_2903.html
413;413_48;FONDS STRUCTUREL EUROPEEN;employe_pour;IF_2973;IFOP;https://aciege.org/Dct/Fra/IF_2973.html
413;413_48;FONDS STRUCTUREL EUROPEEN;employe_pour;In_3079;Instrument financier d'organisation de la pêche;https://aciege.org/Dct/Fra/In_3079.html
413;413_22;IASC;terme_generique;413_00;ORGANISATION INTERNATIONALE;https://aciege.org/Dct/Fra/Fra_413_00.html
413;413_22;IASC;employe_pour;Co_2632;Comité international de la normalisation de la comptabilité;https://aciege.org/Dct/Fra/Co_2632.html
413;413_23;IATA;terme_generique;413_00;ORGANISATION INTERNATIONALE;https://aciege.org/Dct/Fra/Fra_413_00.html
413;413_23;IATA;employe_pour;As_2476;Association Internationale des Transports Aériens;https://aciege.org/Dct/Fra/As_2476.html
413;413_24;IME;terme_generique;413_00;ORGANISATION INTERNATIONALE;https://aciege.org/Dct/Fra/Fra_413_00.html
413;413_24;IME;employe_pour;In_3068;Institut Monétaire Européen;https://aciege.org/Dct/Fra/In_3068.html
413;413_41;ISO;terme_generique;413_00;ORGANISATION INTERNATIONALE;https://aciege.org/Dct/Fra/Fra_413_00.html
413;413_41;ISO;employe_pour;Or_3268;Organisation international de normalisation;https://aciege.org/Dct/Fra/Or_3268.html
413;413_37;OCAM;terme_generique;413_00;ORGANISATION INTERNATIONALE;https://aciege.org/Dct/Fra/Fra_413_00.html
413;413_37;OCAM;employe_pour;Or_3259;Organisation de Coopération Africaine et Malgache;https://aciege.org/Dct/Fra/Or_3259.html
413;413_27;OCDE;terme_generique;413_00;ORGANISATION INTERNATIONALE;https://aciege.org/Dct/Fra/Fra_413_00.html
413;413_27;OCDE;employe_pour;Or_3260;Organisation de Coopération et de Développement Economiques;https://aciege.org/Dct/Fra/Or_3260.html
413;413_08;OIF;terme_generique;413_00;ORGANISATION INTERNATIONALE;https://aciege.org/Dct/Fra/Fra_413_00.html
413;413_08;OIF;employe_pour;Or_3269;Organisation internationale de la francophonie;https://aciege.org/Dct/Fra/Or_3269.html
413;413_34;OIT;terme_generique;413_00;ORGANISATION INTERNATIONALE;https://aciege.org/Dct/Fra/Fra_413_00.html
413;413_34;OIT;employe_pour;Bu_2541;Bureau international du travail;https://aciege.org/Dct/Fra/Bu_2541.html
413;413_34;OIT;employe_pour;Or_3270;Organisation internationale du travail;https://aciege.org/Dct/Fra/Or_3270.html
413;413_33;OMC;terme_generique;413_00;ORGANISATION INTERNATIONALE;https://aciege.org/Dct/Fra/Fra_413_00.html
413;413_33;OMC;employe_pour;Or_3257;Organisation Mondiale du Commerce;https://aciege.org/Dct/Fra/Or_3257.html
413;413_50;OMPI;terme_generique;413_00;ORGANISATION INTERNATIONALE;https://aciege.org/Dct/Fra/Fra_413_00.html
413;413_50;OMPI;employe_pour;Or_3271;Organisation mondiale de la propriété intellectuelle;https://aciege.org/Dct/Fra/Or_3271.html
413;413_30;OMS;terme_generique;413_00;ORGANISATION INTERNATIONALE;https://aciege.org/Dct/Fra/Fra_413_00.html
413;413_30;OMS;employe_pour;Or_3256;Organisation Mondiale de la Santé;https://aciege.org/Dct/Fra/Or_3256.html
413;413_25;ONU;terme_generique;413_00;ORGANISATION INTERNATIONALE;https://aciege.org/Dct/Fra/Fra_413_00.html
413;413_25;ONU;employe_pour;Or_3262;Organisation des Nations Unies;https://aciege.org/Dct/Fra/Or_3262.html
413;413_38;OPEP;terme_generique;413_00;ORGANISATION INTERNATIONALE;https://aciege.org/Dct/Fra/Fra_413_00.html
413;413_38;OPEP;employe_pour;Or_3265;Organisation des Pays Exportateurs de Pétrole;https://aciege.org/Dct/Fra/Or_3265.html
413;413_00;ORGANISATION INTERNATIONALE;terme_specifique;413_01;AEN;https://aciege.org/Dct/Fra/Fra_413_01.html
413;413_00;ORGANISATION INTERNATIONALE;terme_specifique;413_02;AIEA;https://aciege.org/Dct/Fra/Fra_413_02.html
413;413_00;ORGANISATION INTERNATIONALE;terme_specifique;413_40;ASE;https://aciege.org/Dct/Fra/Fra_413_40.html
413;413_00;ORGANISATION INTERNATIONALE;terme_specifique;413_20;ASEAN;https://aciege.org/Dct/Fra/Fra_413_20.html
413;413_00;ORGANISATION INTERNATIONALE;terme_specifique;413_05;BANQUE DES REGLEMENTS INTERNATIONAUX;https://aciege.org/Dct/Fra/Fra_413_05.html
413;413_00;ORGANISATION INTERNATIONALE;terme_specifique;413_04;BANQUE MONDIALE;https://aciege.org/Dct/Fra/Fra_413_04.html
413;413_00;ORGANISATION INTERNATIONALE;terme_specifique;413_39;BCE;https://aciege.org/Dct/Fra/Fra_413_39.html
413;413_00;ORGANISATION INTERNATIONALE;terme_specifique;413_06;BEI;https://aciege.org/Dct/Fra/Fra_413_06.html
413;413_00;ORGANISATION INTERNATIONALE;terme_specifique;413_17;BERD;https://aciege.org/Dct/Fra/Fra_413_17.html
413;413_00;ORGANISATION INTERNATIONALE;terme_specifique;413_07;BIRD;https://aciege.org/Dct/Fra/Fra_413_07.html
413;413_00;ORGANISATION INTERNATIONALE;terme_specifique;413_10;CECA;https://aciege.org/Dct/Fra/Fra_413_10.html
413;413_00;ORGANISATION INTERNATIONALE;terme_specifique;413_42;CEI;https://aciege.org/Dct/Fra/Fra_413_42.html
413;413_00;ORGANISATION INTERNATIONALE;terme_specifique;413_12;CERN;https://aciege.org/Dct/Fra/Fra_413_12.html
413;413_00;ORGANISATION INTERNATIONALE;terme_specifique;413_47;CHAMBRE DE COMMERCE INTERNATIONALE;https://aciege.org/Dct/Fra/Fra_413_47.html
413;413_00;ORGANISATION INTERNATIONALE;terme_specifique;413_13;CNUCED;https://aciege.org/Dct/Fra/Fra_413_13.html
413;413_00;ORGANISATION INTERNATIONALE;terme_specifique;413_28;COMMISSION EUROPEENNE;https://aciege.org/Dct/Fra/Fra_413_28.html
413;413_00;ORGANISATION INTERNATIONALE;terme_specifique;413_15;COMMONWEALTH;https://aciege.org/Dct/Fra/Fra_413_15.html
413;413_00;ORGANISATION INTERNATIONALE;terme_specifique;413_14;CONSEIL DE L'EUROPE;https://aciege.org/Dct/Fra/Fra_413_14.html
413;413_00;ORGANISATION INTERNATIONALE;terme_specifique;413_46;CONSEIL DE L'UNION EUROPEENNE;https://aciege.org/Dct/Fra/Fra_413_46.html
413;413_00;ORGANISATION INTERNATIONALE;terme_specifique;413_36;CONSEIL EUROPEEN;https://aciege.org/Dct/Fra/Fra_413_36.html
413;413_00;ORGANISATION INTERNATIONALE;terme_specifique;413_16;EURATOM;https://aciege.org/Dct/Fra/Fra_413_16.html
413;413_00;ORGANISATION INTERNATIONALE;terme_specifique;413_18;FAO;https://aciege.org/Dct/Fra/Fra_413_18.html
413;413_00;ORGANISATION INTERNATIONALE;terme_specifique;413_19;FMI;https://aciege.org/Dct/Fra/Fra_413_19.html
413;413_00;ORGANISATION INTERNATIONALE;terme_specifique;413_48;FONDS STRUCTUREL EUROPEEN;https://aciege.org/Dct/Fra/Fra_413_48.html
413;413_00;ORGANISATION INTERNATIONALE;terme_specifique;413_22;IASC;https://aciege.org/Dct/Fra/Fra_413_22.html
413;413_00;ORGANISATION INTERNATIONALE;terme_specifique;413_23;IATA;https://aciege.org/Dct/Fra/Fra_413_23.html
413;413_00;ORGANISATION INTERNATIONALE;terme_specifique;413_24;IME;https://aciege.org/Dct/Fra/Fra_413_24.html
413;413_00;ORGANISATION INTERNATIONALE;terme_specifique;413_41;ISO;https://aciege.org/Dct/Fra/Fra_413_41.html
413;413_00;ORGANISATION INTERNATIONALE;terme_specifique;413_37;OCAM;https://aciege.org/Dct/Fra/Fra_413_37.html
413;413_00;ORGANISATION INTERNATIONALE;terme_specifique;413_27;OCDE;https://aciege.org/Dct/Fra/Fra_413_27.html
413;413_00;ORGANISATION INTERNATIONALE;terme_specifique;413_08;OIF;https://aciege.org/Dct/Fra/Fra_413_08.html
413;413_00;ORGANISATION INTERNATIONALE;terme_specifique;413_34;OIT;https://aciege.org/Dct/Fra/Fra_413_34.html
413;413_00;ORGANISATION INTERNATIONALE;terme_specifique;413_33;OMC;https://aciege.org/Dct/Fra/Fra_413_33.html
413;413_00;ORGANISATION INTERNATIONALE;terme_specifique;413_50;OMPI;https://aciege.org/Dct/Fra/Fra_413_50.html
413;413_00;ORGANISATION INTERNATIONALE;terme_specifique;413_30;OMS;https://aciege.org/Dct/Fra/Fra_413_30.html
413;413_00;ORGANISATION INTERNATIONALE;terme_specifique;413_25;ONU;https://aciege.org/Dct/Fra/Fra_413_25.html
413;413_00;ORGANISATION INTERNATIONALE;terme_specifique;413_38;OPEP;https://aciege.org/Dct/Fra/Fra_413_38.html
413;413_00;ORGANISATION INTERNATIONALE;terme_specifique;413_49;ORGANISATION MONDIALE DU TOURISME;https://aciege.org/Dct/Fra/Fra_413_49.html
413;413_00;ORGANISATION INTERNATIONALE;terme_specifique;413_31;OTAN;https://aciege.org/Dct/Fra/Fra_413_31.html
413;413_00;ORGANISATION INTERNATIONALE;terme_specifique;413_32;OTASE;https://aciege.org/Dct/Fra/Fra_413_32.html
413;413_00;ORGANISATION INTERNATIONALE;terme_specifique;413_45;PARLEMENT EUROPEEN;https://aciege.org/Dct/Fra/Fra_413_45.html
413;413_00;ORGANISATION INTERNATIONALE;terme_specifique;413_43;UEM;https://aciege.org/Dct/Fra/Fra_413_43.html
413;413_00;ORGANISATION INTERNATIONALE;terme_specifique;413_35;UNESCO;https://aciege.org/Dct/Fra/Fra_413_35.html
413;413_00;ORGANISATION INTERNATIONALE;terme_specifique;413_03;UNION AFRICAINE;https://aciege.org/Dct/Fra/Fra_413_03.html
413;413_00;ORGANISATION INTERNATIONALE;terme_specifique;413_29;UNION EUROPEENNE;https://aciege.org/Dct/Fra/Fra_413_29.html
413;413_00;ORGANISATION INTERNATIONALE;employe_pour;In_3076;Institution internationale;https://aciege.org/Dct/Fra/In_3076.html
413;413_49;ORGANISATION MONDIALE DU TOURISME;terme_generique;413_00;ORGANISATION INTERNATIONALE;https://aciege.org/Dct/Fra/Fra_413_00.html
413;413_31;OTAN;terme_generique;413_00;ORGANISATION INTERNATIONALE;https://aciege.org/Dct/Fra/Fra_413_00.html
413;413_31;OTAN;employe_pour;Or_3267;Organisation du Traité de l'Atlantique Nord;https://aciege.org/Dct/Fra/Or_3267.html
413;413_32;OTASE;terme_generique;413_00;ORGANISATION INTERNATIONALE;https://aciege.org/Dct/Fra/Fra_413_00.html
413;413_32;OTASE;employe_pour;Or_3266;Organisation du Traité de l'Asie du Sud-Est;https://aciege.org/Dct/Fra/Or_3266.html
413;413_45;PARLEMENT EUROPEEN;terme_generique;413_00;ORGANISATION INTERNATIONALE;https://aciege.org/Dct/Fra/Fra_413_00.html
413;413_43;UEM;terme_generique;413_00;ORGANISATION INTERNATIONALE;https://aciege.org/Dct/Fra/Fra_413_00.html
413;413_43;UEM;employe_pour;Un_3610;Union Economique et Monétaire;https://aciege.org/Dct/Fra/Un_3610.html
413;413_35;UNESCO;terme_generique;413_00;ORGANISATION INTERNATIONALE;https://aciege.org/Dct/Fra/Fra_413_00.html
413;413_35;UNESCO;employe_pour;Or_3264;Organisation des Nations Unies pour l'Education la Science et la Culture;https://aciege.org/Dct/Fra/Or_3264.html
413;413_03;UNION AFRICAINE;terme_generique;413_00;ORGANISATION INTERNATIONALE;https://aciege.org/Dct/Fra/Fra_413_00.html
413;413_29;UNION EUROPEENNE;terme_generique;413_00;ORGANISATION INTERNATIONALE;https://aciege.org/Dct/Fra/Fra_413_00.html
413;413_29;UNION EUROPEENNE;employe_pour;UE_3607;UE;https://aciege.org/Dct/Fra/UE_3607.html
414;414_33;ADEME;terme_generique;414_00;ORGANISME FRANCAIS;https://aciege.org/Dct/Fra/Fra_414_00.html
414;414_33;ADEME;employe_pour;Ag_2405;Agence de l'environnement et de la maîtrise de l'énergie;https://aciege.org/Dct/Fra/Ag_2405.html
414;414_34;AFD;terme_generique;414_00;ORGANISME FRANCAIS;https://aciege.org/Dct/Fra/Fra_414_00.html
414;414_34;AFD;employe_pour;Ag_2407;Agence française de développement;https://aciege.org/Dct/Fra/Ag_2407.html
414;414_01;AFNOR;terme_generique;414_00;ORGANISME FRANCAIS;https://aciege.org/Dct/Fra/Fra_414_00.html
414;414_01;AFNOR;employe_pour;As_2475;Association Française de Normalisation;https://aciege.org/Dct/Fra/As_2475.html
414;414_03;AFPA;terme_generique;414_00;ORGANISME FRANCAIS;https://aciege.org/Dct/Fra/Fra_414_00.html
414;414_03;AFPA;employe_pour;As_2485;Association pour la Formation Professionnelle des Adultes;https://aciege.org/Dct/Fra/As_2485.html
414;414_32;AMF;terme_generique;414_00;ORGANISME FRANCAIS;https://aciege.org/Dct/Fra/Fra_414_00.html
414;414_32;AMF;employe_pour;Au_2496;Autorité des marchés financiers;https://aciege.org/Dct/Fra/Au_2496.html
414;414_32;AMF;employe_pour;CO_2551;COB;https://aciege.org/Dct/Fra/CO_2551.html
414;414_32;AMF;employe_pour;Co_2639;Commision des opérations de bourse;https://aciege.org/Dct/Fra/Co_2639.html
414;414_06;ANRT;terme_generique;414_00;ORGANISME FRANCAIS;https://aciege.org/Dct/Fra/Fra_414_00.html
414;414_06;ANRT;employe_pour;As_2478;Association Nationale de Recherche Technique;https://aciege.org/Dct/Fra/As_2478.html
414;414_04;APCE;terme_generique;414_00;ORGANISME FRANCAIS;https://aciege.org/Dct/Fra/Fra_414_00.html
414;414_04;APCE;employe_pour;Ag_2402;Agence Nationale pour la Création d'Entreprise;https://aciege.org/Dct/Fra/Ag_2402.html
414;414_08;APEC;terme_generique;414_00;ORGANISME FRANCAIS;https://aciege.org/Dct/Fra/Fra_414_00.html
414;414_08;APEC;employe_pour;As_2484;Association pour l'Emploi des Cadres;https://aciege.org/Dct/Fra/As_2484.html
414;414_09;ARIST;terme_generique;414_00;ORGANISME FRANCAIS;https://aciege.org/Dct/Fra/Fra_414_00.html
414;414_09;ARIST;employe_pour;Ag_2403;Agence Régionale d'Information Scientifique et Technique;https://aciege.org/Dct/Fra/Ag_2403.html
414;414_11;BIPE;terme_generique;414_00;ORGANISME FRANCAIS;https://aciege.org/Dct/Fra/Fra_414_00.html
414;414_11;BIPE;employe_pour;Bu_2540;Bureau d'Information et de Prévisions Economiques;https://aciege.org/Dct/Fra/Bu_2540.html
414;414_07;BPI FRANCE FINANCEMENT;terme_generique;414_00;ORGANISME FRANCAIS;https://aciege.org/Dct/Fra/Fra_414_00.html
414;414_07;BPI FRANCE FINANCEMENT;employe_pour;AN_2377;ANVAR;https://aciege.org/Dct/Fra/AN_2377.html
414;414_07;BPI FRANCE FINANCEMENT;employe_pour;As_2479;Association Nationale pour la Valorisation de la Recherche;https://aciege.org/Dct/Fra/As_2479.html
414;414_07;BPI FRANCE FINANCEMENT;employe_pour;BD_2503;BDPME;https://aciege.org/Dct/Fra/BD_2503.html
414;414_07;BPI FRANCE FINANCEMENT;employe_pour;Ba_2515;Banque du développement des PME;https://aciege.org/Dct/Fra/Ba_2515.html
414;414_07;BPI FRANCE FINANCEMENT;employe_pour;OS_3242;OSEO-ANVAR;https://aciege.org/Dct/Fra/OS_3242.html
414;414_14;BUSINESS FRANCE;terme_generique;414_00;ORGANISME FRANCAIS;https://aciege.org/Dct/Fra/Fra_414_00.html
414;414_14;BUSINESS FRANCE;employe_pour;Ag_2408;Agence française du commerce extérieur;https://aciege.org/Dct/Fra/Ag_2408.html
414;414_14;BUSINESS FRANCE;employe_pour;Ce_2589;Centre Français du Commerce Extérieur;https://aciege.org/Dct/Fra/Ce_2589.html
414;414_14;BUSINESS FRANCE;employe_pour;UB_3605;UBIFRANCE;https://aciege.org/Dct/Fra/UB_3605.html
414;414_25;CDIA;terme_generique;414_00;ORGANISME FRANCAIS;https://aciege.org/Dct/Fra/Fra_414_00.html
414;414_25;CDIA;employe_pour;Ce_2596;Centre de Documentation et d'Information de l'Assurance;https://aciege.org/Dct/Fra/Ce_2596.html
414;414_12;CECOD;terme_generique;414_00;ORGANISME FRANCAIS;https://aciege.org/Dct/Fra/Fra_414_00.html
414;414_12;CECOD;employe_pour;Ce_2593;Centre d'Etude du Commerce et de la Distribution;https://aciege.org/Dct/Fra/Ce_2593.html
414;414_13;CEREQ;terme_generique;414_00;ORGANISME FRANCAIS;https://aciege.org/Dct/Fra/Fra_414_00.html
414;414_13;CEREQ;employe_pour;Ce_2594;Centre d'Etudes et de Recherches sur les Qualifications;https://aciege.org/Dct/Fra/Ce_2594.html
414;414_35;CERTU;terme_generique;414_00;ORGANISME FRANCAIS;https://aciege.org/Dct/Fra/Fra_414_00.html
414;414_35;CERTU;employe_pour;Ce_2595;Centre d'études sur les réseaux les transports l'urbanisme et les constructions publiques;https://aciege.org/Dct/Fra/Ce_2595.html
414;414_26;CGSP;terme_generique;414_00;ORGANISME FRANCAIS;https://aciege.org/Dct/Fra/Fra_414_00.html
414;414_26;CGSP;employe_pour;CE_2549;CERC;https://aciege.org/Dct/Fra/CE_2549.html
414;414_26;CGSP;employe_pour;Co_2681;Conseil de l'emploi des revenus et de la cohésion sociale;https://aciege.org/Dct/Fra/Co_2681.html
414;414_31;CHAMBRE DE COMMERCE ET D'INDUSTRIE;terme_generique;414_00;ORGANISME FRANCAIS;https://aciege.org/Dct/Fra/Fra_414_00.html
414;414_31;CHAMBRE DE COMMERCE ET D'INDUSTRIE;employe_pour;CC_2547;CCI;https://aciege.org/Dct/Fra/CC_2547.html
414;414_31;CHAMBRE DE COMMERCE ET D'INDUSTRIE;employe_pour;CR_2552;CRCI;https://aciege.org/Dct/Fra/CR_2552.html
414;414_31;CHAMBRE DE COMMERCE ET D'INDUSTRIE;employe_pour;Ch_2605;Chambre régionale de commerce et d'industrie;https://aciege.org/Dct/Fra/Ch_2605.html
414;414_16;CNRS;terme_generique;414_00;ORGANISME FRANCAIS;https://aciege.org/Dct/Fra/Fra_414_00.html
414;414_16;CNRS;employe_pour;Ce_2591;Centre National de la Recherche Scientifique;https://aciege.org/Dct/Fra/Ce_2591.html
414;414_18;COFACE;terme_generique;414_00;ORGANISME FRANCAIS;https://aciege.org/Dct/Fra/Fra_414_00.html
414;414_18;COFACE;employe_pour;Co_2648;Compagnie Française d'Assurance pour le Commerce Extérieur;https://aciege.org/Dct/Fra/Co_2648.html
414;414_29;CONSEIL ECONOMIQUE ET SOCIAL;terme_generique;414_00;ORGANISME FRANCAIS;https://aciege.org/Dct/Fra/Fra_414_00.html
414;414_36;CREDOC;terme_generique;414_00;ORGANISME FRANCAIS;https://aciege.org/Dct/Fra/Fra_414_00.html
414;414_36;CREDOC;employe_pour;Ce_2601;Centre de recherche pour l'étude et l'observation des conditions de vie;https://aciege.org/Dct/Fra/Ce_2601.html
414;414_37;FNEGE;terme_generique;414_00;ORGANISME FRANCAIS;https://aciege.org/Dct/Fra/Fra_414_00.html
414;414_37;FNEGE;employe_pour;Fo_2894;Fondation nationale pour la gestion des entreprises;https://aciege.org/Dct/Fra/Fo_2894.html
414;414_19;INC;terme_generique;414_00;ORGANISME FRANCAIS;https://aciege.org/Dct/Fra/Fra_414_00.html
414;414_19;INC;employe_pour;In_3070;Institut National de la Consommation;https://aciege.org/Dct/Fra/In_3070.html
414;414_27;INED;terme_generique;414_00;ORGANISME FRANCAIS;https://aciege.org/Dct/Fra/Fra_414_00.html
414;414_27;INED;employe_pour;In_3069;Institut National d'Etudes Démographiques;https://aciege.org/Dct/Fra/In_3069.html
414;414_20;INIST;terme_generique;414_00;ORGANISME FRANCAIS;https://aciege.org/Dct/Fra/Fra_414_00.html
414;414_20;INIST;employe_pour;In_3075;Institut de l'Information Scientifique et Technique;https://aciege.org/Dct/Fra/In_3075.html
414;414_21;INPI;terme_generique;414_00;ORGANISME FRANCAIS;https://aciege.org/Dct/Fra/Fra_414_00.html
414;414_21;INPI;employe_pour;In_3071;Institut National de la Propriété Industrielle;https://aciege.org/Dct/Fra/In_3071.html
414;414_22;INRA;terme_generique;414_00;ORGANISME FRANCAIS;https://aciege.org/Dct/Fra/Fra_414_00.html
414;414_22;INRA;employe_pour;In_3072;Institut National de la Recherche Agronomique;https://aciege.org/Dct/Fra/In_3072.html
414;414_23;INSEE;terme_generique;414_00;ORGANISME FRANCAIS;https://aciege.org/Dct/Fra/Fra_414_00.html
414;414_23;INSEE;employe_pour;In_3074;Institut National de la Statistique et des Etudes Economiques;https://aciege.org/Dct/Fra/In_3074.html
414;414_24;INSERM;terme_generique;414_00;ORGANISME FRANCAIS;https://aciege.org/Dct/Fra/Fra_414_00.html
414;414_24;INSERM;employe_pour;In_3073;Institut National de la Santé et de la Recherche Médicale;https://aciege.org/Dct/Fra/In_3073.html
414;414_10;NATEXIS;terme_generique;414_00;ORGANISME FRANCAIS;https://aciege.org/Dct/Fra/Fra_414_00.html
414;414_10;NATEXIS;employe_pour;BF_2504;BFCE;https://aciege.org/Dct/Fra/BF_2504.html
414;414_10;NATEXIS;employe_pour;Ba_2511;Banque Française du Commerce Extérieur;https://aciege.org/Dct/Fra/Ba_2511.html
414;414_15;ORANGE;terme_generique;414_00;ORGANISME FRANCAIS;https://aciege.org/Dct/Fra/Fra_414_00.html
414;414_15;ORANGE;employe_pour;CN_2550;CNET;https://aciege.org/Dct/Fra/CN_2550.html
414;414_15;ORANGE;employe_pour;Ce_2590;Centre National d'Etudes des Télécommunications;https://aciege.org/Dct/Fra/Ce_2590.html
414;414_00;ORGANISME FRANCAIS;terme_specifique;414_33;ADEME;https://aciege.org/Dct/Fra/Fra_414_33.html
414;414_00;ORGANISME FRANCAIS;terme_specifique;414_34;AFD;https://aciege.org/Dct/Fra/Fra_414_34.html
414;414_00;ORGANISME FRANCAIS;terme_specifique;414_01;AFNOR;https://aciege.org/Dct/Fra/Fra_414_01.html
414;414_00;ORGANISME FRANCAIS;terme_specifique;414_03;AFPA;https://aciege.org/Dct/Fra/Fra_414_03.html
414;414_00;ORGANISME FRANCAIS;terme_specifique;414_32;AMF;https://aciege.org/Dct/Fra/Fra_414_32.html
414;414_00;ORGANISME FRANCAIS;terme_specifique;414_06;ANRT;https://aciege.org/Dct/Fra/Fra_414_06.html
414;414_00;ORGANISME FRANCAIS;terme_specifique;414_04;APCE;https://aciege.org/Dct/Fra/Fra_414_04.html
414;414_00;ORGANISME FRANCAIS;terme_specifique;414_08;APEC;https://aciege.org/Dct/Fra/Fra_414_08.html
414;414_00;ORGANISME FRANCAIS;terme_specifique;414_09;ARIST;https://aciege.org/Dct/Fra/Fra_414_09.html
414;414_00;ORGANISME FRANCAIS;terme_specifique;414_11;BIPE;https://aciege.org/Dct/Fra/Fra_414_11.html
414;414_00;ORGANISME FRANCAIS;terme_specifique;414_07;BPI FRANCE FINANCEMENT;https://aciege.org/Dct/Fra/Fra_414_07.html
414;414_00;ORGANISME FRANCAIS;terme_specifique;414_14;BUSINESS FRANCE;https://aciege.org/Dct/Fra/Fra_414_14.html
414;414_00;ORGANISME FRANCAIS;terme_specifique;414_25;CDIA;https://aciege.org/Dct/Fra/Fra_414_25.html
414;414_00;ORGANISME FRANCAIS;terme_specifique;414_12;CECOD;https://aciege.org/Dct/Fra/Fra_414_12.html
414;414_00;ORGANISME FRANCAIS;terme_specifique;414_13;CEREQ;https://aciege.org/Dct/Fra/Fra_414_13.html
414;414_00;ORGANISME FRANCAIS;terme_specifique;414_35;CERTU;https://aciege.org/Dct/Fra/Fra_414_35.html
414;414_00;ORGANISME FRANCAIS;terme_specifique;414_26;CGSP;https://aciege.org/Dct/Fra/Fra_414_26.html
414;414_00;ORGANISME FRANCAIS;terme_specifique;414_31;CHAMBRE DE COMMERCE ET D'INDUSTRIE;https://aciege.org/Dct/Fra/Fra_414_31.html
414;414_00;ORGANISME FRANCAIS;terme_specifique;414_16;CNRS;https://aciege.org/Dct/Fra/Fra_414_16.html
414;414_00;ORGANISME FRANCAIS;terme_specifique;414_18;COFACE;https://aciege.org/Dct/Fra/Fra_414_18.html
414;414_00;ORGANISME FRANCAIS;terme_specifique;414_29;CONSEIL ECONOMIQUE ET SOCIAL;https://aciege.org/Dct/Fra/Fra_414_29.html
414;414_00;ORGANISME FRANCAIS;terme_specifique;414_36;CREDOC;https://aciege.org/Dct/Fra/Fra_414_36.html
414;414_00;ORGANISME FRANCAIS;terme_specifique;414_37;FNEGE;https://aciege.org/Dct/Fra/Fra_414_37.html
414;414_00;ORGANISME FRANCAIS;terme_specifique;414_19;INC;https://aciege.org/Dct/Fra/Fra_414_19.html
414;414_00;ORGANISME FRANCAIS;terme_specifique;414_27;INED;https://aciege.org/Dct/Fra/Fra_414_27.html
414;414_00;ORGANISME FRANCAIS;terme_specifique;414_20;INIST;https://aciege.org/Dct/Fra/Fra_414_20.html
414;414_00;ORGANISME FRANCAIS;terme_specifique;414_21;INPI;https://aciege.org/Dct/Fra/Fra_414_21.html
414;414_00;ORGANISME FRANCAIS;terme_specifique;414_22;INRA;https://aciege.org/Dct/Fra/Fra_414_22.html
414;414_00;ORGANISME FRANCAIS;terme_specifique;414_23;INSEE;https://aciege.org/Dct/Fra/Fra_414_23.html
414;414_00;ORGANISME FRANCAIS;terme_specifique;414_24;INSERM;https://aciege.org/Dct/Fra/Fra_414_24.html
414;414_00;ORGANISME FRANCAIS;terme_specifique;414_10;NATEXIS;https://aciege.org/Dct/Fra/Fra_414_10.html
414;414_00;ORGANISME FRANCAIS;terme_specifique;414_15;ORANGE;https://aciege.org/Dct/Fra/Fra_414_15.html
414;414_00;ORGANISME FRANCAIS;terme_specifique;414_05;POLE EMPLOI;https://aciege.org/Dct/Fra/Fra_414_05.html
414;414_05;POLE EMPLOI;terme_generique;414_00;ORGANISME FRANCAIS;https://aciege.org/Dct/Fra/Fra_414_00.html
414;414_05;POLE EMPLOI;employe_pour;AN_2376;ANPE;https://aciege.org/Dct/Fra/AN_2376.html
414;414_05;POLE EMPLOI;employe_pour;Ag_2401;Agence Nationale pour l'Emploi;https://aciege.org/Dct/Fra/Ag_2401.html
415;415_01;AFRIQUE AUSTRALE;terme_generique;415_00;ZONE GEOPOLITIQUE;https://aciege.org/Dct/Fra/Fra_415_00.html
415;415_02;AFRIQUE DE L'EST;terme_generique;415_00;ZONE GEOPOLITIQUE;https://aciege.org/Dct/Fra/Fra_415_00.html
415;415_02;AFRIQUE DE L'EST;employe_pour;Af_2399;Afrique Orientale;https://aciege.org/Dct/Fra/Af_2399.html
415;415_03;AFRIQUE DE L'OUEST;terme_generique;415_00;ZONE GEOPOLITIQUE;https://aciege.org/Dct/Fra/Fra_415_00.html
415;415_03;AFRIQUE DE L'OUEST;employe_pour;Af_2398;Afrique Occidentale;https://aciege.org/Dct/Fra/Af_2398.html
415;415_04;AFRIQUE DU NORD;terme_generique;415_00;ZONE GEOPOLITIQUE;https://aciege.org/Dct/Fra/Fra_415_00.html
415;415_04;AFRIQUE DU NORD;employe_pour;Ma_3141;Maghreb;https://aciege.org/Dct/Fra/Ma_3141.html
415;415_05;AFRIQUE SUBSAHARIENNE;terme_generique;415_00;ZONE GEOPOLITIQUE;https://aciege.org/Dct/Fra/Fra_415_00.html
415;415_06;AMERIQUE CENTRALE;terme_generique;415_00;ZONE GEOPOLITIQUE;https://aciege.org/Dct/Fra/Fra_415_00.html
415;415_07;AMERIQUE DU NORD;terme_generique;415_00;ZONE GEOPOLITIQUE;https://aciege.org/Dct/Fra/Fra_415_00.html
415;415_08;AMERIQUE DU SUD;terme_generique;415_00;ZONE GEOPOLITIQUE;https://aciege.org/Dct/Fra/Fra_415_00.html
415;415_09;AMERIQUE LATINE;terme_generique;415_00;ZONE GEOPOLITIQUE;https://aciege.org/Dct/Fra/Fra_415_00.html
415;415_23;ASIE CENTRALE;terme_generique;415_00;ZONE GEOPOLITIQUE;https://aciege.org/Dct/Fra/Fra_415_00.html
415;415_11;BALKANS;terme_generique;415_00;ZONE GEOPOLITIQUE;https://aciege.org/Dct/Fra/Fra_415_00.html
415;415_12;CAUCASE;terme_generique;415_00;ZONE GEOPOLITIQUE;https://aciege.org/Dct/Fra/Fra_415_00.html
415;415_35;ESPACE;terme_generique;415_00;ZONE GEOPOLITIQUE;https://aciege.org/Dct/Fra/Fra_415_00.html
415;415_34;ESPACE MARITIME;terme_generique;415_00;ZONE GEOPOLITIQUE;https://aciege.org/Dct/Fra/Fra_415_00.html
415;415_34;ESPACE MARITIME;employe_pour;Oc_3247;Ocean;https://aciege.org/Dct/Fra/Oc_3247.html
415;415_13;EUROPE CENTRALE;terme_generique;415_00;ZONE GEOPOLITIQUE;https://aciege.org/Dct/Fra/Fra_415_00.html
415;415_13;EUROPE CENTRALE;employe_pour;PE_3281;PECO;https://aciege.org/Dct/Fra/PE_3281.html
415;415_13;EUROPE CENTRALE;employe_pour;Pa_3297;Pays balte;https://aciege.org/Dct/Fra/Pa_3297.html
415;415_13;EUROPE CENTRALE;employe_pour;Pa_3300;Pays d'Europe Centrale et Orientale;https://aciege.org/Dct/Fra/Pa_3300.html
415;415_14;EUROPE DE L'EST;terme_generique;415_00;ZONE GEOPOLITIQUE;https://aciege.org/Dct/Fra/Fra_415_00.html
415;415_14;EUROPE DE L'EST;employe_pour;Eu_2866;Europe orientale;https://aciege.org/Dct/Fra/Eu_2866.html
415;415_15;EUROPE DE L'OUEST;terme_generique;415_00;ZONE GEOPOLITIQUE;https://aciege.org/Dct/Fra/Fra_415_00.html
415;415_15;EUROPE DE L'OUEST;employe_pour;Eu_2865;Europe Occidentale;https://aciege.org/Dct/Fra/Eu_2865.html
415;415_16;EUROPE DU NORD;terme_generique;415_00;ZONE GEOPOLITIQUE;https://aciege.org/Dct/Fra/Fra_415_00.html
415;415_17;EUROPE DU SUD;terme_generique;415_00;ZONE GEOPOLITIQUE;https://aciege.org/Dct/Fra/Fra_415_00.html
415;415_24;EXTREME ORIENT;terme_generique;415_00;ZONE GEOPOLITIQUE;https://aciege.org/Dct/Fra/Fra_415_00.html
415;415_33;MONDE;terme_generique;415_00;ZONE GEOPOLITIQUE;https://aciege.org/Dct/Fra/Fra_415_00.html
415;415_25;MOYEN ORIENT;terme_generique;415_00;ZONE GEOPOLITIQUE;https://aciege.org/Dct/Fra/Fra_415_00.html
415;415_31;PAYS ACP;terme_generique;415_00;ZONE GEOPOLITIQUE;https://aciege.org/Dct/Fra/Fra_415_00.html
415;415_31;PAYS ACP;employe_pour;Pa_3299;Pays d'Afrique, des Caraïbes et du Pacifique;https://aciege.org/Dct/Fra/Pa_3299.html
415;415_26;PAYS ARABE;terme_generique;415_00;ZONE GEOPOLITIQUE;https://aciege.org/Dct/Fra/Fra_415_00.html
415;415_22;PAYS DE L'UE;terme_generique;415_00;ZONE GEOPOLITIQUE;https://aciege.org/Dct/Fra/Fra_415_00.html
415;415_22;PAYS DE L'UE;employe_pour;Pa_3301;Pays de l'Union Européenne;https://aciege.org/Dct/Fra/Pa_3301.html
415;415_32;PAYS DU GOLFE;terme_generique;415_00;ZONE GEOPOLITIQUE;https://aciege.org/Dct/Fra/Fra_415_00.html
415;415_32;PAYS DU GOLFE;employe_pour;Co_2679;Conseil de coopération du Golfe;https://aciege.org/Dct/Fra/Co_2679.html
415;415_27;PAYS DU PACIFIQUE;terme_generique;415_00;ZONE GEOPOLITIQUE;https://aciege.org/Dct/Fra/Fra_415_00.html
415;415_21;PAYS MEDITERRANEEN;terme_generique;415_00;ZONE GEOPOLITIQUE;https://aciege.org/Dct/Fra/Fra_415_00.html
415;415_28;PAYS PRODUCTEUR DE PETROLE;terme_generique;415_00;ZONE GEOPOLITIQUE;https://aciege.org/Dct/Fra/Fra_415_00.html
415;415_29;PROCHE ORIENT;terme_generique;415_00;ZONE GEOPOLITIQUE;https://aciege.org/Dct/Fra/Fra_415_00.html
415;415_20;SCANDINAVIE;terme_generique;415_00;ZONE GEOPOLITIQUE;https://aciege.org/Dct/Fra/Fra_415_00.html
415;415_30;SUD EST ASIATIQUE;terme_generique;415_00;ZONE GEOPOLITIQUE;https://aciege.org/Dct/Fra/Fra_415_00.html
415;415_30;SUD EST ASIATIQUE;employe_pour;As_2470;Asie du Sud Est;https://aciege.org/Dct/Fra/As_2470.html
415;415_00;ZONE GEOPOLITIQUE;terme_specifique;415_01;AFRIQUE AUSTRALE;https://aciege.org/Dct/Fra/Fra_415_01.html
415;415_00;ZONE GEOPOLITIQUE;terme_specifique;415_02;AFRIQUE DE L'EST;https://aciege.org/Dct/Fra/Fra_415_02.html
415;415_00;ZONE GEOPOLITIQUE;terme_specifique;415_03;AFRIQUE DE L'OUEST;https://aciege.org/Dct/Fra/Fra_415_03.html
415;415_00;ZONE GEOPOLITIQUE;terme_specifique;415_04;AFRIQUE DU NORD;https://aciege.org/Dct/Fra/Fra_415_04.html
415;415_00;ZONE GEOPOLITIQUE;terme_specifique;415_05;AFRIQUE SUBSAHARIENNE;https://aciege.org/Dct/Fra/Fra_415_05.html
415;415_00;ZONE GEOPOLITIQUE;terme_specifique;415_06;AMERIQUE CENTRALE;https://aciege.org/Dct/Fra/Fra_415_06.html
415;415_00;ZONE GEOPOLITIQUE;terme_specifique;415_07;AMERIQUE DU NORD;https://aciege.org/Dct/Fra/Fra_415_07.html
415;415_00;ZONE GEOPOLITIQUE;terme_specifique;415_08;AMERIQUE DU SUD;https://aciege.org/Dct/Fra/Fra_415_08.html
415;415_00;ZONE GEOPOLITIQUE;terme_specifique;415_09;AMERIQUE LATINE;https://aciege.org/Dct/Fra/Fra_415_09.html
415;415_00;ZONE GEOPOLITIQUE;terme_specifique;415_23;ASIE CENTRALE;https://aciege.org/Dct/Fra/Fra_415_23.html
415;415_00;ZONE GEOPOLITIQUE;terme_specifique;415_11;BALKANS;https://aciege.org/Dct/Fra/Fra_415_11.html
415;415_00;ZONE GEOPOLITIQUE;terme_specifique;415_12;CAUCASE;https://aciege.org/Dct/Fra/Fra_415_12.html
415;415_00;ZONE GEOPOLITIQUE;terme_specifique;415_35;ESPACE;https://aciege.org/Dct/Fra/Fra_415_35.html
415;415_00;ZONE GEOPOLITIQUE;terme_specifique;415_34;ESPACE MARITIME;https://aciege.org/Dct/Fra/Fra_415_34.html
415;415_00;ZONE GEOPOLITIQUE;terme_specifique;415_13;EUROPE CENTRALE;https://aciege.org/Dct/Fra/Fra_415_13.html
415;415_00;ZONE GEOPOLITIQUE;terme_specifique;415_14;EUROPE DE L'EST;https://aciege.org/Dct/Fra/Fra_415_14.html
415;415_00;ZONE GEOPOLITIQUE;terme_specifique;415_15;EUROPE DE L'OUEST;https://aciege.org/Dct/Fra/Fra_415_15.html
415;415_00;ZONE GEOPOLITIQUE;terme_specifique;415_16;EUROPE DU NORD;https://aciege.org/Dct/Fra/Fra_415_16.html
415;415_00;ZONE GEOPOLITIQUE;terme_specifique;415_17;EUROPE DU SUD;https://aciege.org/Dct/Fra/Fra_415_17.html
415;415_00;ZONE GEOPOLITIQUE;terme_specifique;415_24;EXTREME ORIENT;https://aciege.org/Dct/Fra/Fra_415_24.html
415;415_00;ZONE GEOPOLITIQUE;terme_specifique;415_33;MONDE;https://aciege.org/Dct/Fra/Fra_415_33.html
415;415_00;ZONE GEOPOLITIQUE;terme_specifique;415_25;MOYEN ORIENT;https://aciege.org/Dct/Fra/Fra_415_25.html
415;415_00;ZONE GEOPOLITIQUE;terme_specifique;415_31;PAYS ACP;https://aciege.org/Dct/Fra/Fra_415_31.html
415;415_00;ZONE GEOPOLITIQUE;terme_specifique;415_26;PAYS ARABE;https://aciege.org/Dct/Fra/Fra_415_26.html
415;415_00;ZONE GEOPOLITIQUE;terme_specifique;415_22;PAYS DE L'UE;https://aciege.org/Dct/Fra/Fra_415_22.html
415;415_00;ZONE GEOPOLITIQUE;terme_specifique;415_32;PAYS DU GOLFE;https://aciege.org/Dct/Fra/Fra_415_32.html
415;415_00;ZONE GEOPOLITIQUE;terme_specifique;415_27;PAYS DU PACIFIQUE;https://aciege.org/Dct/Fra/Fra_415_27.html
415;415_00;ZONE GEOPOLITIQUE;terme_specifique;415_21;PAYS MEDITERRANEEN;https://aciege.org/Dct/Fra/Fra_415_21.html
415;415_00;ZONE GEOPOLITIQUE;terme_specifique;415_28;PAYS PRODUCTEUR DE PETROLE;https://aciege.org/Dct/Fra/Fra_415_28.html
415;415_00;ZONE GEOPOLITIQUE;terme_specifique;415_29;PROCHE ORIENT;https://aciege.org/Dct/Fra/Fra_415_29.html
415;415_00;ZONE GEOPOLITIQUE;terme_specifique;415_20;SCANDINAVIE;https://aciege.org/Dct/Fra/Fra_415_20.html
415;415_00;ZONE GEOPOLITIQUE;terme_specifique;415_30;SUD EST ASIATIQUE;https://aciege.org/Dct/Fra/Fra_415_30.html
416;416_17;ACCORD DE BALE;terme_generique;416_00;ACCORD INTERNATIONAL;https://aciege.org/Dct/Fra/Fra_416_00.html
416;416_16;ACCORD DE COTONOU;terme_generique;416_00;ACCORD INTERNATIONAL;https://aciege.org/Dct/Fra/Fra_416_00.html
416;416_00;ACCORD INTERNATIONAL;terme_specifique;416_17;ACCORD DE BALE;https://aciege.org/Dct/Fra/Fra_416_17.html
416;416_00;ACCORD INTERNATIONAL;terme_specifique;416_16;ACCORD DE COTONOU;https://aciege.org/Dct/Fra/Fra_416_16.html
416;416_00;ACCORD INTERNATIONAL;terme_specifique;416_01;AELE;https://aciege.org/Dct/Fra/Fra_416_01.html
416;416_00;ACCORD INTERNATIONAL;terme_specifique;416_02;ALADI;https://aciege.org/Dct/Fra/Fra_416_02.html
416;416_00;ACCORD INTERNATIONAL;terme_specifique;416_03;ALENA;https://aciege.org/Dct/Fra/Fra_416_03.html
416;416_00;ACCORD INTERNATIONAL;terme_specifique;416_05;ANZCERTA;https://aciege.org/Dct/Fra/Fra_416_05.html
416;416_00;ACCORD INTERNATIONAL;terme_specifique;416_06;CEDEAO;https://aciege.org/Dct/Fra/Fra_416_06.html
416;416_00;ACCORD INTERNATIONAL;terme_specifique;416_07;CEEAC;https://aciege.org/Dct/Fra/Fra_416_07.html
416;416_00;ACCORD INTERNATIONAL;terme_specifique;416_15;COMESA;https://aciege.org/Dct/Fra/Fra_416_15.html
416;416_00;ACCORD INTERNATIONAL;terme_specifique;416_08;EEE;https://aciege.org/Dct/Fra/Fra_416_08.html
416;416_00;ACCORD INTERNATIONAL;terme_specifique;416_09;GATT;https://aciege.org/Dct/Fra/Fra_416_09.html
416;416_00;ACCORD INTERNATIONAL;terme_specifique;416_10;LOME;https://aciege.org/Dct/Fra/Fra_416_10.html
416;416_00;ACCORD INTERNATIONAL;terme_specifique;416_11;MCCA;https://aciege.org/Dct/Fra/Fra_416_11.html
416;416_00;ACCORD INTERNATIONAL;terme_specifique;416_12;MERCOSUR;https://aciege.org/Dct/Fra/Fra_416_12.html
416;416_00;ACCORD INTERNATIONAL;terme_specifique;416_13;PACTE ANDIN;https://aciege.org/Dct/Fra/Fra_416_13.html
416;416_00;ACCORD INTERNATIONAL;terme_specifique;416_14;PACTE DE VISEGRAD;https://aciege.org/Dct/Fra/Fra_416_14.html
416;416_01;AELE;terme_generique;416_00;ACCORD INTERNATIONAL;https://aciege.org/Dct/Fra/Fra_416_00.html
416;416_01;AELE;employe_pour;As_2474;Association Européenne de Libre Echange;https://aciege.org/Dct/Fra/As_2474.html
416;416_02;ALADI;terme_generique;416_00;ACCORD INTERNATIONAL;https://aciege.org/Dct/Fra/Fra_416_00.html
416;416_02;ALADI;employe_pour;AL_2375;ALALE;https://aciege.org/Dct/Fra/AL_2375.html
416;416_02;ALADI;employe_pour;As_2477;Association Latino Américaine de Libre Echange;https://aciege.org/Dct/Fra/As_2477.html
416;416_02;ALADI;employe_pour;As_2482;Association latino américaine d'intégration;https://aciege.org/Dct/Fra/As_2482.html
416;416_03;ALENA;terme_generique;416_00;ACCORD INTERNATIONAL;https://aciege.org/Dct/Fra/Fra_416_00.html
416;416_03;ALENA;employe_pour;Ac_2382;Accord de Libre Echange Nord Américain;https://aciege.org/Dct/Fra/Ac_2382.html
416;416_05;ANZCERTA;terme_generique;416_00;ACCORD INTERNATIONAL;https://aciege.org/Dct/Fra/Fra_416_00.html
416;416_05;ANZCERTA;employe_pour;Ac_2381;Accord commercial de rapprochement économique Australie Nouvelle Zélande;https://aciege.org/Dct/Fra/Ac_2381.html
416;416_06;CEDEAO;terme_generique;416_00;ACCORD INTERNATIONAL;https://aciege.org/Dct/Fra/Fra_416_00.html
416;416_06;CEDEAO;employe_pour;Co_2642;Communauté Economique des Etats de l'Afrique de l'Ouest;https://aciege.org/Dct/Fra/Co_2642.html
416;416_07;CEEAC;terme_generique;416_00;ACCORD INTERNATIONAL;https://aciege.org/Dct/Fra/Fra_416_00.html
416;416_07;CEEAC;employe_pour;UD_3606;UDEAC;https://aciege.org/Dct/Fra/UD_3606.html
416;416_07;CEEAC;employe_pour;Un_3609;Union Douanière et Economique de l'Afrique Centrale;https://aciege.org/Dct/Fra/Un_3609.html
416;416_15;COMESA;terme_generique;416_00;ACCORD INTERNATIONAL;https://aciege.org/Dct/Fra/Fra_416_00.html
416;416_15;COMESA;employe_pour;Ma_3154;Marché Commun des Etats d'Afrique Orientale et du Sud;https://aciege.org/Dct/Fra/Ma_3154.html
416;416_15;COMESA;employe_pour;ZE_3654;ZEP;https://aciege.org/Dct/Fra/ZE_3654.html
416;416_15;COMESA;employe_pour;Zo_3657;Zone d'Echanges Préférentiels Afrique Australe;https://aciege.org/Dct/Fra/Zo_3657.html
416;416_08;EEE;terme_generique;416_00;ACCORD INTERNATIONAL;https://aciege.org/Dct/Fra/Fra_416_00.html
416;416_08;EEE;employe_pour;Es_2855;Espace Economique Européen;https://aciege.org/Dct/Fra/Es_2855.html
416;416_09;GATT;terme_generique;416_00;ACCORD INTERNATIONAL;https://aciege.org/Dct/Fra/Fra_416_00.html
416;416_09;GATT;employe_pour;Ac_2380;Accord Général sur les Tarifs Douaniers et le Commerce;https://aciege.org/Dct/Fra/Ac_2380.html
416;416_10;LOME;terme_generique;416_00;ACCORD INTERNATIONAL;https://aciege.org/Dct/Fra/Fra_416_00.html
416;416_11;MCCA;terme_generique;416_00;ACCORD INTERNATIONAL;https://aciege.org/Dct/Fra/Fra_416_00.html
416;416_11;MCCA;employe_pour;CA_2545;CAEU;https://aciege.org/Dct/Fra/CA_2545.html
416;416_11;MCCA;employe_pour;Ce_2582;Central American Economic Union;https://aciege.org/Dct/Fra/Ce_2582.html
416;416_12;MERCOSUR;terme_generique;416_00;ACCORD INTERNATIONAL;https://aciege.org/Dct/Fra/Fra_416_00.html
416;416_12;MERCOSUR;employe_pour;Ma_3155;Marché Commun du Sud;https://aciege.org/Dct/Fra/Ma_3155.html
416;416_13;PACTE ANDIN;terme_generique;416_00;ACCORD INTERNATIONAL;https://aciege.org/Dct/Fra/Fra_416_00.html
416;416_14;PACTE DE VISEGRAD;terme_generique;416_00;ACCORD INTERNATIONAL;https://aciege.org/Dct/Fra/Fra_416_00.html
420;420_55;AGROALIMENTAIRE SECTEUR;terme_specifique;420_57;ALIMENT POUR ANIMAUX SECTEUR;https://aciege.org/Dct/Fra/Fra_420_57.html
420;420_55;AGROALIMENTAIRE SECTEUR;terme_specifique;420_34;CHOCOLAT ET CONFISERIE SECTEUR;https://aciege.org/Dct/Fra/Fra_420_34.html
420;420_55;AGROALIMENTAIRE SECTEUR;terme_specifique;420_67;CONSERVE ET SURGELE SECTEUR;https://aciege.org/Dct/Fra/Fra_420_67.html
420;420_55;AGROALIMENTAIRE SECTEUR;terme_specifique;420_64;CORPS GRAS ALIMENTAIRE SECTEUR;https://aciege.org/Dct/Fra/Fra_420_64.html
420;420_55;AGROALIMENTAIRE SECTEUR;terme_specifique;420_25;FRUIT ET LEGUME SECTEUR;https://aciege.org/Dct/Fra/Fra_420_25.html
420;420_55;AGROALIMENTAIRE SECTEUR;terme_specifique;420_76;INDUSTRIE DE LA BOISSON SECTEUR;https://aciege.org/Dct/Fra/Fra_420_76.html
420;420_55;AGROALIMENTAIRE SECTEUR;terme_specifique;420_38;INDUSTRIE DE LA VIANDE SECTEUR;https://aciege.org/Dct/Fra/Fra_420_38.html
420;420_55;AGROALIMENTAIRE SECTEUR;terme_specifique;420_37;INDUSTRIE DU LAIT SECTEUR;https://aciege.org/Dct/Fra/Fra_420_37.html
420;420_55;AGROALIMENTAIRE SECTEUR;terme_specifique;420_48;INDUSTRIE DU POISSON SECTEUR;https://aciege.org/Dct/Fra/Fra_420_48.html
420;420_55;AGROALIMENTAIRE SECTEUR;terme_specifique;420_53;MEUNERIE SECTEUR;https://aciege.org/Dct/Fra/Fra_420_53.html
420;420_55;AGROALIMENTAIRE SECTEUR;terme_specifique;420_74;PRODUIT ALIMENTAIRE DIVERS SECTEUR;https://aciege.org/Dct/Fra/Fra_420_74.html
420;420_55;AGROALIMENTAIRE SECTEUR;terme_specifique;420_44;SUCRE ET DERIVES SECTEUR;https://aciege.org/Dct/Fra/Fra_420_44.html
420;420_55;AGROALIMENTAIRE SECTEUR;terme_specifique;420_24;THE ET CAFE SECTEUR;https://aciege.org/Dct/Fra/Fra_420_24.html
420;420_57;ALIMENT POUR ANIMAUX SECTEUR;terme_generique;420_55;AGROALIMENTAIRE SECTEUR;https://aciege.org/Dct/Fra/Fra_420_55.html
420;420_73;ALIMENT POUR BEBE SECTEUR;terme_generique;420_74;PRODUIT ALIMENTAIRE DIVERS SECTEUR;https://aciege.org/Dct/Fra/Fra_420_74.html
420;420_16;BEURRE SECTEUR;terme_generique;420_27;PRODUIT LAITIER SECTEUR;https://aciege.org/Dct/Fra/Fra_420_27.html
420;420_89;BIERE SECTEUR;terme_generique;420_77;BOISSON ALCOOLISEE SECTEUR;https://aciege.org/Dct/Fra/Fra_420_77.html
420;420_32;BISCUITERIE SECTEUR;terme_generique;420_42;BOULANGERIE ET PATISSERIE SECTEUR;https://aciege.org/Dct/Fra/Fra_420_42.html
420;420_77;BOISSON ALCOOLISEE SECTEUR;terme_generique;420_76;INDUSTRIE DE LA BOISSON SECTEUR;https://aciege.org/Dct/Fra/Fra_420_76.html
420;420_77;BOISSON ALCOOLISEE SECTEUR;terme_specifique;420_89;BIERE SECTEUR;https://aciege.org/Dct/Fra/Fra_420_89.html
420;420_77;BOISSON ALCOOLISEE SECTEUR;terme_specifique;420_79;CIDRE SECTEUR;https://aciege.org/Dct/Fra/Fra_420_79.html
420;420_77;BOISSON ALCOOLISEE SECTEUR;terme_specifique;420_99;SPIRITUEUX SECTEUR;https://aciege.org/Dct/Fra/Fra_420_99.html
420;420_77;BOISSON ALCOOLISEE SECTEUR;terme_specifique;420_88;VIN SECTEUR;https://aciege.org/Dct/Fra/Fra_420_88.html
420;420_77;BOISSON ALCOOLISEE SECTEUR;terme_specifique;420_98;WHISKY SECTEUR;https://aciege.org/Dct/Fra/Fra_420_98.html
420;420_97;BOISSON AUX FRUITS SECTEUR;terme_generique;420_86;BOISSON NON ALCOOLISEE SECTEUR;https://aciege.org/Dct/Fra/Fra_420_86.html
420;420_86;BOISSON NON ALCOOLISEE SECTEUR;terme_generique;420_76;INDUSTRIE DE LA BOISSON SECTEUR;https://aciege.org/Dct/Fra/Fra_420_76.html
420;420_86;BOISSON NON ALCOOLISEE SECTEUR;terme_specifique;420_97;BOISSON AUX FRUITS SECTEUR;https://aciege.org/Dct/Fra/Fra_420_97.html
420;420_86;BOISSON NON ALCOOLISEE SECTEUR;terme_specifique;420_96;EAU MINERALE SECTEUR;https://aciege.org/Dct/Fra/Fra_420_96.html
420;420_42;BOULANGERIE ET PATISSERIE SECTEUR;terme_generique;420_53;MEUNERIE SECTEUR;https://aciege.org/Dct/Fra/Fra_420_53.html
420;420_42;BOULANGERIE ET PATISSERIE SECTEUR;terme_specifique;420_32;BISCUITERIE SECTEUR;https://aciege.org/Dct/Fra/Fra_420_32.html
420;420_52;CEREALES POUR PETIT DEJEUNER SECTEUR;terme_generique;420_53;MEUNERIE SECTEUR;https://aciege.org/Dct/Fra/Fra_420_53.html
420;420_19;CHARCUTERIE SECTEUR;terme_generique;420_38;INDUSTRIE DE LA VIANDE SECTEUR;https://aciege.org/Dct/Fra/Fra_420_38.html
420;420_34;CHOCOLAT ET CONFISERIE SECTEUR;terme_generique;420_55;AGROALIMENTAIRE SECTEUR;https://aciege.org/Dct/Fra/Fra_420_55.html
420;420_79;CIDRE SECTEUR;terme_generique;420_77;BOISSON ALCOOLISEE SECTEUR;https://aciege.org/Dct/Fra/Fra_420_77.html
420;420_92;CONDIMENT SECTEUR;terme_generique;420_93;EPICERIE SECTEUR;https://aciege.org/Dct/Fra/Fra_420_93.html
420;420_67;CONSERVE ET SURGELE SECTEUR;terme_generique;420_55;AGROALIMENTAIRE SECTEUR;https://aciege.org/Dct/Fra/Fra_420_55.html
420;420_67;CONSERVE ET SURGELE SECTEUR;terme_specifique;420_69;PLAT CUISINE SECTEUR;https://aciege.org/Dct/Fra/Fra_420_69.html
420;420_64;CORPS GRAS ALIMENTAIRE SECTEUR;terme_generique;420_55;AGROALIMENTAIRE SECTEUR;https://aciege.org/Dct/Fra/Fra_420_55.html
420;420_96;EAU MINERALE SECTEUR;terme_generique;420_86;BOISSON NON ALCOOLISEE SECTEUR;https://aciege.org/Dct/Fra/Fra_420_86.html
420;420_93;EPICERIE SECTEUR;terme_generique;420_74;PRODUIT ALIMENTAIRE DIVERS SECTEUR;https://aciege.org/Dct/Fra/Fra_420_74.html
420;420_93;EPICERIE SECTEUR;terme_specifique;420_92;CONDIMENT SECTEUR;https://aciege.org/Dct/Fra/Fra_420_92.html
420;420_07;FROMAGE SECTEUR;terme_generique;420_27;PRODUIT LAITIER SECTEUR;https://aciege.org/Dct/Fra/Fra_420_27.html
420;420_25;FRUIT ET LEGUME SECTEUR;terme_generique;420_55;AGROALIMENTAIRE SECTEUR;https://aciege.org/Dct/Fra/Fra_420_55.html
420;420_76;INDUSTRIE DE LA BOISSON SECTEUR;terme_generique;420_55;AGROALIMENTAIRE SECTEUR;https://aciege.org/Dct/Fra/Fra_420_55.html
420;420_76;INDUSTRIE DE LA BOISSON SECTEUR;terme_specifique;420_77;BOISSON ALCOOLISEE SECTEUR;https://aciege.org/Dct/Fra/Fra_420_77.html
420;420_76;INDUSTRIE DE LA BOISSON SECTEUR;terme_specifique;420_86;BOISSON NON ALCOOLISEE SECTEUR;https://aciege.org/Dct/Fra/Fra_420_86.html
420;420_38;INDUSTRIE DE LA VIANDE SECTEUR;terme_generique;420_55;AGROALIMENTAIRE SECTEUR;https://aciege.org/Dct/Fra/Fra_420_55.html
420;420_38;INDUSTRIE DE LA VIANDE SECTEUR;terme_specifique;420_19;CHARCUTERIE SECTEUR;https://aciege.org/Dct/Fra/Fra_420_19.html
420;420_38;INDUSTRIE DE LA VIANDE SECTEUR;terme_specifique;420_29;VIANDE SECTEUR;https://aciege.org/Dct/Fra/Fra_420_29.html
420;420_38;INDUSTRIE DE LA VIANDE SECTEUR;terme_specifique;420_18;VOLAILLE SECTEUR;https://aciege.org/Dct/Fra/Fra_420_18.html
420;420_37;INDUSTRIE DU LAIT SECTEUR;terme_generique;420_55;AGROALIMENTAIRE SECTEUR;https://aciege.org/Dct/Fra/Fra_420_55.html
420;420_37;INDUSTRIE DU LAIT SECTEUR;terme_specifique;420_27;PRODUIT LAITIER SECTEUR;https://aciege.org/Dct/Fra/Fra_420_27.html
420;420_48;INDUSTRIE DU POISSON SECTEUR;terme_generique;420_55;AGROALIMENTAIRE SECTEUR;https://aciege.org/Dct/Fra/Fra_420_55.html
420;420_53;MEUNERIE SECTEUR;terme_generique;420_55;AGROALIMENTAIRE SECTEUR;https://aciege.org/Dct/Fra/Fra_420_55.html
420;420_53;MEUNERIE SECTEUR;terme_specifique;420_42;BOULANGERIE ET PATISSERIE SECTEUR;https://aciege.org/Dct/Fra/Fra_420_42.html
420;420_53;MEUNERIE SECTEUR;terme_specifique;420_52;CEREALES POUR PETIT DEJEUNER SECTEUR;https://aciege.org/Dct/Fra/Fra_420_52.html
420;420_08;OEUF SECTEUR;terme_generique;420_18;VOLAILLE SECTEUR;https://aciege.org/Dct/Fra/Fra_420_18.html
420;420_69;PLAT CUISINE SECTEUR;terme_generique;420_67;CONSERVE ET SURGELE SECTEUR;https://aciege.org/Dct/Fra/Fra_420_67.html
420;420_74;PRODUIT ALIMENTAIRE DIVERS SECTEUR;terme_generique;420_55;AGROALIMENTAIRE SECTEUR;https://aciege.org/Dct/Fra/Fra_420_55.html
420;420_74;PRODUIT ALIMENTAIRE DIVERS SECTEUR;terme_specifique;420_73;ALIMENT POUR BEBE SECTEUR;https://aciege.org/Dct/Fra/Fra_420_73.html
420;420_74;PRODUIT ALIMENTAIRE DIVERS SECTEUR;terme_specifique;420_93;EPICERIE SECTEUR;https://aciege.org/Dct/Fra/Fra_420_93.html
420;420_74;PRODUIT ALIMENTAIRE DIVERS SECTEUR;terme_specifique;420_83;PRODUIT DIETETIQUE SECTEUR;https://aciege.org/Dct/Fra/Fra_420_83.html
420;420_83;PRODUIT DIETETIQUE SECTEUR;terme_generique;420_74;PRODUIT ALIMENTAIRE DIVERS SECTEUR;https://aciege.org/Dct/Fra/Fra_420_74.html
420;420_27;PRODUIT LAITIER SECTEUR;terme_generique;420_37;INDUSTRIE DU LAIT SECTEUR;https://aciege.org/Dct/Fra/Fra_420_37.html
420;420_27;PRODUIT LAITIER SECTEUR;terme_specifique;420_16;BEURRE SECTEUR;https://aciege.org/Dct/Fra/Fra_420_16.html
420;420_27;PRODUIT LAITIER SECTEUR;terme_specifique;420_07;FROMAGE SECTEUR;https://aciege.org/Dct/Fra/Fra_420_07.html
420;420_27;PRODUIT LAITIER SECTEUR;terme_specifique;420_06;YAOURT SECTEUR;https://aciege.org/Dct/Fra/Fra_420_06.html
420;420_99;SPIRITUEUX SECTEUR;terme_generique;420_77;BOISSON ALCOOLISEE SECTEUR;https://aciege.org/Dct/Fra/Fra_420_77.html
420;420_44;SUCRE ET DERIVES SECTEUR;terme_generique;420_55;AGROALIMENTAIRE SECTEUR;https://aciege.org/Dct/Fra/Fra_420_55.html
420;420_24;THE ET CAFE SECTEUR;terme_generique;420_55;AGROALIMENTAIRE SECTEUR;https://aciege.org/Dct/Fra/Fra_420_55.html
420;420_29;VIANDE SECTEUR;terme_generique;420_38;INDUSTRIE DE LA VIANDE SECTEUR;https://aciege.org/Dct/Fra/Fra_420_38.html
420;420_88;VIN SECTEUR;terme_generique;420_77;BOISSON ALCOOLISEE SECTEUR;https://aciege.org/Dct/Fra/Fra_420_77.html
420;420_88;VIN SECTEUR;employe_pour;Ch_2606;Champagne secteur;https://aciege.org/Dct/Fra/Ch_2606.html
420;420_18;VOLAILLE SECTEUR;terme_generique;420_38;INDUSTRIE DE LA VIANDE SECTEUR;https://aciege.org/Dct/Fra/Fra_420_38.html
420;420_18;VOLAILLE SECTEUR;terme_specifique;420_08;OEUF SECTEUR;https://aciege.org/Dct/Fra/Fra_420_08.html
420;420_98;WHISKY SECTEUR;terme_generique;420_77;BOISSON ALCOOLISEE SECTEUR;https://aciege.org/Dct/Fra/Fra_420_77.html
420;420_06;YAOURT SECTEUR;terme_generique;420_27;PRODUIT LAITIER SECTEUR;https://aciege.org/Dct/Fra/Fra_420_27.html
421;421_44;AGRICULTURE SECTEUR;terme_generique;421_55;EXPLOITATION DU MILIEU NATUREL SECTEUR;https://aciege.org/Dct/Fra/Fra_421_55.html
421;421_44;AGRICULTURE SECTEUR;terme_specifique;421_35;HORTICULTURE SECTEUR;https://aciege.org/Dct/Fra/Fra_421_35.html
421;421_44;AGRICULTURE SECTEUR;terme_specifique;421_33;JARDINERIE SECTEUR;https://aciege.org/Dct/Fra/Fra_421_33.html
421;421_44;AGRICULTURE SECTEUR;terme_specifique;421_13;PRODUCTION DE CEREALE SECTEUR;https://aciege.org/Dct/Fra/Fra_421_13.html
421;421_44;AGRICULTURE SECTEUR;terme_specifique;421_03;SYLVICULTURE SECTEUR;https://aciege.org/Dct/Fra/Fra_421_03.html
421;421_44;AGRICULTURE SECTEUR;terme_specifique;421_15;TABAC SECTEUR;https://aciege.org/Dct/Fra/Fra_421_15.html
421;421_44;AGRICULTURE SECTEUR;terme_specifique;421_05;VITICULTURE SECTEUR;https://aciege.org/Dct/Fra/Fra_421_05.html
421;421_36;APICULTURE SECTEUR;terme_generique;421_47;PRODUCTION ANIMALE SECTEUR;https://aciege.org/Dct/Fra/Fra_421_47.html
421;421_28;AQUACULTURE SECTEUR;terme_generique;421_47;PRODUCTION ANIMALE SECTEUR;https://aciege.org/Dct/Fra/Fra_421_47.html
421;421_27;AVICULTURE SECTEUR;terme_generique;421_47;PRODUCTION ANIMALE SECTEUR;https://aciege.org/Dct/Fra/Fra_421_47.html
421;421_21;CHARBON SECTEUR;terme_generique;421_42;INDUSTRIE EXTRACTIVE SECTEUR;https://aciege.org/Dct/Fra/Fra_421_42.html
421;421_58;CONCHYLICULTURE SECTEUR;terme_generique;421_67;EXPLOITATION DU MILIEU MARIN SECTEUR;https://aciege.org/Dct/Fra/Fra_421_67.html
421;421_67;EXPLOITATION DU MILIEU MARIN SECTEUR;terme_generique;421_55;EXPLOITATION DU MILIEU NATUREL SECTEUR;https://aciege.org/Dct/Fra/Fra_421_55.html
421;421_67;EXPLOITATION DU MILIEU MARIN SECTEUR;terme_specifique;421_58;CONCHYLICULTURE SECTEUR;https://aciege.org/Dct/Fra/Fra_421_58.html
421;421_67;EXPLOITATION DU MILIEU MARIN SECTEUR;terme_specifique;421_68;OSTREICULTURE SECTEUR;https://aciege.org/Dct/Fra/Fra_421_68.html
421;421_55;EXPLOITATION DU MILIEU NATUREL SECTEUR;terme_specifique;421_44;AGRICULTURE SECTEUR;https://aciege.org/Dct/Fra/Fra_421_44.html
421;421_55;EXPLOITATION DU MILIEU NATUREL SECTEUR;terme_specifique;421_67;EXPLOITATION DU MILIEU MARIN SECTEUR;https://aciege.org/Dct/Fra/Fra_421_67.html
421;421_55;EXPLOITATION DU MILIEU NATUREL SECTEUR;terme_specifique;421_42;INDUSTRIE EXTRACTIVE SECTEUR;https://aciege.org/Dct/Fra/Fra_421_42.html
421;421_55;EXPLOITATION DU MILIEU NATUREL SECTEUR;terme_specifique;421_47;PRODUCTION ANIMALE SECTEUR;https://aciege.org/Dct/Fra/Fra_421_47.html
421;421_55;EXPLOITATION DU MILIEU NATUREL SECTEUR;terme_specifique;421_52;PRODUCTION ET DISTRIBUTION D'ENERGIE SECTEUR;https://aciege.org/Dct/Fra/Fra_421_52.html
421;421_55;EXPLOITATION DU MILIEU NATUREL SECTEUR;terme_specifique;421_71;TRAITEMENT ET DISTRIBUTION D'EAU SECTEUR;https://aciege.org/Dct/Fra/Fra_421_71.html
421;421_35;HORTICULTURE SECTEUR;terme_generique;421_44;AGRICULTURE SECTEUR;https://aciege.org/Dct/Fra/Fra_421_44.html
421;421_42;INDUSTRIE EXTRACTIVE SECTEUR;terme_generique;421_55;EXPLOITATION DU MILIEU NATUREL SECTEUR;https://aciege.org/Dct/Fra/Fra_421_55.html
421;421_42;INDUSTRIE EXTRACTIVE SECTEUR;terme_specifique;421_21;CHARBON SECTEUR;https://aciege.org/Dct/Fra/Fra_421_21.html
421;421_42;INDUSTRIE EXTRACTIVE SECTEUR;terme_specifique;421_30;METAL SECTEUR;https://aciege.org/Dct/Fra/Fra_421_30.html
421;421_42;INDUSTRIE EXTRACTIVE SECTEUR;terme_specifique;421_20;MINERAI SECTEUR;https://aciege.org/Dct/Fra/Fra_421_20.html
421;421_33;JARDINERIE SECTEUR;terme_generique;421_44;AGRICULTURE SECTEUR;https://aciege.org/Dct/Fra/Fra_421_44.html
421;421_30;METAL SECTEUR;terme_generique;421_42;INDUSTRIE EXTRACTIVE SECTEUR;https://aciege.org/Dct/Fra/Fra_421_42.html
421;421_20;MINERAI SECTEUR;terme_generique;421_42;INDUSTRIE EXTRACTIVE SECTEUR;https://aciege.org/Dct/Fra/Fra_421_42.html
421;421_68;OSTREICULTURE SECTEUR;terme_generique;421_67;EXPLOITATION DU MILIEU MARIN SECTEUR;https://aciege.org/Dct/Fra/Fra_421_67.html
421;421_48;PECHE SECTEUR;terme_generique;421_47;PRODUCTION ANIMALE SECTEUR;https://aciege.org/Dct/Fra/Fra_421_47.html
421;421_38;PISCICULTURE SECTEUR;terme_generique;421_47;PRODUCTION ANIMALE SECTEUR;https://aciege.org/Dct/Fra/Fra_421_47.html
421;421_47;PRODUCTION ANIMALE SECTEUR;terme_generique;421_55;EXPLOITATION DU MILIEU NATUREL SECTEUR;https://aciege.org/Dct/Fra/Fra_421_55.html
421;421_47;PRODUCTION ANIMALE SECTEUR;terme_specifique;421_36;APICULTURE SECTEUR;https://aciege.org/Dct/Fra/Fra_421_36.html
421;421_47;PRODUCTION ANIMALE SECTEUR;terme_specifique;421_28;AQUACULTURE SECTEUR;https://aciege.org/Dct/Fra/Fra_421_28.html
421;421_47;PRODUCTION ANIMALE SECTEUR;terme_specifique;421_27;AVICULTURE SECTEUR;https://aciege.org/Dct/Fra/Fra_421_27.html
421;421_47;PRODUCTION ANIMALE SECTEUR;terme_specifique;421_48;PECHE SECTEUR;https://aciege.org/Dct/Fra/Fra_421_48.html
421;421_47;PRODUCTION ANIMALE SECTEUR;terme_specifique;421_38;PISCICULTURE SECTEUR;https://aciege.org/Dct/Fra/Fra_421_38.html
421;421_13;PRODUCTION DE CEREALE SECTEUR;terme_generique;421_44;AGRICULTURE SECTEUR;https://aciege.org/Dct/Fra/Fra_421_44.html
421;421_52;PRODUCTION ET DISTRIBUTION D'ENERGIE SECTEUR;terme_generique;421_55;EXPLOITATION DU MILIEU NATUREL SECTEUR;https://aciege.org/Dct/Fra/Fra_421_55.html
421;421_03;SYLVICULTURE SECTEUR;terme_generique;421_44;AGRICULTURE SECTEUR;https://aciege.org/Dct/Fra/Fra_421_44.html
421;421_15;TABAC SECTEUR;terme_generique;421_44;AGRICULTURE SECTEUR;https://aciege.org/Dct/Fra/Fra_421_44.html
421;421_71;TRAITEMENT ET DISTRIBUTION D'EAU SECTEUR;terme_generique;421_55;EXPLOITATION DU MILIEU NATUREL SECTEUR;https://aciege.org/Dct/Fra/Fra_421_55.html
421;421_05;VITICULTURE SECTEUR;terme_generique;421_44;AGRICULTURE SECTEUR;https://aciege.org/Dct/Fra/Fra_421_44.html
422;422_81;ACCASTILLAGE SECTEUR;terme_generique;422_71;CONSTRUCTION NAVALE SECTEUR;https://aciege.org/Dct/Fra/Fra_422_71.html
422;422_51;AERONAUTIQUE SECTEUR;terme_generique;422_55;TRAVAIL DES METAUX SECTEUR;https://aciege.org/Dct/Fra/Fra_422_55.html
422;422_51;AERONAUTIQUE SECTEUR;terme_specifique;422_50;AEROSPATIALE SECTEUR;https://aciege.org/Dct/Fra/Fra_422_50.html
422;422_50;AEROSPATIALE SECTEUR;terme_generique;422_51;AERONAUTIQUE SECTEUR;https://aciege.org/Dct/Fra/Fra_422_51.html
422;422_39;ARME SECTEUR;terme_generique;422_56;MECANIQUE SECTEUR;https://aciege.org/Dct/Fra/Fra_422_56.html
422;422_43;AUTOMOBILE SECTEUR;terme_generique;422_55;TRAVAIL DES METAUX SECTEUR;https://aciege.org/Dct/Fra/Fra_422_55.html
422;422_43;AUTOMOBILE SECTEUR;terme_specifique;422_23;CARAVANING SECTEUR;https://aciege.org/Dct/Fra/Fra_422_23.html
422;422_43;AUTOMOBILE SECTEUR;terme_specifique;422_32;CYCLE ET MOTOCYCLE SECTEUR;https://aciege.org/Dct/Fra/Fra_422_32.html
422;422_43;AUTOMOBILE SECTEUR;terme_specifique;422_30;EQUIPEMENT AUTOMOBILE SECTEUR;https://aciege.org/Dct/Fra/Fra_422_30.html
422;422_43;AUTOMOBILE SECTEUR;terme_specifique;422_31;REPARATION AUTOMOBILE SECTEUR;https://aciege.org/Dct/Fra/Fra_422_31.html
422;422_43;AUTOMOBILE SECTEUR;terme_specifique;422_22;VEHICULE UTILITAIRE SECTEUR;https://aciege.org/Dct/Fra/Fra_422_22.html
422;422_23;CARAVANING SECTEUR;terme_generique;422_43;AUTOMOBILE SECTEUR;https://aciege.org/Dct/Fra/Fra_422_43.html
422;422_73;CONSTRUCTION FERROVIAIRE SECTEUR;terme_generique;422_55;TRAVAIL DES METAUX SECTEUR;https://aciege.org/Dct/Fra/Fra_422_55.html
422;422_80;CONSTRUCTION FLUVIALE SECTEUR;terme_generique;422_71;CONSTRUCTION NAVALE SECTEUR;https://aciege.org/Dct/Fra/Fra_422_71.html
422;422_84;CONSTRUCTION METALLIQUE SECTEUR;terme_generique;422_55;TRAVAIL DES METAUX SECTEUR;https://aciege.org/Dct/Fra/Fra_422_55.html
422;422_84;CONSTRUCTION METALLIQUE SECTEUR;terme_specifique;422_95;MATERIEL METALLIQUE SECTEUR;https://aciege.org/Dct/Fra/Fra_422_95.html
422;422_84;CONSTRUCTION METALLIQUE SECTEUR;terme_specifique;422_94;MOBILIER METALLIQUE SECTEUR;https://aciege.org/Dct/Fra/Fra_422_94.html
422;422_71;CONSTRUCTION NAVALE SECTEUR;terme_generique;422_55;TRAVAIL DES METAUX SECTEUR;https://aciege.org/Dct/Fra/Fra_422_55.html
422;422_71;CONSTRUCTION NAVALE SECTEUR;terme_specifique;422_81;ACCASTILLAGE SECTEUR;https://aciege.org/Dct/Fra/Fra_422_81.html
422;422_71;CONSTRUCTION NAVALE SECTEUR;terme_specifique;422_80;CONSTRUCTION FLUVIALE SECTEUR;https://aciege.org/Dct/Fra/Fra_422_80.html
422;422_32;CYCLE ET MOTOCYCLE SECTEUR;terme_generique;422_43;AUTOMOBILE SECTEUR;https://aciege.org/Dct/Fra/Fra_422_43.html
422;422_30;EQUIPEMENT AUTOMOBILE SECTEUR;terme_generique;422_43;AUTOMOBILE SECTEUR;https://aciege.org/Dct/Fra/Fra_422_43.html
422;422_34;EQUIPEMENT INDUSTRIEL SECTEUR;terme_generique;422_55;TRAVAIL DES METAUX SECTEUR;https://aciege.org/Dct/Fra/Fra_422_55.html
422;422_34;EQUIPEMENT INDUSTRIEL SECTEUR;terme_specifique;422_35;MACHINE OUTIL SECTEUR;https://aciege.org/Dct/Fra/Fra_422_35.html
422;422_34;EQUIPEMENT INDUSTRIEL SECTEUR;terme_specifique;422_25;MATERIEL DE LEVAGE ET MANUTENTION SECTEUR;https://aciege.org/Dct/Fra/Fra_422_25.html
422;422_34;EQUIPEMENT INDUSTRIEL SECTEUR;terme_specifique;422_24;MATERIEL DE TRAVAUX PUBLICS SECTEUR;https://aciege.org/Dct/Fra/Fra_422_24.html
422;422_46;EQUIPEMENT THERMIQUE SECTEUR;terme_generique;422_56;MECANIQUE SECTEUR;https://aciege.org/Dct/Fra/Fra_422_56.html
422;422_38;HORLOGERIE SECTEUR;terme_generique;422_56;MECANIQUE SECTEUR;https://aciege.org/Dct/Fra/Fra_422_56.html
422;422_27;INSTRUMENT DE MESURE SECTEUR;terme_generique;422_37;MECANIQUE DE PRECISION SECTEUR;https://aciege.org/Dct/Fra/Fra_422_37.html
422;422_59;MACHINE AGRICOLE SECTEUR;terme_generique;422_56;MECANIQUE SECTEUR;https://aciege.org/Dct/Fra/Fra_422_56.html
422;422_68;MACHINE HYDRAULIQUE SECTEUR;terme_generique;422_56;MECANIQUE SECTEUR;https://aciege.org/Dct/Fra/Fra_422_56.html
422;422_35;MACHINE OUTIL SECTEUR;terme_generique;422_34;EQUIPEMENT INDUSTRIEL SECTEUR;https://aciege.org/Dct/Fra/Fra_422_34.html
422;422_69;MACHINE PNEUMATIQUE SECTEUR;terme_generique;422_56;MECANIQUE SECTEUR;https://aciege.org/Dct/Fra/Fra_422_56.html
422;422_25;MATERIEL DE LEVAGE ET MANUTENTION SECTEUR;terme_generique;422_34;EQUIPEMENT INDUSTRIEL SECTEUR;https://aciege.org/Dct/Fra/Fra_422_34.html
422;422_24;MATERIEL DE TRAVAUX PUBLICS SECTEUR;terme_generique;422_34;EQUIPEMENT INDUSTRIEL SECTEUR;https://aciege.org/Dct/Fra/Fra_422_34.html
422;422_49;MATERIEL MEDICAL ET PARAMEDICAL SECTEUR;terme_generique;422_56;MECANIQUE SECTEUR;https://aciege.org/Dct/Fra/Fra_422_56.html
422;422_95;MATERIEL METALLIQUE SECTEUR;terme_generique;422_84;CONSTRUCTION METALLIQUE SECTEUR;https://aciege.org/Dct/Fra/Fra_422_84.html
422;422_37;MECANIQUE DE PRECISION SECTEUR;terme_generique;422_56;MECANIQUE SECTEUR;https://aciege.org/Dct/Fra/Fra_422_56.html
422;422_37;MECANIQUE DE PRECISION SECTEUR;terme_specifique;422_27;INSTRUMENT DE MESURE SECTEUR;https://aciege.org/Dct/Fra/Fra_422_27.html
422;422_56;MECANIQUE SECTEUR;terme_generique;422_55;TRAVAIL DES METAUX SECTEUR;https://aciege.org/Dct/Fra/Fra_422_55.html
422;422_56;MECANIQUE SECTEUR;terme_specifique;422_39;ARME SECTEUR;https://aciege.org/Dct/Fra/Fra_422_39.html
422;422_56;MECANIQUE SECTEUR;terme_specifique;422_46;EQUIPEMENT THERMIQUE SECTEUR;https://aciege.org/Dct/Fra/Fra_422_46.html
422;422_56;MECANIQUE SECTEUR;terme_specifique;422_38;HORLOGERIE SECTEUR;https://aciege.org/Dct/Fra/Fra_422_38.html
422;422_56;MECANIQUE SECTEUR;terme_specifique;422_59;MACHINE AGRICOLE SECTEUR;https://aciege.org/Dct/Fra/Fra_422_59.html
422;422_56;MECANIQUE SECTEUR;terme_specifique;422_68;MACHINE HYDRAULIQUE SECTEUR;https://aciege.org/Dct/Fra/Fra_422_68.html
422;422_56;MECANIQUE SECTEUR;terme_specifique;422_69;MACHINE PNEUMATIQUE SECTEUR;https://aciege.org/Dct/Fra/Fra_422_69.html
422;422_56;MECANIQUE SECTEUR;terme_specifique;422_49;MATERIEL MEDICAL ET PARAMEDICAL SECTEUR;https://aciege.org/Dct/Fra/Fra_422_49.html
422;422_56;MECANIQUE SECTEUR;terme_specifique;422_37;MECANIQUE DE PRECISION SECTEUR;https://aciege.org/Dct/Fra/Fra_422_37.html
422;422_56;MECANIQUE SECTEUR;terme_specifique;422_67;MOTEUR SECTEUR;https://aciege.org/Dct/Fra/Fra_422_67.html
422;422_86;METALLURGIE NON FERREUSE SECTEUR;terme_generique;422_76;METALLURGIE SECTEUR;https://aciege.org/Dct/Fra/Fra_422_76.html
422;422_76;METALLURGIE SECTEUR;terme_generique;422_55;TRAVAIL DES METAUX SECTEUR;https://aciege.org/Dct/Fra/Fra_422_55.html
422;422_76;METALLURGIE SECTEUR;terme_specifique;422_86;METALLURGIE NON FERREUSE SECTEUR;https://aciege.org/Dct/Fra/Fra_422_86.html
422;422_76;METALLURGIE SECTEUR;terme_specifique;422_88;SIDERURGIE SECTEUR;https://aciege.org/Dct/Fra/Fra_422_88.html
422;422_94;MOBILIER METALLIQUE SECTEUR;terme_generique;422_84;CONSTRUCTION METALLIQUE SECTEUR;https://aciege.org/Dct/Fra/Fra_422_84.html
422;422_67;MOTEUR SECTEUR;terme_generique;422_56;MECANIQUE SECTEUR;https://aciege.org/Dct/Fra/Fra_422_56.html
422;422_45;OUTILLAGE SECTEUR;terme_generique;422_55;TRAVAIL DES METAUX SECTEUR;https://aciege.org/Dct/Fra/Fra_422_55.html
422;422_53;QUINCAILLERIE SECTEUR;terme_generique;422_55;TRAVAIL DES METAUX SECTEUR;https://aciege.org/Dct/Fra/Fra_422_55.html
422;422_31;REPARATION AUTOMOBILE SECTEUR;terme_generique;422_43;AUTOMOBILE SECTEUR;https://aciege.org/Dct/Fra/Fra_422_43.html
422;422_88;SIDERURGIE SECTEUR;terme_generique;422_76;METALLURGIE SECTEUR;https://aciege.org/Dct/Fra/Fra_422_76.html
422;422_55;TRAVAIL DES METAUX SECTEUR;terme_specifique;422_51;AERONAUTIQUE SECTEUR;https://aciege.org/Dct/Fra/Fra_422_51.html
422;422_55;TRAVAIL DES METAUX SECTEUR;terme_specifique;422_43;AUTOMOBILE SECTEUR;https://aciege.org/Dct/Fra/Fra_422_43.html
422;422_55;TRAVAIL DES METAUX SECTEUR;terme_specifique;422_73;CONSTRUCTION FERROVIAIRE SECTEUR;https://aciege.org/Dct/Fra/Fra_422_73.html
422;422_55;TRAVAIL DES METAUX SECTEUR;terme_specifique;422_84;CONSTRUCTION METALLIQUE SECTEUR;https://aciege.org/Dct/Fra/Fra_422_84.html
422;422_55;TRAVAIL DES METAUX SECTEUR;terme_specifique;422_71;CONSTRUCTION NAVALE SECTEUR;https://aciege.org/Dct/Fra/Fra_422_71.html
422;422_55;TRAVAIL DES METAUX SECTEUR;terme_specifique;422_34;EQUIPEMENT INDUSTRIEL SECTEUR;https://aciege.org/Dct/Fra/Fra_422_34.html
422;422_55;TRAVAIL DES METAUX SECTEUR;terme_specifique;422_56;MECANIQUE SECTEUR;https://aciege.org/Dct/Fra/Fra_422_56.html
422;422_55;TRAVAIL DES METAUX SECTEUR;terme_specifique;422_76;METALLURGIE SECTEUR;https://aciege.org/Dct/Fra/Fra_422_76.html
422;422_55;TRAVAIL DES METAUX SECTEUR;terme_specifique;422_45;OUTILLAGE SECTEUR;https://aciege.org/Dct/Fra/Fra_422_45.html
422;422_55;TRAVAIL DES METAUX SECTEUR;terme_specifique;422_53;QUINCAILLERIE SECTEUR;https://aciege.org/Dct/Fra/Fra_422_53.html
422;422_22;VEHICULE UTILITAIRE SECTEUR;terme_generique;422_43;AUTOMOBILE SECTEUR;https://aciege.org/Dct/Fra/Fra_422_43.html
423;423_15;COMPOSANT ELECTRONIQUE SECTEUR;terme_generique;423_35;ELECTRONIQUE SECTEUR;https://aciege.org/Dct/Fra/Fra_423_35.html
423;423_69;ECLAIRAGE SECTEUR;terme_generique;423_57;MATERIEL ELECTRIQUE SECTEUR;https://aciege.org/Dct/Fra/Fra_423_57.html
423;423_55;ELECTRICITE ET ELECTRONIQUE SECTEUR;terme_specifique;423_35;ELECTRONIQUE SECTEUR;https://aciege.org/Dct/Fra/Fra_423_35.html
423;423_55;ELECTRICITE ET ELECTRONIQUE SECTEUR;terme_specifique;423_75;INSTALLATION ELECTRIQUE SECTEUR;https://aciege.org/Dct/Fra/Fra_423_75.html
423;423_55;ELECTRICITE ET ELECTRONIQUE SECTEUR;terme_specifique;423_57;MATERIEL ELECTRIQUE SECTEUR;https://aciege.org/Dct/Fra/Fra_423_57.html
423;423_55;ELECTRICITE ET ELECTRONIQUE SECTEUR;terme_specifique;423_53;MATERIEL ELECTRONIQUE SECTEUR;https://aciege.org/Dct/Fra/Fra_423_53.html
423;423_49;ELECTROMENAGER SECTEUR;terme_generique;423_57;MATERIEL ELECTRIQUE SECTEUR;https://aciege.org/Dct/Fra/Fra_423_57.html
423;423_49;ELECTROMENAGER SECTEUR;terme_specifique;423_39;PETIT ELECTROMENAGER SECTEUR;https://aciege.org/Dct/Fra/Fra_423_39.html
423;423_35;ELECTRONIQUE SECTEUR;terme_generique;423_55;ELECTRICITE ET ELECTRONIQUE SECTEUR;https://aciege.org/Dct/Fra/Fra_423_55.html
423;423_35;ELECTRONIQUE SECTEUR;terme_specifique;423_15;COMPOSANT ELECTRONIQUE SECTEUR;https://aciege.org/Dct/Fra/Fra_423_15.html
423;423_35;ELECTRONIQUE SECTEUR;terme_specifique;423_26;MICRO ELECTRONIQUE SECTEUR;https://aciege.org/Dct/Fra/Fra_423_26.html
423;423_35;ELECTRONIQUE SECTEUR;terme_specifique;423_33;ROBOTIQUE SECTEUR;https://aciege.org/Dct/Fra/Fra_423_33.html
423;423_51;INFORMATIQUE ET BUREAUTIQUE SECTEUR;terme_generique;423_53;MATERIEL ELECTRONIQUE SECTEUR;https://aciege.org/Dct/Fra/Fra_423_53.html
423;423_75;INSTALLATION ELECTRIQUE SECTEUR;terme_generique;423_55;ELECTRICITE ET ELECTRONIQUE SECTEUR;https://aciege.org/Dct/Fra/Fra_423_55.html
423;423_41;MATERIEL AUDIOVISUEL SECTEUR;terme_generique;423_53;MATERIEL ELECTRONIQUE SECTEUR;https://aciege.org/Dct/Fra/Fra_423_53.html
423;423_61;MATERIEL DE TELECOMMUNICATION SECTEUR;terme_generique;423_53;MATERIEL ELECTRONIQUE SECTEUR;https://aciege.org/Dct/Fra/Fra_423_53.html
423;423_57;MATERIEL ELECTRIQUE SECTEUR;terme_generique;423_55;ELECTRICITE ET ELECTRONIQUE SECTEUR;https://aciege.org/Dct/Fra/Fra_423_55.html
423;423_57;MATERIEL ELECTRIQUE SECTEUR;terme_specifique;423_69;ECLAIRAGE SECTEUR;https://aciege.org/Dct/Fra/Fra_423_69.html
423;423_57;MATERIEL ELECTRIQUE SECTEUR;terme_specifique;423_49;ELECTROMENAGER SECTEUR;https://aciege.org/Dct/Fra/Fra_423_49.html
423;423_53;MATERIEL ELECTRONIQUE SECTEUR;terme_generique;423_55;ELECTRICITE ET ELECTRONIQUE SECTEUR;https://aciege.org/Dct/Fra/Fra_423_55.html
423;423_53;MATERIEL ELECTRONIQUE SECTEUR;terme_specifique;423_51;INFORMATIQUE ET BUREAUTIQUE SECTEUR;https://aciege.org/Dct/Fra/Fra_423_51.html
423;423_53;MATERIEL ELECTRONIQUE SECTEUR;terme_specifique;423_41;MATERIEL AUDIOVISUEL SECTEUR;https://aciege.org/Dct/Fra/Fra_423_41.html
423;423_53;MATERIEL ELECTRONIQUE SECTEUR;terme_specifique;423_61;MATERIEL DE TELECOMMUNICATION SECTEUR;https://aciege.org/Dct/Fra/Fra_423_61.html
423;423_26;MICRO ELECTRONIQUE SECTEUR;terme_generique;423_35;ELECTRONIQUE SECTEUR;https://aciege.org/Dct/Fra/Fra_423_35.html
423;423_39;PETIT ELECTROMENAGER SECTEUR;terme_generique;423_49;ELECTROMENAGER SECTEUR;https://aciege.org/Dct/Fra/Fra_423_49.html
423;423_33;ROBOTIQUE SECTEUR;terme_generique;423_35;ELECTRONIQUE SECTEUR;https://aciege.org/Dct/Fra/Fra_423_35.html
424;424_37;ABRASIF SECTEUR;terme_generique;424_45;PARACHIMIE SECTEUR;https://aciege.org/Dct/Fra/Fra_424_45.html
424;424_74;AGROCHIMIE SECTEUR;terme_generique;424_55;CHIMIE SECTEUR;https://aciege.org/Dct/Fra/Fra_424_55.html
424;424_74;AGROCHIMIE SECTEUR;terme_specifique;424_84;ENGRAIS SECTEUR;https://aciege.org/Dct/Fra/Fra_424_84.html
424;424_43;BIOTECHNOLOGIE SECTEUR;terme_generique;424_55;CHIMIE SECTEUR;https://aciege.org/Dct/Fra/Fra_424_55.html
424;424_69;CAOUTCHOUC SYNTHETIQUE SECTEUR;terme_generique;424_57;CHIMIE ORGANIQUE DE SYNTHESE SECTEUR;https://aciege.org/Dct/Fra/Fra_424_57.html
424;424_88;CARBOCHIMIE SECTEUR;terme_generique;424_57;CHIMIE ORGANIQUE DE SYNTHESE SECTEUR;https://aciege.org/Dct/Fra/Fra_424_57.html
424;424_75;CHIMIE MINERALE SECTEUR;terme_generique;424_55;CHIMIE SECTEUR;https://aciege.org/Dct/Fra/Fra_424_55.html
424;424_57;CHIMIE ORGANIQUE DE SYNTHESE SECTEUR;terme_generique;424_55;CHIMIE SECTEUR;https://aciege.org/Dct/Fra/Fra_424_55.html
424;424_57;CHIMIE ORGANIQUE DE SYNTHESE SECTEUR;terme_specifique;424_69;CAOUTCHOUC SYNTHETIQUE SECTEUR;https://aciege.org/Dct/Fra/Fra_424_69.html
424;424_57;CHIMIE ORGANIQUE DE SYNTHESE SECTEUR;terme_specifique;424_88;CARBOCHIMIE SECTEUR;https://aciege.org/Dct/Fra/Fra_424_88.html
424;424_57;CHIMIE ORGANIQUE DE SYNTHESE SECTEUR;terme_specifique;424_79;CORPS GRAS INDUSTRIEL SECTEUR;https://aciege.org/Dct/Fra/Fra_424_79.html
424;424_57;CHIMIE ORGANIQUE DE SYNTHESE SECTEUR;terme_specifique;424_59;GOUDRON SECTEUR;https://aciege.org/Dct/Fra/Fra_424_59.html
424;424_57;CHIMIE ORGANIQUE DE SYNTHESE SECTEUR;terme_specifique;424_48;MATIERE PLASTIQUE SECTEUR;https://aciege.org/Dct/Fra/Fra_424_48.html
424;424_57;CHIMIE ORGANIQUE DE SYNTHESE SECTEUR;terme_specifique;424_77;PETROCHIMIE SECTEUR;https://aciege.org/Dct/Fra/Fra_424_77.html
424;424_55;CHIMIE SECTEUR;terme_specifique;424_74;AGROCHIMIE SECTEUR;https://aciege.org/Dct/Fra/Fra_424_74.html
424;424_55;CHIMIE SECTEUR;terme_specifique;424_43;BIOTECHNOLOGIE SECTEUR;https://aciege.org/Dct/Fra/Fra_424_43.html
424;424_55;CHIMIE SECTEUR;terme_specifique;424_75;CHIMIE MINERALE SECTEUR;https://aciege.org/Dct/Fra/Fra_424_75.html
424;424_55;CHIMIE SECTEUR;terme_specifique;424_57;CHIMIE ORGANIQUE DE SYNTHESE SECTEUR;https://aciege.org/Dct/Fra/Fra_424_57.html
424;424_55;CHIMIE SECTEUR;terme_specifique;424_86;ELECTROCHIMIE SECTEUR;https://aciege.org/Dct/Fra/Fra_424_86.html
424;424_55;CHIMIE SECTEUR;terme_specifique;424_64;INDUSTRIE PHARMACEUTIQUE SECTEUR;https://aciege.org/Dct/Fra/Fra_424_64.html
424;424_55;CHIMIE SECTEUR;terme_specifique;424_45;PARACHIMIE SECTEUR;https://aciege.org/Dct/Fra/Fra_424_45.html
424;424_17;COLLE SECTEUR;terme_generique;424_45;PARACHIMIE SECTEUR;https://aciege.org/Dct/Fra/Fra_424_45.html
424;424_79;CORPS GRAS INDUSTRIEL SECTEUR;terme_generique;424_57;CHIMIE ORGANIQUE DE SYNTHESE SECTEUR;https://aciege.org/Dct/Fra/Fra_424_57.html
424;424_04;COSMETIQUE ET PARFUMERIE SECTEUR;terme_generique;424_45;PARACHIMIE SECTEUR;https://aciege.org/Dct/Fra/Fra_424_45.html
424;424_14;DROGUERIE SECTEUR;terme_generique;424_45;PARACHIMIE SECTEUR;https://aciege.org/Dct/Fra/Fra_424_45.html
424;424_86;ELECTROCHIMIE SECTEUR;terme_generique;424_55;CHIMIE SECTEUR;https://aciege.org/Dct/Fra/Fra_424_55.html
424;424_84;ENGRAIS SECTEUR;terme_generique;424_74;AGROCHIMIE SECTEUR;https://aciege.org/Dct/Fra/Fra_424_74.html
424;424_27;EXPLOSIF ET POUDRE SECTEUR;terme_generique;424_45;PARACHIMIE SECTEUR;https://aciege.org/Dct/Fra/Fra_424_45.html
424;424_59;GOUDRON SECTEUR;terme_generique;424_57;CHIMIE ORGANIQUE DE SYNTHESE SECTEUR;https://aciege.org/Dct/Fra/Fra_424_57.html
424;424_64;INDUSTRIE PHARMACEUTIQUE SECTEUR;terme_generique;424_55;CHIMIE SECTEUR;https://aciege.org/Dct/Fra/Fra_424_55.html
424;424_64;INDUSTRIE PHARMACEUTIQUE SECTEUR;terme_specifique;424_52;PARAPHARMACIE SECTEUR;https://aciege.org/Dct/Fra/Fra_424_52.html
424;424_64;INDUSTRIE PHARMACEUTIQUE SECTEUR;employe_pour;La_3105;Laboratoire pharmaceutique secteur;https://aciege.org/Dct/Fra/La_3105.html
424;424_64;INDUSTRIE PHARMACEUTIQUE SECTEUR;employe_pour;Me_3210;Médicament;https://aciege.org/Dct/Fra/Me_3210.html
424;424_48;MATIERE PLASTIQUE SECTEUR;terme_generique;424_57;CHIMIE ORGANIQUE DE SYNTHESE SECTEUR;https://aciege.org/Dct/Fra/Fra_424_57.html
424;424_45;PARACHIMIE SECTEUR;terme_generique;424_55;CHIMIE SECTEUR;https://aciege.org/Dct/Fra/Fra_424_55.html
424;424_45;PARACHIMIE SECTEUR;terme_specifique;424_37;ABRASIF SECTEUR;https://aciege.org/Dct/Fra/Fra_424_37.html
424;424_45;PARACHIMIE SECTEUR;terme_specifique;424_17;COLLE SECTEUR;https://aciege.org/Dct/Fra/Fra_424_17.html
424;424_45;PARACHIMIE SECTEUR;terme_specifique;424_04;COSMETIQUE ET PARFUMERIE SECTEUR;https://aciege.org/Dct/Fra/Fra_424_04.html
424;424_45;PARACHIMIE SECTEUR;terme_specifique;424_14;DROGUERIE SECTEUR;https://aciege.org/Dct/Fra/Fra_424_14.html
424;424_45;PARACHIMIE SECTEUR;terme_specifique;424_27;EXPLOSIF ET POUDRE SECTEUR;https://aciege.org/Dct/Fra/Fra_424_27.html
424;424_45;PARACHIMIE SECTEUR;terme_specifique;424_05;PEINTURE VERNIS ET COLORANT SECTEUR;https://aciege.org/Dct/Fra/Fra_424_05.html
424;424_45;PARACHIMIE SECTEUR;terme_specifique;424_34;PHYTOSANITAIRE SECTEUR;https://aciege.org/Dct/Fra/Fra_424_34.html
424;424_45;PARACHIMIE SECTEUR;terme_specifique;424_06;PRODUIT D'ENTRETIEN SECTEUR;https://aciege.org/Dct/Fra/Fra_424_06.html
424;424_45;PARACHIMIE SECTEUR;terme_specifique;424_07;PRODUIT D'HYGIENE SECTEUR;https://aciege.org/Dct/Fra/Fra_424_07.html
424;424_45;PARACHIMIE SECTEUR;terme_specifique;424_24;PRODUIT PHOTOGRAPHIQUE ET CINEMATOGRAPHIQUE SECTEUR;https://aciege.org/Dct/Fra/Fra_424_24.html
424;424_52;PARAPHARMACIE SECTEUR;terme_generique;424_64;INDUSTRIE PHARMACEUTIQUE SECTEUR;https://aciege.org/Dct/Fra/Fra_424_64.html
424;424_05;PEINTURE VERNIS ET COLORANT SECTEUR;terme_generique;424_45;PARACHIMIE SECTEUR;https://aciege.org/Dct/Fra/Fra_424_45.html
424;424_77;PETROCHIMIE SECTEUR;terme_generique;424_57;CHIMIE ORGANIQUE DE SYNTHESE SECTEUR;https://aciege.org/Dct/Fra/Fra_424_57.html
424;424_34;PHYTOSANITAIRE SECTEUR;terme_generique;424_45;PARACHIMIE SECTEUR;https://aciege.org/Dct/Fra/Fra_424_45.html
424;424_06;PRODUIT D'ENTRETIEN SECTEUR;terme_generique;424_45;PARACHIMIE SECTEUR;https://aciege.org/Dct/Fra/Fra_424_45.html
424;424_07;PRODUIT D'HYGIENE SECTEUR;terme_generique;424_45;PARACHIMIE SECTEUR;https://aciege.org/Dct/Fra/Fra_424_45.html
424;424_24;PRODUIT PHOTOGRAPHIQUE ET CINEMATOGRAPHIQUE SECTEUR;terme_generique;424_45;PARACHIMIE SECTEUR;https://aciege.org/Dct/Fra/Fra_424_45.html
425;425_05;ACCESSOIRE DE L'HABILLEMENT SECTEUR;terme_generique;425_36;HABILLEMENT SECTEUR;https://aciege.org/Dct/Fra/Fra_425_36.html
425;425_47;AMEUBLEMENT SECTEUR;terme_generique;425_57;BOIS SECTEUR;https://aciege.org/Dct/Fra/Fra_425_57.html
425;425_47;AMEUBLEMENT SECTEUR;terme_specifique;425_37;LITERIE SECTEUR;https://aciege.org/Dct/Fra/Fra_425_37.html
425;425_24;BLANCHISSERIE SECTEUR;terme_generique;425_45;TEXTILE SECTEUR;https://aciege.org/Dct/Fra/Fra_425_45.html
425;425_38;BOIS D'OEUVRE SECTEUR;terme_generique;425_57;BOIS SECTEUR;https://aciege.org/Dct/Fra/Fra_425_57.html
425;425_39;BOIS DE CHAUFFAGE SECTEUR;terme_generique;425_57;BOIS SECTEUR;https://aciege.org/Dct/Fra/Fra_425_57.html
425;425_57;BOIS SECTEUR;terme_generique;425_55;INDUSTRIE DE TRANSFORMATION SECTEUR;https://aciege.org/Dct/Fra/Fra_425_55.html
425;425_57;BOIS SECTEUR;terme_specifique;425_47;AMEUBLEMENT SECTEUR;https://aciege.org/Dct/Fra/Fra_425_47.html
425;425_57;BOIS SECTEUR;terme_specifique;425_39;BOIS DE CHAUFFAGE SECTEUR;https://aciege.org/Dct/Fra/Fra_425_39.html
425;425_57;BOIS SECTEUR;terme_specifique;425_38;BOIS D'OEUVRE SECTEUR;https://aciege.org/Dct/Fra/Fra_425_38.html
425;425_57;BOIS SECTEUR;terme_specifique;425_79;BOISSELLERIE ET TONNELLERIE SECTEUR;https://aciege.org/Dct/Fra/Fra_425_79.html
425;425_57;BOIS SECTEUR;terme_specifique;425_69;ESSENCE DE BOIS SECTEUR;https://aciege.org/Dct/Fra/Fra_425_69.html
425;425_57;BOIS SECTEUR;terme_specifique;425_59;SCIERIE SECTEUR;https://aciege.org/Dct/Fra/Fra_425_59.html
425;425_57;BOIS SECTEUR;terme_specifique;425_49;VANNERIE SECTEUR;https://aciege.org/Dct/Fra/Fra_425_49.html
425;425_79;BOISSELLERIE ET TONNELLERIE SECTEUR;terme_generique;425_57;BOIS SECTEUR;https://aciege.org/Dct/Fra/Fra_425_57.html
425;425_27;BONNETERIE SECTEUR;terme_generique;425_36;HABILLEMENT SECTEUR;https://aciege.org/Dct/Fra/Fra_425_36.html
425;425_78;CARTON SECTEUR;terme_generique;425_67;PAPIER SECTEUR;https://aciege.org/Dct/Fra/Fra_425_67.html
425;425_17;CHAPELLERIE SECTEUR;terme_generique;425_36;HABILLEMENT SECTEUR;https://aciege.org/Dct/Fra/Fra_425_36.html
425;425_52;CHAUSSURE SECTEUR;terme_generique;425_43;TANNERIE SECTEUR;https://aciege.org/Dct/Fra/Fra_425_43.html
425;425_06;CONFECTION ET PRET-A-PORTER SECTEUR;terme_generique;425_36;HABILLEMENT SECTEUR;https://aciege.org/Dct/Fra/Fra_425_36.html
425;425_42;CUIR SECTEUR;terme_generique;425_43;TANNERIE SECTEUR;https://aciege.org/Dct/Fra/Fra_425_43.html
425;425_42;CUIR SECTEUR;terme_specifique;425_41;PEAUSSERIE SECTEUR;https://aciege.org/Dct/Fra/Fra_425_41.html
425;425_69;ESSENCE DE BOIS SECTEUR;terme_generique;425_57;BOIS SECTEUR;https://aciege.org/Dct/Fra/Fra_425_57.html
425;425_32;FOURRURE ET PELLETERIE SECTEUR;terme_generique;425_43;TANNERIE SECTEUR;https://aciege.org/Dct/Fra/Fra_425_43.html
425;425_36;HABILLEMENT SECTEUR;terme_generique;425_45;TEXTILE SECTEUR;https://aciege.org/Dct/Fra/Fra_425_45.html
425;425_36;HABILLEMENT SECTEUR;terme_specifique;425_05;ACCESSOIRE DE L'HABILLEMENT SECTEUR;https://aciege.org/Dct/Fra/Fra_425_05.html
425;425_36;HABILLEMENT SECTEUR;terme_specifique;425_27;BONNETERIE SECTEUR;https://aciege.org/Dct/Fra/Fra_425_27.html
425;425_36;HABILLEMENT SECTEUR;terme_specifique;425_17;CHAPELLERIE SECTEUR;https://aciege.org/Dct/Fra/Fra_425_17.html
425;425_36;HABILLEMENT SECTEUR;terme_specifique;425_06;CONFECTION ET PRET-A-PORTER SECTEUR;https://aciege.org/Dct/Fra/Fra_425_06.html
425;425_36;HABILLEMENT SECTEUR;terme_specifique;425_07;HAUTE COUTURE SECTEUR;https://aciege.org/Dct/Fra/Fra_425_07.html
425;425_07;HAUTE COUTURE SECTEUR;terme_generique;425_36;HABILLEMENT SECTEUR;https://aciege.org/Dct/Fra/Fra_425_36.html
425;425_55;INDUSTRIE DE TRANSFORMATION SECTEUR;terme_specifique;425_57;BOIS SECTEUR;https://aciege.org/Dct/Fra/Fra_425_57.html
425;425_55;INDUSTRIE DE TRANSFORMATION SECTEUR;terme_specifique;425_67;PAPIER SECTEUR;https://aciege.org/Dct/Fra/Fra_425_67.html
425;425_55;INDUSTRIE DE TRANSFORMATION SECTEUR;terme_specifique;425_43;TANNERIE SECTEUR;https://aciege.org/Dct/Fra/Fra_425_43.html
425;425_55;INDUSTRIE DE TRANSFORMATION SECTEUR;terme_specifique;425_45;TEXTILE SECTEUR;https://aciege.org/Dct/Fra/Fra_425_45.html
425;425_55;INDUSTRIE DE TRANSFORMATION SECTEUR;terme_specifique;425_65;VERRERIE ET CERAMIQUE SECTEUR;https://aciege.org/Dct/Fra/Fra_425_65.html
425;425_04;LINGE DE MAISON SECTEUR;terme_generique;425_45;TEXTILE SECTEUR;https://aciege.org/Dct/Fra/Fra_425_45.html
425;425_04;LINGE DE MAISON SECTEUR;terme_specifique;425_03;TISSU D'AMEUBLEMENT SECTEUR;https://aciege.org/Dct/Fra/Fra_425_03.html
425;425_37;LITERIE SECTEUR;terme_generique;425_47;AMEUBLEMENT SECTEUR;https://aciege.org/Dct/Fra/Fra_425_47.html
425;425_22;MAROQUINERIE SECTEUR;terme_generique;425_43;TANNERIE SECTEUR;https://aciege.org/Dct/Fra/Fra_425_43.html
425;425_34;MERCERIE SECTEUR;terme_generique;425_45;TEXTILE SECTEUR;https://aciege.org/Dct/Fra/Fra_425_45.html
425;425_76;MIROITERIE SECTEUR;terme_generique;425_65;VERRERIE ET CERAMIQUE SECTEUR;https://aciege.org/Dct/Fra/Fra_425_65.html
425;425_86;OPTIQUE SECTEUR;terme_generique;425_65;VERRERIE ET CERAMIQUE SECTEUR;https://aciege.org/Dct/Fra/Fra_425_65.html
425;425_67;PAPIER SECTEUR;terme_generique;425_55;INDUSTRIE DE TRANSFORMATION SECTEUR;https://aciege.org/Dct/Fra/Fra_425_55.html
425;425_67;PAPIER SECTEUR;terme_specifique;425_78;CARTON SECTEUR;https://aciege.org/Dct/Fra/Fra_425_78.html
425;425_41;PEAUSSERIE SECTEUR;terme_generique;425_42;CUIR SECTEUR;https://aciege.org/Dct/Fra/Fra_425_42.html
425;425_59;SCIERIE SECTEUR;terme_generique;425_57;BOIS SECTEUR;https://aciege.org/Dct/Fra/Fra_425_57.html
425;425_43;TANNERIE SECTEUR;terme_generique;425_55;INDUSTRIE DE TRANSFORMATION SECTEUR;https://aciege.org/Dct/Fra/Fra_425_55.html
425;425_43;TANNERIE SECTEUR;terme_specifique;425_52;CHAUSSURE SECTEUR;https://aciege.org/Dct/Fra/Fra_425_52.html
425;425_43;TANNERIE SECTEUR;terme_specifique;425_42;CUIR SECTEUR;https://aciege.org/Dct/Fra/Fra_425_42.html
425;425_43;TANNERIE SECTEUR;terme_specifique;425_32;FOURRURE ET PELLETERIE SECTEUR;https://aciege.org/Dct/Fra/Fra_425_32.html
425;425_43;TANNERIE SECTEUR;terme_specifique;425_22;MAROQUINERIE SECTEUR;https://aciege.org/Dct/Fra/Fra_425_22.html
425;425_45;TEXTILE SECTEUR;terme_generique;425_55;INDUSTRIE DE TRANSFORMATION SECTEUR;https://aciege.org/Dct/Fra/Fra_425_55.html
425;425_45;TEXTILE SECTEUR;terme_specifique;425_24;BLANCHISSERIE SECTEUR;https://aciege.org/Dct/Fra/Fra_425_24.html
425;425_45;TEXTILE SECTEUR;terme_specifique;425_36;HABILLEMENT SECTEUR;https://aciege.org/Dct/Fra/Fra_425_36.html
425;425_45;TEXTILE SECTEUR;terme_specifique;425_04;LINGE DE MAISON SECTEUR;https://aciege.org/Dct/Fra/Fra_425_04.html
425;425_45;TEXTILE SECTEUR;terme_specifique;425_34;MERCERIE SECTEUR;https://aciege.org/Dct/Fra/Fra_425_34.html
425;425_03;TISSU D'AMEUBLEMENT SECTEUR;terme_generique;425_04;LINGE DE MAISON SECTEUR;https://aciege.org/Dct/Fra/Fra_425_04.html
425;425_96;VAISSELLE SECTEUR;terme_generique;425_65;VERRERIE ET CERAMIQUE SECTEUR;https://aciege.org/Dct/Fra/Fra_425_65.html
425;425_49;VANNERIE SECTEUR;terme_generique;425_57;BOIS SECTEUR;https://aciege.org/Dct/Fra/Fra_425_57.html
425;425_65;VERRERIE ET CERAMIQUE SECTEUR;terme_generique;425_55;INDUSTRIE DE TRANSFORMATION SECTEUR;https://aciege.org/Dct/Fra/Fra_425_55.html
425;425_65;VERRERIE ET CERAMIQUE SECTEUR;terme_specifique;425_76;MIROITERIE SECTEUR;https://aciege.org/Dct/Fra/Fra_425_76.html
425;425_65;VERRERIE ET CERAMIQUE SECTEUR;terme_specifique;425_86;OPTIQUE SECTEUR;https://aciege.org/Dct/Fra/Fra_425_86.html
425;425_65;VERRERIE ET CERAMIQUE SECTEUR;terme_specifique;425_96;VAISSELLE SECTEUR;https://aciege.org/Dct/Fra/Fra_425_96.html
426;426_28;ARTICLE DE MENAGE SECTEUR;terme_generique;426_46;FABRICATION DE PETIT MATERIEL SECTEUR;https://aciege.org/Dct/Fra/Fra_426_46.html
426;426_69;ARTICLE DE SPORT SECTEUR;terme_generique;426_57;LOISIR SECTEUR;https://aciege.org/Dct/Fra/Fra_426_57.html
426;426_09;ARTICLE ET MATERIEL DE BUREAU SECTEUR;terme_generique;426_46;FABRICATION DE PETIT MATERIEL SECTEUR;https://aciege.org/Dct/Fra/Fra_426_46.html
426;426_09;ARTICLE ET MATERIEL DE BUREAU SECTEUR;terme_specifique;426_08;PAPETERIE SECTEUR;https://aciege.org/Dct/Fra/Fra_426_08.html
426;426_39;ARTICLE FUNERAIRE SECTEUR;terme_generique;426_46;FABRICATION DE PETIT MATERIEL SECTEUR;https://aciege.org/Dct/Fra/Fra_426_46.html
426;426_86;BIJOUTERIE ET JOAILLERIE SECTEUR;terme_generique;426_75;INDUSTRIE DU LUXE SECTEUR;https://aciege.org/Dct/Fra/Fra_426_75.html
426;426_26;BIMBELOTERIE SECTEUR;terme_generique;426_46;FABRICATION DE PETIT MATERIEL SECTEUR;https://aciege.org/Dct/Fra/Fra_426_46.html
426;426_26;BIMBELOTERIE SECTEUR;terme_specifique;426_15;CADEAU SECTEUR;https://aciege.org/Dct/Fra/Fra_426_15.html
426;426_29;BRICOLAGE SECTEUR;terme_generique;426_46;FABRICATION DE PETIT MATERIEL SECTEUR;https://aciege.org/Dct/Fra/Fra_426_46.html
426;426_15;CADEAU SECTEUR;terme_generique;426_26;BIMBELOTERIE SECTEUR;https://aciege.org/Dct/Fra/Fra_426_26.html
426;426_20;EDITION SECTEUR;terme_generique;426_43;GRAPHISME SECTEUR;https://aciege.org/Dct/Fra/Fra_426_43.html
426;426_46;FABRICATION DE PETIT MATERIEL SECTEUR;terme_generique;426_55;INDUSTRIES DIVERSES SECTEUR;https://aciege.org/Dct/Fra/Fra_426_55.html
426;426_46;FABRICATION DE PETIT MATERIEL SECTEUR;terme_specifique;426_28;ARTICLE DE MENAGE SECTEUR;https://aciege.org/Dct/Fra/Fra_426_28.html
426;426_46;FABRICATION DE PETIT MATERIEL SECTEUR;terme_specifique;426_09;ARTICLE ET MATERIEL DE BUREAU SECTEUR;https://aciege.org/Dct/Fra/Fra_426_09.html
426;426_46;FABRICATION DE PETIT MATERIEL SECTEUR;terme_specifique;426_39;ARTICLE FUNERAIRE SECTEUR;https://aciege.org/Dct/Fra/Fra_426_39.html
426;426_46;FABRICATION DE PETIT MATERIEL SECTEUR;terme_specifique;426_26;BIMBELOTERIE SECTEUR;https://aciege.org/Dct/Fra/Fra_426_26.html
426;426_46;FABRICATION DE PETIT MATERIEL SECTEUR;terme_specifique;426_29;BRICOLAGE SECTEUR;https://aciege.org/Dct/Fra/Fra_426_29.html
426;426_46;FABRICATION DE PETIT MATERIEL SECTEUR;terme_specifique;426_17;PUERICULTURE SECTEUR;https://aciege.org/Dct/Fra/Fra_426_17.html
426;426_43;GRAPHISME SECTEUR;terme_generique;426_55;INDUSTRIES DIVERSES SECTEUR;https://aciege.org/Dct/Fra/Fra_426_55.html
426;426_43;GRAPHISME SECTEUR;terme_specifique;426_20;EDITION SECTEUR;https://aciege.org/Dct/Fra/Fra_426_20.html
426;426_43;GRAPHISME SECTEUR;terme_specifique;426_01;GRAVURE SECTEUR;https://aciege.org/Dct/Fra/Fra_426_01.html
426;426_43;GRAPHISME SECTEUR;terme_specifique;426_31;IMPRIMERIE SECTEUR;https://aciege.org/Dct/Fra/Fra_426_31.html
426;426_43;GRAPHISME SECTEUR;terme_specifique;426_10;PRESSE SECTEUR;https://aciege.org/Dct/Fra/Fra_426_10.html
426;426_43;GRAPHISME SECTEUR;terme_specifique;426_02;RELIURE SECTEUR;https://aciege.org/Dct/Fra/Fra_426_02.html
426;426_43;GRAPHISME SECTEUR;terme_specifique;426_03;SERIGRAPHIE SECTEUR;https://aciege.org/Dct/Fra/Fra_426_03.html
426;426_01;GRAVURE SECTEUR;terme_generique;426_43;GRAPHISME SECTEUR;https://aciege.org/Dct/Fra/Fra_426_43.html
426;426_31;IMPRIMERIE SECTEUR;terme_generique;426_43;GRAPHISME SECTEUR;https://aciege.org/Dct/Fra/Fra_426_43.html
426;426_66;INDUSTRIE CULTURELLE SECTEUR;terme_generique;426_55;INDUSTRIES DIVERSES SECTEUR;https://aciege.org/Dct/Fra/Fra_426_55.html
426;426_75;INDUSTRIE DU LUXE SECTEUR;terme_generique;426_55;INDUSTRIES DIVERSES SECTEUR;https://aciege.org/Dct/Fra/Fra_426_55.html
426;426_75;INDUSTRIE DU LUXE SECTEUR;terme_specifique;426_86;BIJOUTERIE ET JOAILLERIE SECTEUR;https://aciege.org/Dct/Fra/Fra_426_86.html
426;426_75;INDUSTRIE DU LUXE SECTEUR;terme_specifique;426_95;ORFEVRERIE SECTEUR;https://aciege.org/Dct/Fra/Fra_426_95.html
426;426_55;INDUSTRIES DIVERSES SECTEUR;terme_specifique;426_46;FABRICATION DE PETIT MATERIEL SECTEUR;https://aciege.org/Dct/Fra/Fra_426_46.html
426;426_55;INDUSTRIES DIVERSES SECTEUR;terme_specifique;426_43;GRAPHISME SECTEUR;https://aciege.org/Dct/Fra/Fra_426_43.html
426;426_55;INDUSTRIES DIVERSES SECTEUR;terme_specifique;426_66;INDUSTRIE CULTURELLE SECTEUR;https://aciege.org/Dct/Fra/Fra_426_66.html
426;426_55;INDUSTRIES DIVERSES SECTEUR;terme_specifique;426_75;INDUSTRIE DU LUXE SECTEUR;https://aciege.org/Dct/Fra/Fra_426_75.html
426;426_55;INDUSTRIES DIVERSES SECTEUR;terme_specifique;426_57;LOISIR SECTEUR;https://aciege.org/Dct/Fra/Fra_426_57.html
426;426_55;INDUSTRIES DIVERSES SECTEUR;terme_specifique;426_35;RECUPERATION SECTEUR;https://aciege.org/Dct/Fra/Fra_426_35.html
426;426_55;INDUSTRIES DIVERSES SECTEUR;terme_specifique;426_45;TRAITEMENT DES DECHETS SECTEUR;https://aciege.org/Dct/Fra/Fra_426_45.html
426;426_78;INSTRUMENT DE MUSIQUE SECTEUR;terme_generique;426_57;LOISIR SECTEUR;https://aciege.org/Dct/Fra/Fra_426_57.html
426;426_59;JEU VIDEO SECTEUR;terme_generique;426_58;JOUET ET JEU SECTEUR;https://aciege.org/Dct/Fra/Fra_426_58.html
426;426_48;JEUX DE HASARD ET D'ARGENT SECTEUR;terme_generique;426_58;JOUET ET JEU SECTEUR;https://aciege.org/Dct/Fra/Fra_426_58.html
426;426_58;JOUET ET JEU SECTEUR;terme_generique;426_57;LOISIR SECTEUR;https://aciege.org/Dct/Fra/Fra_426_57.html
426;426_58;JOUET ET JEU SECTEUR;terme_specifique;426_59;JEU VIDEO SECTEUR;https://aciege.org/Dct/Fra/Fra_426_59.html
426;426_58;JOUET ET JEU SECTEUR;terme_specifique;426_48;JEUX DE HASARD ET D'ARGENT SECTEUR;https://aciege.org/Dct/Fra/Fra_426_48.html
426;426_57;LOISIR SECTEUR;terme_generique;426_55;INDUSTRIES DIVERSES SECTEUR;https://aciege.org/Dct/Fra/Fra_426_55.html
426;426_57;LOISIR SECTEUR;terme_specifique;426_69;ARTICLE DE SPORT SECTEUR;https://aciege.org/Dct/Fra/Fra_426_69.html
426;426_57;LOISIR SECTEUR;terme_specifique;426_78;INSTRUMENT DE MUSIQUE SECTEUR;https://aciege.org/Dct/Fra/Fra_426_78.html
426;426_57;LOISIR SECTEUR;terme_specifique;426_58;JOUET ET JEU SECTEUR;https://aciege.org/Dct/Fra/Fra_426_58.html
426;426_57;LOISIR SECTEUR;terme_specifique;426_67;TOURISME SECTEUR;https://aciege.org/Dct/Fra/Fra_426_67.html
426;426_95;ORFEVRERIE SECTEUR;terme_generique;426_75;INDUSTRIE DU LUXE SECTEUR;https://aciege.org/Dct/Fra/Fra_426_75.html
426;426_08;PAPETERIE SECTEUR;terme_generique;426_09;ARTICLE ET MATERIEL DE BUREAU SECTEUR;https://aciege.org/Dct/Fra/Fra_426_09.html
426;426_10;PRESSE SECTEUR;terme_generique;426_43;GRAPHISME SECTEUR;https://aciege.org/Dct/Fra/Fra_426_43.html
426;426_17;PUERICULTURE SECTEUR;terme_generique;426_46;FABRICATION DE PETIT MATERIEL SECTEUR;https://aciege.org/Dct/Fra/Fra_426_46.html
426;426_35;RECUPERATION SECTEUR;terme_generique;426_55;INDUSTRIES DIVERSES SECTEUR;https://aciege.org/Dct/Fra/Fra_426_55.html
426;426_35;RECUPERATION SECTEUR;terme_generique;426_45;TRAITEMENT DES DECHETS SECTEUR;https://aciege.org/Dct/Fra/Fra_426_45.html
426;426_02;RELIURE SECTEUR;terme_generique;426_43;GRAPHISME SECTEUR;https://aciege.org/Dct/Fra/Fra_426_43.html
426;426_03;SERIGRAPHIE SECTEUR;terme_generique;426_43;GRAPHISME SECTEUR;https://aciege.org/Dct/Fra/Fra_426_43.html
426;426_67;TOURISME SECTEUR;terme_generique;426_57;LOISIR SECTEUR;https://aciege.org/Dct/Fra/Fra_426_57.html
426;426_67;TOURISME SECTEUR;terme_specifique;426_77;VOYAGISTE SECTEUR;https://aciege.org/Dct/Fra/Fra_426_77.html
426;426_45;TRAITEMENT DES DECHETS SECTEUR;terme_generique;426_55;INDUSTRIES DIVERSES SECTEUR;https://aciege.org/Dct/Fra/Fra_426_55.html
426;426_45;TRAITEMENT DES DECHETS SECTEUR;terme_specifique;426_35;RECUPERATION SECTEUR;https://aciege.org/Dct/Fra/Fra_426_35.html
426;426_77;VOYAGISTE SECTEUR;terme_generique;426_67;TOURISME SECTEUR;https://aciege.org/Dct/Fra/Fra_426_67.html
426;426_77;VOYAGISTE SECTEUR;employe_pour;Ag_2406;Agence de voyage;https://aciege.org/Dct/Fra/Ag_2406.html
427;427_96;AMENAGEMENT DES TERRES SECTEUR;terme_generique;427_85;VOIRIE SECTEUR;https://aciege.org/Dct/Fra/Fra_427_85.html
427;427_07;ASCENSEUR SECTEUR;terme_generique;427_46;MISE EN OEUVRE DU BATIMENT SECTEUR;https://aciege.org/Dct/Fra/Fra_427_46.html
427;427_55;BATIMENT ET TRAVAUX PUBLICS SECTEUR;terme_specifique;427_43;DECORATION ET FINITION SECTEUR;https://aciege.org/Dct/Fra/Fra_427_43.html
427;427_55;BATIMENT ET TRAVAUX PUBLICS SECTEUR;terme_specifique;427_65;GENIE CIVIL ET AGRICOLE SECTEUR;https://aciege.org/Dct/Fra/Fra_427_65.html
427;427_55;BATIMENT ET TRAVAUX PUBLICS SECTEUR;terme_specifique;427_57;MATERIAU DE CONSTRUCTION SECTEUR;https://aciege.org/Dct/Fra/Fra_427_57.html
427;427_55;BATIMENT ET TRAVAUX PUBLICS SECTEUR;terme_specifique;427_46;MISE EN OEUVRE DU BATIMENT SECTEUR;https://aciege.org/Dct/Fra/Fra_427_46.html
427;427_55;BATIMENT ET TRAVAUX PUBLICS SECTEUR;terme_specifique;427_52;TRAVAUX PUBLICS SECTEUR;https://aciege.org/Dct/Fra/Fra_427_52.html
427;427_19;CARRELAGE SECTEUR;terme_generique;427_46;MISE EN OEUVRE DU BATIMENT SECTEUR;https://aciege.org/Dct/Fra/Fra_427_46.html
427;427_06;CHAUFFAGE ET CLIMATISATION SECTEUR;terme_generique;427_46;MISE EN OEUVRE DU BATIMENT SECTEUR;https://aciege.org/Dct/Fra/Fra_427_46.html
427;427_09;COUVERTURE SECTEUR;terme_generique;427_46;MISE EN OEUVRE DU BATIMENT SECTEUR;https://aciege.org/Dct/Fra/Fra_427_46.html
427;427_43;DECORATION ET FINITION SECTEUR;terme_generique;427_55;BATIMENT ET TRAVAUX PUBLICS SECTEUR;https://aciege.org/Dct/Fra/Fra_427_55.html
427;427_43;DECORATION ET FINITION SECTEUR;terme_specifique;427_32;REVETEMENT DE MUR SECTEUR;https://aciege.org/Dct/Fra/Fra_427_32.html
427;427_43;DECORATION ET FINITION SECTEUR;terme_specifique;427_33;REVETEMENT DE SOL SECTEUR;https://aciege.org/Dct/Fra/Fra_427_33.html
427;427_78;DEMOLITION SECTEUR;terme_generique;427_65;GENIE CIVIL ET AGRICOLE SECTEUR;https://aciege.org/Dct/Fra/Fra_427_65.html
427;427_84;DRAGAGE SECTEUR;terme_generique;427_65;GENIE CIVIL ET AGRICOLE SECTEUR;https://aciege.org/Dct/Fra/Fra_427_65.html
427;427_65;GENIE CIVIL ET AGRICOLE SECTEUR;terme_generique;427_55;BATIMENT ET TRAVAUX PUBLICS SECTEUR;https://aciege.org/Dct/Fra/Fra_427_55.html
427;427_65;GENIE CIVIL ET AGRICOLE SECTEUR;terme_specifique;427_78;DEMOLITION SECTEUR;https://aciege.org/Dct/Fra/Fra_427_78.html
427;427_65;GENIE CIVIL ET AGRICOLE SECTEUR;terme_specifique;427_84;DRAGAGE SECTEUR;https://aciege.org/Dct/Fra/Fra_427_84.html
427;427_65;GENIE CIVIL ET AGRICOLE SECTEUR;terme_specifique;427_88;PARC ET JARDIN SECTEUR;https://aciege.org/Dct/Fra/Fra_427_88.html
427;427_65;GENIE CIVIL ET AGRICOLE SECTEUR;terme_specifique;427_98;TERRASSEMENT SECTEUR;https://aciege.org/Dct/Fra/Fra_427_98.html
427;427_65;GENIE CIVIL ET AGRICOLE SECTEUR;terme_specifique;427_85;VOIRIE SECTEUR;https://aciege.org/Dct/Fra/Fra_427_85.html
427;427_51;GRANDS TRAVAUX SECTEUR;terme_generique;427_52;TRAVAUX PUBLICS SECTEUR;https://aciege.org/Dct/Fra/Fra_427_52.html
427;427_17;ISOLATION ET ETANCHEITE SECTEUR;terme_generique;427_46;MISE EN OEUVRE DU BATIMENT SECTEUR;https://aciege.org/Dct/Fra/Fra_427_46.html
427;427_39;MACONNERIE SECTEUR;terme_generique;427_46;MISE EN OEUVRE DU BATIMENT SECTEUR;https://aciege.org/Dct/Fra/Fra_427_46.html
427;427_57;MATERIAU DE CONSTRUCTION SECTEUR;terme_generique;427_55;BATIMENT ET TRAVAUX PUBLICS SECTEUR;https://aciege.org/Dct/Fra/Fra_427_55.html
427;427_35;MENUISERIE SECTEUR;terme_generique;427_46;MISE EN OEUVRE DU BATIMENT SECTEUR;https://aciege.org/Dct/Fra/Fra_427_46.html
427;427_46;MISE EN OEUVRE DU BATIMENT SECTEUR;terme_generique;427_55;BATIMENT ET TRAVAUX PUBLICS SECTEUR;https://aciege.org/Dct/Fra/Fra_427_55.html
427;427_46;MISE EN OEUVRE DU BATIMENT SECTEUR;terme_specifique;427_07;ASCENSEUR SECTEUR;https://aciege.org/Dct/Fra/Fra_427_07.html
427;427_46;MISE EN OEUVRE DU BATIMENT SECTEUR;terme_specifique;427_19;CARRELAGE SECTEUR;https://aciege.org/Dct/Fra/Fra_427_19.html
427;427_46;MISE EN OEUVRE DU BATIMENT SECTEUR;terme_specifique;427_06;CHAUFFAGE ET CLIMATISATION SECTEUR;https://aciege.org/Dct/Fra/Fra_427_06.html
427;427_46;MISE EN OEUVRE DU BATIMENT SECTEUR;terme_specifique;427_09;COUVERTURE SECTEUR;https://aciege.org/Dct/Fra/Fra_427_09.html
427;427_46;MISE EN OEUVRE DU BATIMENT SECTEUR;terme_specifique;427_17;ISOLATION ET ETANCHEITE SECTEUR;https://aciege.org/Dct/Fra/Fra_427_17.html
427;427_46;MISE EN OEUVRE DU BATIMENT SECTEUR;terme_specifique;427_39;MACONNERIE SECTEUR;https://aciege.org/Dct/Fra/Fra_427_39.html
427;427_46;MISE EN OEUVRE DU BATIMENT SECTEUR;terme_specifique;427_35;MENUISERIE SECTEUR;https://aciege.org/Dct/Fra/Fra_427_35.html
427;427_46;MISE EN OEUVRE DU BATIMENT SECTEUR;terme_specifique;427_29;PEINTURE EN BATIMENT SECTEUR;https://aciege.org/Dct/Fra/Fra_427_29.html
427;427_46;MISE EN OEUVRE DU BATIMENT SECTEUR;terme_specifique;427_49;PLATRERIE SECTEUR;https://aciege.org/Dct/Fra/Fra_427_49.html
427;427_46;MISE EN OEUVRE DU BATIMENT SECTEUR;terme_specifique;427_25;PLOMBERIE ET ROBINETTERIE SECTEUR;https://aciege.org/Dct/Fra/Fra_427_25.html
427;427_46;MISE EN OEUVRE DU BATIMENT SECTEUR;terme_specifique;427_05;SANITAIRE SECTEUR;https://aciege.org/Dct/Fra/Fra_427_05.html
427;427_46;MISE EN OEUVRE DU BATIMENT SECTEUR;terme_specifique;427_15;SERRURERIE SECTEUR;https://aciege.org/Dct/Fra/Fra_427_15.html
427;427_88;PARC ET JARDIN SECTEUR;terme_generique;427_65;GENIE CIVIL ET AGRICOLE SECTEUR;https://aciege.org/Dct/Fra/Fra_427_65.html
427;427_29;PEINTURE EN BATIMENT SECTEUR;terme_generique;427_46;MISE EN OEUVRE DU BATIMENT SECTEUR;https://aciege.org/Dct/Fra/Fra_427_46.html
427;427_49;PLATRERIE SECTEUR;terme_generique;427_46;MISE EN OEUVRE DU BATIMENT SECTEUR;https://aciege.org/Dct/Fra/Fra_427_46.html
427;427_25;PLOMBERIE ET ROBINETTERIE SECTEUR;terme_generique;427_46;MISE EN OEUVRE DU BATIMENT SECTEUR;https://aciege.org/Dct/Fra/Fra_427_46.html
427;427_32;REVETEMENT DE MUR SECTEUR;terme_generique;427_43;DECORATION ET FINITION SECTEUR;https://aciege.org/Dct/Fra/Fra_427_43.html
427;427_33;REVETEMENT DE SOL SECTEUR;terme_generique;427_43;DECORATION ET FINITION SECTEUR;https://aciege.org/Dct/Fra/Fra_427_43.html
427;427_05;SANITAIRE SECTEUR;terme_generique;427_46;MISE EN OEUVRE DU BATIMENT SECTEUR;https://aciege.org/Dct/Fra/Fra_427_46.html
427;427_15;SERRURERIE SECTEUR;terme_generique;427_46;MISE EN OEUVRE DU BATIMENT SECTEUR;https://aciege.org/Dct/Fra/Fra_427_46.html
427;427_98;TERRASSEMENT SECTEUR;terme_generique;427_65;GENIE CIVIL ET AGRICOLE SECTEUR;https://aciege.org/Dct/Fra/Fra_427_65.html
427;427_52;TRAVAUX PUBLICS SECTEUR;terme_generique;427_55;BATIMENT ET TRAVAUX PUBLICS SECTEUR;https://aciege.org/Dct/Fra/Fra_427_55.html
427;427_52;TRAVAUX PUBLICS SECTEUR;terme_specifique;427_51;GRANDS TRAVAUX SECTEUR;https://aciege.org/Dct/Fra/Fra_427_51.html
427;427_85;VOIRIE SECTEUR;terme_generique;427_65;GENIE CIVIL ET AGRICOLE SECTEUR;https://aciege.org/Dct/Fra/Fra_427_65.html
427;427_85;VOIRIE SECTEUR;terme_specifique;427_96;AMENAGEMENT DES TERRES SECTEUR;https://aciege.org/Dct/Fra/Fra_427_96.html
428;428_60;AGENCE DE PUBLICITE SECTEUR;terme_generique;428_53;CONSEIL RECHERCHE ET ETUDE SECTEUR;https://aciege.org/Dct/Fra/Fra_428_53.html
428;428_40;AGENCE DE TRAVAIL TEMPORAIRE SECTEUR;terme_generique;428_53;CONSEIL RECHERCHE ET ETUDE SECTEUR;https://aciege.org/Dct/Fra/Fra_428_53.html
428;428_81;ASSURANCE SECTEUR;terme_generique;428_73;ETABLISSEMENT FINANCIER SECTEUR;https://aciege.org/Dct/Fra/Fra_428_73.html
428;428_55;AUXILIAIRE DE L'ENTREPRISE SECTEUR;terme_specifique;428_12;CESSION ET GESTION DE BIEN INDUSTRIEL ET COMMERCIAL SECTEUR;https://aciege.org/Dct/Fra/Fra_428_12.html
428;428_55;AUXILIAIRE DE L'ENTREPRISE SECTEUR;terme_specifique;428_53;CONSEIL RECHERCHE ET ETUDE SECTEUR;https://aciege.org/Dct/Fra/Fra_428_53.html
428;428_55;AUXILIAIRE DE L'ENTREPRISE SECTEUR;terme_specifique;428_05;EMBALLAGE SECTEUR;https://aciege.org/Dct/Fra/Fra_428_05.html
428;428_55;AUXILIAIRE DE L'ENTREPRISE SECTEUR;terme_specifique;428_28;ENTREPOSAGE SECTEUR;https://aciege.org/Dct/Fra/Fra_428_28.html
428;428_55;AUXILIAIRE DE L'ENTREPRISE SECTEUR;terme_specifique;428_73;ETABLISSEMENT FINANCIER SECTEUR;https://aciege.org/Dct/Fra/Fra_428_73.html
428;428_55;AUXILIAIRE DE L'ENTREPRISE SECTEUR;terme_specifique;428_24;LOCATION DE MATERIEL SECTEUR;https://aciege.org/Dct/Fra/Fra_428_24.html
428;428_55;AUXILIAIRE DE L'ENTREPRISE SECTEUR;terme_specifique;428_36;MAINTENANCE SECTEUR;https://aciege.org/Dct/Fra/Fra_428_36.html
428;428_55;AUXILIAIRE DE L'ENTREPRISE SECTEUR;terme_specifique;428_66;TRANSPORT SECTEUR;https://aciege.org/Dct/Fra/Fra_428_66.html
428;428_55;AUXILIAIRE DE L'ENTREPRISE SECTEUR;terme_specifique;428_43;TRAVAIL A FACON SECTEUR;https://aciege.org/Dct/Fra/Fra_428_43.html
428;428_69;AUXILIAIRE DE TRANSPORT SECTEUR;terme_generique;428_66;TRANSPORT SECTEUR;https://aciege.org/Dct/Fra/Fra_428_66.html
428;428_93;BANQUE SECTEUR;terme_generique;428_73;ETABLISSEMENT FINANCIER SECTEUR;https://aciege.org/Dct/Fra/Fra_428_73.html
428;428_32;BUREAU D'ETUDES SECTEUR;terme_generique;428_53;CONSEIL RECHERCHE ET ETUDE SECTEUR;https://aciege.org/Dct/Fra/Fra_428_53.html
428;428_51;CABINET DE CONSEIL SECTEUR;terme_generique;428_53;CONSEIL RECHERCHE ET ETUDE SECTEUR;https://aciege.org/Dct/Fra/Fra_428_53.html
428;428_51;CABINET DE CONSEIL SECTEUR;employe_pour;Co_2684;Consultant;https://aciege.org/Dct/Fra/Co_2684.html
428;428_50;CABINET DE RECRUTEMENT SECTEUR;terme_generique;428_53;CONSEIL RECHERCHE ET ETUDE SECTEUR;https://aciege.org/Dct/Fra/Fra_428_53.html
428;428_12;CESSION ET GESTION DE BIEN INDUSTRIEL ET COMMERCIAL SECTEUR;terme_generique;428_55;AUXILIAIRE DE L'ENTREPRISE SECTEUR;https://aciege.org/Dct/Fra/Fra_428_55.html
428;428_12;CESSION ET GESTION DE BIEN INDUSTRIEL ET COMMERCIAL SECTEUR;terme_specifique;428_01;IMMOBILIER SECTEUR;https://aciege.org/Dct/Fra/Fra_428_01.html
428;428_12;CESSION ET GESTION DE BIEN INDUSTRIEL ET COMMERCIAL SECTEUR;terme_specifique;428_02;OFFICE MINISTERIEL SECTEUR;https://aciege.org/Dct/Fra/Fra_428_02.html
428;428_53;CONSEIL RECHERCHE ET ETUDE SECTEUR;terme_generique;428_55;AUXILIAIRE DE L'ENTREPRISE SECTEUR;https://aciege.org/Dct/Fra/Fra_428_55.html
428;428_53;CONSEIL RECHERCHE ET ETUDE SECTEUR;terme_specifique;428_60;AGENCE DE PUBLICITE SECTEUR;https://aciege.org/Dct/Fra/Fra_428_60.html
428;428_53;CONSEIL RECHERCHE ET ETUDE SECTEUR;terme_specifique;428_40;AGENCE DE TRAVAIL TEMPORAIRE SECTEUR;https://aciege.org/Dct/Fra/Fra_428_40.html
428;428_53;CONSEIL RECHERCHE ET ETUDE SECTEUR;terme_specifique;428_32;BUREAU D'ETUDES SECTEUR;https://aciege.org/Dct/Fra/Fra_428_32.html
428;428_53;CONSEIL RECHERCHE ET ETUDE SECTEUR;terme_specifique;428_51;CABINET DE CONSEIL SECTEUR;https://aciege.org/Dct/Fra/Fra_428_51.html
428;428_53;CONSEIL RECHERCHE ET ETUDE SECTEUR;terme_specifique;428_50;CABINET DE RECRUTEMENT SECTEUR;https://aciege.org/Dct/Fra/Fra_428_50.html
428;428_53;CONSEIL RECHERCHE ET ETUDE SECTEUR;terme_specifique;428_61;REGIE PUBLICITAIRE SECTEUR;https://aciege.org/Dct/Fra/Fra_428_61.html
428;428_53;CONSEIL RECHERCHE ET ETUDE SECTEUR;terme_specifique;428_30;SOCIETE DE SERVICE INFORMATIQUE SECTEUR;https://aciege.org/Dct/Fra/Fra_428_30.html
428;428_53;CONSEIL RECHERCHE ET ETUDE SECTEUR;terme_specifique;428_31;TRADUCTION SECTEUR;https://aciege.org/Dct/Fra/Fra_428_31.html
428;428_48;DEMENAGEMENT SECTEUR;terme_generique;428_66;TRANSPORT SECTEUR;https://aciege.org/Dct/Fra/Fra_428_66.html
428;428_05;EMBALLAGE SECTEUR;terme_generique;428_55;AUXILIAIRE DE L'ENTREPRISE SECTEUR;https://aciege.org/Dct/Fra/Fra_428_55.html
428;428_28;ENTREPOSAGE SECTEUR;terme_generique;428_55;AUXILIAIRE DE L'ENTREPRISE SECTEUR;https://aciege.org/Dct/Fra/Fra_428_55.html
428;428_73;ETABLISSEMENT FINANCIER SECTEUR;terme_generique;428_55;AUXILIAIRE DE L'ENTREPRISE SECTEUR;https://aciege.org/Dct/Fra/Fra_428_55.html
428;428_73;ETABLISSEMENT FINANCIER SECTEUR;terme_specifique;428_81;ASSURANCE SECTEUR;https://aciege.org/Dct/Fra/Fra_428_81.html
428;428_73;ETABLISSEMENT FINANCIER SECTEUR;terme_specifique;428_93;BANQUE SECTEUR;https://aciege.org/Dct/Fra/Fra_428_93.html
428;428_73;ETABLISSEMENT FINANCIER SECTEUR;terme_specifique;428_91;SOCIETE DE BOURSE SECTEUR;https://aciege.org/Dct/Fra/Fra_428_91.html
428;428_73;ETABLISSEMENT FINANCIER SECTEUR;terme_specifique;428_92;SOCIETE D'INVESTISSEMENT SECTEUR;https://aciege.org/Dct/Fra/Fra_428_92.html
428;428_01;IMMOBILIER SECTEUR;terme_generique;428_12;CESSION ET GESTION DE BIEN INDUSTRIEL ET COMMERCIAL SECTEUR;https://aciege.org/Dct/Fra/Fra_428_12.html
428;428_01;IMMOBILIER SECTEUR;employe_pour;Ag_2409;Agence immobilière secteur;https://aciege.org/Dct/Fra/Ag_2409.html
428;428_24;LOCATION DE MATERIEL SECTEUR;terme_generique;428_55;AUXILIAIRE DE L'ENTREPRISE SECTEUR;https://aciege.org/Dct/Fra/Fra_428_55.html
428;428_59;LOCATION DE VEHICULE SECTEUR;terme_generique;428_66;TRANSPORT SECTEUR;https://aciege.org/Dct/Fra/Fra_428_66.html
428;428_36;MAINTENANCE SECTEUR;terme_generique;428_55;AUXILIAIRE DE L'ENTREPRISE SECTEUR;https://aciege.org/Dct/Fra/Fra_428_55.html
428;428_36;MAINTENANCE SECTEUR;terme_specifique;428_16;NETTOYAGE SECTEUR;https://aciege.org/Dct/Fra/Fra_428_16.html
428;428_36;MAINTENANCE SECTEUR;terme_specifique;428_17;SURVEILLANCE ET SECURITE SECTEUR;https://aciege.org/Dct/Fra/Fra_428_17.html
428;428_16;NETTOYAGE SECTEUR;terme_generique;428_36;MAINTENANCE SECTEUR;https://aciege.org/Dct/Fra/Fra_428_36.html
428;428_02;OFFICE MINISTERIEL SECTEUR;terme_generique;428_12;CESSION ET GESTION DE BIEN INDUSTRIEL ET COMMERCIAL SECTEUR;https://aciege.org/Dct/Fra/Fra_428_12.html
428;428_61;REGIE PUBLICITAIRE SECTEUR;terme_generique;428_53;CONSEIL RECHERCHE ET ETUDE SECTEUR;https://aciege.org/Dct/Fra/Fra_428_53.html
428;428_56;SERVICE POSTAL;terme_specifique;224_54;TELECOMMUNICATION;https://aciege.org/Dct/Fra/Fra_224_54.html
428;428_92;SOCIETE D'INVESTISSEMENT SECTEUR;terme_generique;428_73;ETABLISSEMENT FINANCIER SECTEUR;https://aciege.org/Dct/Fra/Fra_428_73.html
428;428_91;SOCIETE DE BOURSE SECTEUR;terme_generique;428_73;ETABLISSEMENT FINANCIER SECTEUR;https://aciege.org/Dct/Fra/Fra_428_73.html
428;428_30;SOCIETE DE SERVICE INFORMATIQUE SECTEUR;terme_generique;428_53;CONSEIL RECHERCHE ET ETUDE SECTEUR;https://aciege.org/Dct/Fra/Fra_428_53.html
428;428_17;SURVEILLANCE ET SECURITE SECTEUR;terme_generique;428_36;MAINTENANCE SECTEUR;https://aciege.org/Dct/Fra/Fra_428_36.html
428;428_31;TRADUCTION SECTEUR;terme_generique;428_53;CONSEIL RECHERCHE ET ETUDE SECTEUR;https://aciege.org/Dct/Fra/Fra_428_53.html
428;428_99;TRANSPORT AERIEN SECTEUR;terme_generique;428_66;TRANSPORT SECTEUR;https://aciege.org/Dct/Fra/Fra_428_66.html
428;428_75;TRANSPORT DE MARCHANDISE SECTEUR;terme_generique;428_66;TRANSPORT SECTEUR;https://aciege.org/Dct/Fra/Fra_428_66.html
428;428_85;TRANSPORT DE PASSAGER SECTEUR;terme_generique;428_66;TRANSPORT SECTEUR;https://aciege.org/Dct/Fra/Fra_428_66.html
428;428_98;TRANSPORT FERROVIAIRE SECTEUR;terme_generique;428_66;TRANSPORT SECTEUR;https://aciege.org/Dct/Fra/Fra_428_66.html
428;428_89;TRANSPORT FLUVIAL SECTEUR;terme_generique;428_66;TRANSPORT SECTEUR;https://aciege.org/Dct/Fra/Fra_428_66.html
428;428_79;TRANSPORT MARITIME SECTEUR;terme_generique;428_66;TRANSPORT SECTEUR;https://aciege.org/Dct/Fra/Fra_428_66.html
428;428_87;TRANSPORT ROUTIER SECTEUR;terme_generique;428_66;TRANSPORT SECTEUR;https://aciege.org/Dct/Fra/Fra_428_66.html
428;428_66;TRANSPORT SECTEUR;terme_generique;428_55;AUXILIAIRE DE L'ENTREPRISE SECTEUR;https://aciege.org/Dct/Fra/Fra_428_55.html
428;428_66;TRANSPORT SECTEUR;terme_specifique;428_69;AUXILIAIRE DE TRANSPORT SECTEUR;https://aciege.org/Dct/Fra/Fra_428_69.html
428;428_66;TRANSPORT SECTEUR;terme_specifique;428_48;DEMENAGEMENT SECTEUR;https://aciege.org/Dct/Fra/Fra_428_48.html
428;428_66;TRANSPORT SECTEUR;terme_specifique;428_59;LOCATION DE VEHICULE SECTEUR;https://aciege.org/Dct/Fra/Fra_428_59.html
428;428_66;TRANSPORT SECTEUR;terme_specifique;428_99;TRANSPORT AERIEN SECTEUR;https://aciege.org/Dct/Fra/Fra_428_99.html
428;428_66;TRANSPORT SECTEUR;terme_specifique;428_75;TRANSPORT DE MARCHANDISE SECTEUR;https://aciege.org/Dct/Fra/Fra_428_75.html
428;428_66;TRANSPORT SECTEUR;terme_specifique;428_85;TRANSPORT DE PASSAGER SECTEUR;https://aciege.org/Dct/Fra/Fra_428_85.html
428;428_66;TRANSPORT SECTEUR;terme_specifique;428_98;TRANSPORT FERROVIAIRE SECTEUR;https://aciege.org/Dct/Fra/Fra_428_98.html
428;428_66;TRANSPORT SECTEUR;terme_specifique;428_89;TRANSPORT FLUVIAL SECTEUR;https://aciege.org/Dct/Fra/Fra_428_89.html
428;428_66;TRANSPORT SECTEUR;terme_specifique;428_79;TRANSPORT MARITIME SECTEUR;https://aciege.org/Dct/Fra/Fra_428_79.html
428;428_66;TRANSPORT SECTEUR;terme_specifique;428_87;TRANSPORT ROUTIER SECTEUR;https://aciege.org/Dct/Fra/Fra_428_87.html
428;428_66;TRANSPORT SECTEUR;terme_specifique;428_96;TRANSPORT URBAIN SECTEUR;https://aciege.org/Dct/Fra/Fra_428_96.html
428;428_96;TRANSPORT URBAIN SECTEUR;terme_generique;428_66;TRANSPORT SECTEUR;https://aciege.org/Dct/Fra/Fra_428_66.html
428;428_43;TRAVAIL A FACON SECTEUR;terme_generique;428_55;AUXILIAIRE DE L'ENTREPRISE SECTEUR;https://aciege.org/Dct/Fra/Fra_428_55.html
429;429_21;AUDIOVISUEL SECTEUR;terme_generique;429_42;ORGANISME CULTUREL ET SPORTIF SECTEUR;https://aciege.org/Dct/Fra/Fra_429_42.html
429;429_21;AUDIOVISUEL SECTEUR;terme_specifique;429_02;CINEMA SECTEUR;https://aciege.org/Dct/Fra/Fra_429_02.html
429;429_21;AUDIOVISUEL SECTEUR;terme_specifique;429_01;RADIO SECTEUR;https://aciege.org/Dct/Fra/Fra_429_01.html
429;429_21;AUDIOVISUEL SECTEUR;terme_specifique;429_10;TELEVISION SECTEUR;https://aciege.org/Dct/Fra/Fra_429_10.html
429;429_15;BAR SECTEUR;terme_generique;429_25;RESTAURATION SECTEUR;https://aciege.org/Dct/Fra/Fra_429_25.html
429;429_76;CASH AND CARRY SECTEUR;terme_generique;429_65;COMMERCE DE GROS SECTEUR;https://aciege.org/Dct/Fra/Fra_429_65.html
429;429_86;CENTRALE D'ACHAT SECTEUR;terme_generique;429_65;COMMERCE DE GROS SECTEUR;https://aciege.org/Dct/Fra/Fra_429_65.html
429;429_02;CINEMA SECTEUR;terme_generique;429_21;AUDIOVISUEL SECTEUR;https://aciege.org/Dct/Fra/Fra_429_21.html
429;429_72;COIFFURE SECTEUR;terme_generique;429_53;SERVICES DIVERS SECTEUR;https://aciege.org/Dct/Fra/Fra_429_53.html
429;429_66;COMMERCE DE DEMI-GROS SECTEUR;terme_generique;429_55;SERVICE SECTEUR;https://aciege.org/Dct/Fra/Fra_429_55.html
429;429_67;COMMERCE DE DETAIL ALIMENTAIRE SECTEUR;terme_generique;429_57;COMMERCE DE DETAIL SECTEUR;https://aciege.org/Dct/Fra/Fra_429_57.html
429;429_57;COMMERCE DE DETAIL SECTEUR;terme_generique;429_55;SERVICE SECTEUR;https://aciege.org/Dct/Fra/Fra_429_55.html
429;429_57;COMMERCE DE DETAIL SECTEUR;terme_specifique;429_67;COMMERCE DE DETAIL ALIMENTAIRE SECTEUR;https://aciege.org/Dct/Fra/Fra_429_67.html
429;429_57;COMMERCE DE DETAIL SECTEUR;terme_specifique;429_78;COMMERCE DE DETAIL SPECIALISE SECTEUR;https://aciege.org/Dct/Fra/Fra_429_78.html
429;429_57;COMMERCE DE DETAIL SECTEUR;terme_specifique;429_49;COMMERCE ITINERANT SECTEUR;https://aciege.org/Dct/Fra/Fra_429_49.html
429;429_57;COMMERCE DE DETAIL SECTEUR;terme_specifique;429_48;DISCOUNT SECTEUR;https://aciege.org/Dct/Fra/Fra_429_48.html
429;429_57;COMMERCE DE DETAIL SECTEUR;terme_specifique;429_79;GRANDE DISTRIBUTION SECTEUR;https://aciege.org/Dct/Fra/Fra_429_79.html
429;429_57;COMMERCE DE DETAIL SECTEUR;terme_specifique;429_47;MAGASIN A SUCCURSALES SECTEUR;https://aciege.org/Dct/Fra/Fra_429_47.html
429;429_57;COMMERCE DE DETAIL SECTEUR;terme_specifique;429_69;MAGASIN POPULAIRE SECTEUR;https://aciege.org/Dct/Fra/Fra_429_69.html
429;429_78;COMMERCE DE DETAIL SPECIALISE SECTEUR;terme_generique;429_57;COMMERCE DE DETAIL SECTEUR;https://aciege.org/Dct/Fra/Fra_429_57.html
429;429_74;COMMERCE DE GROS ALIMENTAIRE SECTEUR;terme_generique;429_65;COMMERCE DE GROS SECTEUR;https://aciege.org/Dct/Fra/Fra_429_65.html
429;429_65;COMMERCE DE GROS SECTEUR;terme_generique;429_55;SERVICE SECTEUR;https://aciege.org/Dct/Fra/Fra_429_55.html
429;429_65;COMMERCE DE GROS SECTEUR;terme_specifique;429_76;CASH AND CARRY SECTEUR;https://aciege.org/Dct/Fra/Fra_429_76.html
429;429_65;COMMERCE DE GROS SECTEUR;terme_specifique;429_86;CENTRALE D'ACHAT SECTEUR;https://aciege.org/Dct/Fra/Fra_429_86.html
429;429_65;COMMERCE DE GROS SECTEUR;terme_specifique;429_74;COMMERCE DE GROS ALIMENTAIRE SECTEUR;https://aciege.org/Dct/Fra/Fra_429_74.html
429;429_65;COMMERCE DE GROS SECTEUR;terme_specifique;429_94;COMMERCE DE GROS SPECIALISE SECTEUR;https://aciege.org/Dct/Fra/Fra_429_94.html
429;429_65;COMMERCE DE GROS SECTEUR;terme_specifique;429_84;COMMERCE INTER-INDUSTRIEL SECTEUR;https://aciege.org/Dct/Fra/Fra_429_84.html
429;429_65;COMMERCE DE GROS SECTEUR;terme_specifique;429_96;IMPORT EXPORT SECTEUR;https://aciege.org/Dct/Fra/Fra_429_96.html
429;429_65;COMMERCE DE GROS SECTEUR;terme_specifique;429_95;NEGOCE SECTEUR;https://aciege.org/Dct/Fra/Fra_429_95.html
429;429_94;COMMERCE DE GROS SPECIALISE SECTEUR;terme_generique;429_65;COMMERCE DE GROS SECTEUR;https://aciege.org/Dct/Fra/Fra_429_65.html
429;429_84;COMMERCE INTER-INDUSTRIEL SECTEUR;terme_generique;429_65;COMMERCE DE GROS SECTEUR;https://aciege.org/Dct/Fra/Fra_429_65.html
429;429_49;COMMERCE ITINERANT SECTEUR;terme_generique;429_57;COMMERCE DE DETAIL SECTEUR;https://aciege.org/Dct/Fra/Fra_429_57.html
429;429_48;DISCOUNT SECTEUR;terme_generique;429_57;COMMERCE DE DETAIL SECTEUR;https://aciege.org/Dct/Fra/Fra_429_57.html
429;429_33;ENSEIGNEMENT SECTEUR;terme_generique;429_55;SERVICE SECTEUR;https://aciege.org/Dct/Fra/Fra_429_55.html
429;429_79;GRANDE DISTRIBUTION SECTEUR;terme_generique;429_57;COMMERCE DE DETAIL SECTEUR;https://aciege.org/Dct/Fra/Fra_429_57.html
429;429_79;GRANDE DISTRIBUTION SECTEUR;employe_pour;Gr_2945;Grande surface secteur;https://aciege.org/Dct/Fra/Gr_2945.html
429;429_36;HOTELLERIE SECTEUR;terme_generique;429_55;SERVICE SECTEUR;https://aciege.org/Dct/Fra/Fra_429_55.html
429;429_36;HOTELLERIE SECTEUR;employe_pour;He_2969;Hébergement touristique;https://aciege.org/Dct/Fra/He_2969.html
429;429_96;IMPORT EXPORT SECTEUR;terme_generique;429_65;COMMERCE DE GROS SECTEUR;https://aciege.org/Dct/Fra/Fra_429_65.html
429;429_71;INSTITUT DE BEAUTE SECTEUR;terme_generique;429_53;SERVICES DIVERS SECTEUR;https://aciege.org/Dct/Fra/Fra_429_53.html
429;429_47;MAGASIN A SUCCURSALES SECTEUR;terme_generique;429_57;COMMERCE DE DETAIL SECTEUR;https://aciege.org/Dct/Fra/Fra_429_57.html
429;429_69;MAGASIN POPULAIRE SECTEUR;terme_generique;429_57;COMMERCE DE DETAIL SECTEUR;https://aciege.org/Dct/Fra/Fra_429_57.html
429;429_35;MEDICO-SOCIAL SECTEUR;terme_generique;429_55;SERVICE SECTEUR;https://aciege.org/Dct/Fra/Fra_429_55.html
429;429_95;NEGOCE SECTEUR;terme_generique;429_65;COMMERCE DE GROS SECTEUR;https://aciege.org/Dct/Fra/Fra_429_65.html
429;429_42;ORGANISME CULTUREL ET SPORTIF SECTEUR;terme_generique;429_55;SERVICE SECTEUR;https://aciege.org/Dct/Fra/Fra_429_55.html
429;429_42;ORGANISME CULTUREL ET SPORTIF SECTEUR;terme_specifique;429_21;AUDIOVISUEL SECTEUR;https://aciege.org/Dct/Fra/Fra_429_21.html
429;429_51;POMPES FUNEBRES SECTEUR;terme_generique;429_53;SERVICES DIVERS SECTEUR;https://aciege.org/Dct/Fra/Fra_429_53.html
429;429_01;RADIO SECTEUR;terme_generique;429_21;AUDIOVISUEL SECTEUR;https://aciege.org/Dct/Fra/Fra_429_21.html
429;429_16;RESTAURATION RAPIDE SECTEUR;terme_generique;429_25;RESTAURATION SECTEUR;https://aciege.org/Dct/Fra/Fra_429_25.html
429;429_25;RESTAURATION SECTEUR;terme_generique;429_55;SERVICE SECTEUR;https://aciege.org/Dct/Fra/Fra_429_55.html
429;429_25;RESTAURATION SECTEUR;terme_specifique;429_15;BAR SECTEUR;https://aciege.org/Dct/Fra/Fra_429_15.html
429;429_25;RESTAURATION SECTEUR;terme_specifique;429_16;RESTAURATION RAPIDE SECTEUR;https://aciege.org/Dct/Fra/Fra_429_16.html
429;429_44;SERVICE A LA PERSONNE SECTEUR;terme_generique;429_55;SERVICE SECTEUR;https://aciege.org/Dct/Fra/Fra_429_55.html
429;429_55;SERVICE SECTEUR;terme_specifique;429_66;COMMERCE DE DEMI-GROS SECTEUR;https://aciege.org/Dct/Fra/Fra_429_66.html
429;429_55;SERVICE SECTEUR;terme_specifique;429_57;COMMERCE DE DETAIL SECTEUR;https://aciege.org/Dct/Fra/Fra_429_57.html
429;429_55;SERVICE SECTEUR;terme_specifique;429_65;COMMERCE DE GROS SECTEUR;https://aciege.org/Dct/Fra/Fra_429_65.html
429;429_55;SERVICE SECTEUR;terme_specifique;429_33;ENSEIGNEMENT SECTEUR;https://aciege.org/Dct/Fra/Fra_429_33.html
429;429_55;SERVICE SECTEUR;terme_specifique;429_36;HOTELLERIE SECTEUR;https://aciege.org/Dct/Fra/Fra_429_36.html
429;429_55;SERVICE SECTEUR;terme_specifique;429_35;MEDICO-SOCIAL SECTEUR;https://aciege.org/Dct/Fra/Fra_429_35.html
429;429_55;SERVICE SECTEUR;terme_specifique;429_42;ORGANISME CULTUREL ET SPORTIF SECTEUR;https://aciege.org/Dct/Fra/Fra_429_42.html
429;429_55;SERVICE SECTEUR;terme_specifique;429_25;RESTAURATION SECTEUR;https://aciege.org/Dct/Fra/Fra_429_25.html
429;429_55;SERVICE SECTEUR;terme_specifique;429_44;SERVICE A LA PERSONNE SECTEUR;https://aciege.org/Dct/Fra/Fra_429_44.html
429;429_55;SERVICE SECTEUR;terme_specifique;429_53;SERVICES DIVERS SECTEUR;https://aciege.org/Dct/Fra/Fra_429_53.html
429;429_53;SERVICES DIVERS SECTEUR;terme_generique;429_55;SERVICE SECTEUR;https://aciege.org/Dct/Fra/Fra_429_55.html
429;429_53;SERVICES DIVERS SECTEUR;terme_specifique;429_72;COIFFURE SECTEUR;https://aciege.org/Dct/Fra/Fra_429_72.html
429;429_53;SERVICES DIVERS SECTEUR;terme_specifique;429_71;INSTITUT DE BEAUTE SECTEUR;https://aciege.org/Dct/Fra/Fra_429_71.html
429;429_53;SERVICES DIVERS SECTEUR;terme_specifique;429_51;POMPES FUNEBRES SECTEUR;https://aciege.org/Dct/Fra/Fra_429_51.html
429;429_53;SERVICES DIVERS SECTEUR;terme_specifique;429_63;THERMALISME SECTEUR;https://aciege.org/Dct/Fra/Fra_429_63.html
429;429_10;TELEVISION SECTEUR;terme_generique;429_21;AUDIOVISUEL SECTEUR;https://aciege.org/Dct/Fra/Fra_429_21.html
429;429_63;THERMALISME SECTEUR;terme_generique;429_53;SERVICES DIVERS SECTEUR;https://aciege.org/Dct/Fra/Fra_429_53.html
429;429_63;THERMALISME SECTEUR;employe_pour;Th_3557;Thalassothérapie secteur;https://aciege.org/Dct/Fra/Th_3557.html
